L 98.9000, 771.6000, -70.3000,  86.8000, 776.8000, -66.9000,  150, 150, 150
L 98.9000, 771.6000, -70.3000,  91.8000, 772.8000, -68.4000,  102, 0, 204
L 106.3000, 767.4000, -70.4000,  105.5000, 769.3000, -71.4000,  102, 0, 204
L -113.2000, 565.1000, -42.0000,  -113.2000, 561.8000, -42.0000,  205, 133, 63
L -113.2000, 561.8000, -42.0000,  -116.9000, 561.8000, -42.0000,  178, 102, 255
L -113.2000, 565.1000, -42.0000,  -111.3000, 565.1000, -42.0000,  205, 133, 63
L -113.2000, 567.9000, -42.0000,  -113.2000, 571.7000, -42.0000,  205, 133, 63
L -113.2000, 571.7000, -42.0000,  -116.9000, 571.7000, -42.0000,  178, 102, 255
L -113.2000, 567.9000, -42.0000,  -111.3000, 567.9000, -42.0000,  205, 133, 63
L -115.0000, 565.1000, -42.0000,  -113.2000, 565.1000, -42.0000,  205, 133, 63
L -115.0000, 567.9000, -42.0000,  -115.0000, 565.1000, -42.0000,  205, 133, 63
L -115.0000, 567.9000, -42.0000,  -113.2000, 567.9000, -42.0000,  205, 133, 63
L -111.3000, 567.9000, -42.0000,  -111.3000, 565.1000, -42.0000,  205, 133, 63
L -139.0000, 664.0000, -70.0000,  -139.0000, 684.0000, -70.0000,  102, 0, 204
L -121.0000, 644.0000, -70.0000,  -139.0000, 644.0000, -70.0000,  102, 0, 204
L -115.3000, 644.0000, -70.0000,  -121.0000, 644.0000, -70.0000,  102, 0, 204
L -84.0000, 658.2000, -70.0000,  -84.0000, 644.0000, -70.0000,  102, 0, 204
L -84.0000, 666.6000, -70.0000,  -84.0000, 658.2000, -70.0000,  102, 0, 204
L -98.0000, 687.2000, -70.0000,  -98.0000, 684.0000, -70.0000,  102, 0, 204
L -111.0000, 695.0000, -70.0000,  -111.0000, 684.0000, -70.0000,  102, 0, 204
L -106.8000, 712.0000, -70.0000,  -111.0000, 712.0000, -70.0000,  102, 0, 204
L -17.4000, 700.0000, -70.0000,  24.0000, 700.0000, -70.0000,  102, 0, 204
L -28.0000, 693.4000, -70.0000,  -28.0000, 700.0000, -70.0000,  102, 0, 204
L -28.0000, 675.0000, -70.0000,  -28.0000, 693.4000, -70.0000,  102, 0, 204
L 78.1000, 950.3000, -69.0000,  81.2000, 950.3000, -69.0000,  205, 133, 63
L 81.2000, 950.3000, -69.0000,  81.2000, 947.0000, -69.0000,  102, 0, 204
L 78.1000, 950.3000, -69.0000,  78.1000, 951.9000, -69.0000,  205, 133, 63
L 78.1000, 948.6000, -69.0000,  78.1000, 950.3000, -69.0000,  205, 133, 63
L 75.1000, 951.9000, -69.0000,  78.1000, 951.9000, -69.0000,  205, 133, 63
L 75.1000, 948.6000, -69.0000,  78.1000, 948.6000, -69.0000,  205, 133, 63
L 75.1000, 948.6000, -69.0000,  75.1000, 951.9000, -69.0000,  205, 133, 63
L 72.0000, 950.3000, -69.0000,  75.1000, 950.3000, -69.0000,  205, 133, 63
L 72.0000, 950.3000, -69.0000,  72.0000, 953.5000, -69.0000,  102, 0, 204
L 72.0000, 947.0000, -69.0000,  72.0000, 950.3000, -69.0000,  102, 0, 204
L 81.2000, 947.0000, -69.0000,  83.0000, 947.0000, -69.0000,  102, 0, 204
L 81.2000, 953.5000, -69.0000,  81.2000, 950.3000, -69.0000,  102, 0, 204
L 72.0000, 953.5000, -69.0000,  68.2000, 953.5000, -69.0000,  102, 0, 204
L 147.0000, 992.4000, -68.5000,  144.5000, 991.4000, -68.5000,  102, 0, 204
L 85.9000, 952.5000, -69.0000,  86.0000, 953.5000, -69.0000,  102, 0, 204
L 86.0000, 953.5000, -69.0000,  81.2000, 953.5000, -69.0000,  102, 0, 204
L 68.1000, 952.5000, -69.0000,  68.2000, 953.5000, -69.0000,  102, 0, 204
L 127.8000, 984.7000, -69.0000,  111.1000, 978.0000, -69.0000,  102, 0, 204
L 68.1000, 952.5000, -69.0000,  28.9000, 952.5000, -69.0000,  102, 0, 204
L 85.9000, 952.5000, -69.0000,  111.1000, 952.5000, -69.0000,  102, 0, 204
L 28.9000, 1006.7000, -69.0000,  111.1000, 1006.7000, -69.0000,  102, 0, 204
L 111.1000, 965.7000, -69.0000,  111.1000, 952.5000, -69.0000,  102, 0, 204
L 28.9000, 952.5000, -69.0000,  28.9000, 1006.7000, -69.0000,  102, 0, 204
L 111.1000, 1006.7000, -69.0000,  111.1000, 978.0000, -69.0000,  102, 0, 204
L 100.7000, 974.6000, -69.0000,  100.5000, 968.5000, -69.0000,  150, 150, 150
L 96.3000, 977.1000, -69.0000,  100.7000, 974.6000, -69.0000,  150, 150, 150
L 92.6000, 975.4000, -69.0000,  96.3000, 977.1000, -69.0000,  150, 150, 150
L 100.5000, 968.5000, -69.0000,  94.4000, 965.9000, -69.0000,  150, 150, 150
L 63.7000, 955.5000, -69.0000,  55.7000, 960.9000, -69.0000,  150, 150, 150
L 60.5000, 965.0000, -69.0000,  67.8000, 960.1000, -69.0000,  150, 150, 150
L 94.4000, 965.9000, -69.0000,  93.2000, 967.3000, -69.0000,  150, 150, 150
L 93.2000, 967.3000, -69.0000,  92.6000, 975.4000, -69.0000,  150, 150, 150
L 67.8000, 960.1000, -69.0000,  63.7000, 955.5000, -69.0000,  150, 150, 150
L 55.7000, 960.9000, -69.0000,  60.5000, 965.0000, -69.0000,  150, 150, 150
L 83.0000, 947.0000, -69.0000,  83.0000, 908.0000, -69.0000,  102, 0, 204
L 126.0000, 966.0000, -69.0000,  111.0000, 966.0000, -69.0000,  102, 0, 204
L 70.0000, 947.0000, -69.0000,  70.0000, 908.0000, -69.0000,  102, 0, 204
L 70.0000, 947.0000, -69.0000,  72.0000, 947.0000, -69.0000,  102, 0, 204
L 144.5000, 991.4000, -68.5000,  127.8000, 984.7000, -68.8000,  102, 0, 204
L -81.1000, 839.6000, -70.0000,  -77.9000, 835.6000, -70.0000,  150, 150, 150
L -81.1000, 839.6000, -70.0000,  -81.1000, 835.4000, -70.0000,  102, 0, 204
L 179.1000, 952.0000, -70.0000,  157.9000, 952.0000, -70.0000,  102, 0, 204
L 157.9000, 952.0000, -70.0000,  140.0000, 952.0000, -70.0000,  102, 0, 204
L 178.0000, 1004.8000, -68.0000,  147.0000, 992.4000, -68.5000,  102, 0, 204
L 198.8000, 997.1000, -69.9000,  181.0000, 1006.0000, -68.0000,  102, 0, 204
L 237.0000, 887.5000, -69.0000,  237.0000, 894.0000, -69.0000,  102, 0, 204
L 237.0000, 873.4000, -69.0000,  237.0000, 887.5000, -69.0000,  102, 0, 204
L 72.9000, 739.8000, -70.0000,  72.9000, 745.6000, -70.0000,  102, 0, 204
L 70.9000, 745.6000, -70.0000,  72.9000, 745.6000, -70.0000,  102, 0, 204
L 72.9000, 739.8000, -70.0000,  68.1000, 739.8000, -70.0000,  102, 0, 204
L 68.1000, 740.8000, -70.0000,  68.1000, 739.8000, -70.0000,  102, 0, 204
L 98.9000, 442.7000, -70.5000,  96.3000, 434.4000, -70.9000,  102, 0, 204
L 104.4000, 442.9000, -70.4000,  98.9000, 442.7000, -70.5000,  102, 0, 204
L 105.2000, 446.6000, -70.2000,  104.4000, 442.9000, -70.4000,  102, 0, 204
L 111.7000, 446.8000, -68.1000,  105.2000, 446.6000, -70.2000,  102, 0, 204
L 113.1000, 442.3000, -70.2000,  111.7000, 446.8000, -68.1000,  102, 0, 204
L 53.9000, 501.2000, -70.0000,  52.3000, 506.3000, -66.8000,  150, 150, 150
L 46.8000, 495.8000, -70.0000,  53.9000, 501.2000, -70.0000,  150, 150, 150
L 42.0000, 502.6000, -70.0000,  46.8000, 495.8000, -70.0000,  150, 150, 150
L -54.2000, 380.4000, -70.0000,  -57.7000, 392.3000, -70.0000,  102, 0, 204
L -51.1000, 376.4000, -70.0000,  -54.2000, 380.4000, -70.0000,  102, 0, 204
L -35.0000, 379.2000, -70.1000,  -51.1000, 376.4000, -70.0000,  102, 0, 204
L -34.2000, 394.0000, -69.3000,  -35.0000, 379.2000, -70.1000,  102, 0, 204
L 8.6000, 388.6000, -68.3000,  4.7000, 374.2000, -70.4000,  150, 150, 150
L 17.4000, 386.6000, -69.7000,  8.6000, 388.6000, -68.3000,  150, 150, 150
L 163.2000, 419.7000, -75.0000,  165.6000, 422.6000, -71.2000,  150, 150, 150
L 155.8000, 421.8000, -74.7000,  163.2000, 419.7000, -75.0000,  150, 150, 150
L 154.8000, 424.5000, -74.3000,  155.8000, 421.8000, -74.7000,  150, 150, 150
L 161.2000, 431.3000, -72.3000,  154.8000, 424.5000, -74.3000,  150, 150, 150
L 135.8000, 467.5000, -68.4000,  139.0000, 468.1000, -68.3000,  150, 150, 150
L 133.7000, 479.8000, -67.9000,  135.8000, 467.5000, -68.4000,  150, 150, 150
L 139.0000, 480.9000, -67.7000,  133.7000, 479.8000, -67.9000,  150, 150, 150
L 113.6000, 490.2000, -67.8000,  129.2000, 499.3000, -67.0000,  150, 150, 150
L 106.8000, 488.8000, -68.1000,  113.6000, 490.2000, -67.8000,  150, 150, 150
L 103.1000, 497.6000, -67.7000,  106.8000, 488.8000, -68.1000,  150, 150, 150
L 95.8000, 519.9000, -70.0000,  103.1000, 497.6000, -67.7000,  150, 150, 150
L 111.1000, 517.9000, -70.0000,  95.8000, 519.9000, -70.0000,  150, 150, 150
L 89.0000, 562.9000, -70.0000,  84.9000, 561.2000, -70.0000,  150, 150, 150
L 90.2000, 573.2000, -70.0000,  89.0000, 562.9000, -70.0000,  150, 150, 150
L 84.9000, 576.2000, -71.0000,  90.2000, 573.2000, -70.0000,  150, 150, 150
L -104.1000, 710.1000, -70.0000,  -106.8000, 712.0000, -70.0000,  150, 150, 150
L -99.6000, 709.7000, -70.0000,  -104.1000, 710.1000, -70.0000,  150, 150, 150
L -101.3000, 701.8000, -70.0000,  -99.6000, 709.7000, -70.0000,  150, 150, 150
L -111.0000, 695.0000, -70.0000,  -101.3000, 701.8000, -70.0000,  150, 150, 150
L -133.4000, 664.3000, -70.0000,  -139.0000, 664.0000, -70.0000,  150, 150, 150
L -124.8000, 652.4000, -70.0000,  -133.4000, 664.3000, -70.0000,  150, 150, 150
L -121.0000, 644.0000, -70.0000,  -124.8000, 652.4000, -70.0000,  150, 150, 150
L -113.9000, 650.4000, -70.0000,  -115.3000, 644.0000, -70.0000,  150, 150, 150
L -107.0000, 657.5000, -70.0000,  -113.9000, 650.4000, -70.0000,  150, 150, 150
L -95.2000, 660.2000, -69.7000,  -107.0000, 657.5000, -70.0000,  150, 150, 150
L -84.0000, 658.2000, -70.0000,  -95.2000, 660.2000, -69.7000,  150, 150, 150
L -87.9000, 663.4000, -70.0000,  -84.0000, 666.6000, -70.0000,  150, 150, 150
L -97.5000, 672.8000, -69.7000,  -87.9000, 663.4000, -70.0000,  150, 150, 150
L -101.6000, 683.8000, -70.0000,  -97.5000, 672.8000, -69.7000,  150, 150, 150
L -98.0000, 687.2000, -70.0000,  -101.6000, 683.8000, -70.0000,  150, 150, 150
L -41.0000, 734.3000, -70.0000,  -28.9000, 734.0000, -69.4000,  150, 150, 150
L -41.0000, 734.3000, -70.0000,  -41.0000, 712.0000, -70.0000,  102, 0, 204
L -28.0000, 675.0000, -70.0000,  -41.1000, 668.2000, -69.6000,  150, 150, 150
L -29.8000, 702.8000, -70.0000,  -28.0000, 693.4000, -70.0000,  150, 150, 150
L -23.6000, 706.5000, -67.4000,  -29.8000, 702.8000, -70.0000,  150, 150, 150
L -18.8000, 707.1000, -70.0000,  -23.6000, 706.5000, -67.4000,  150, 150, 150
L -17.4000, 704.7000, -70.0000,  -18.8000, 707.1000, -70.0000,  150, 150, 150
L -17.4000, 700.0000, -70.0000,  -17.4000, 704.7000, -70.0000,  150, 150, 150
L 124.0000, 737.2000, -72.1000,  106.5000, 733.9000, -70.5000,  150, 150, 150
L 124.9000, 755.2000, -72.7000,  124.0000, 737.2000, -72.1000,  150, 150, 150
L 106.3000, 767.4000, -70.4000,  124.9000, 755.2000, -72.7000,  150, 150, 150
L 132.2000, 708.1000, -70.0000,  150.0000, 712.0000, -71.0000,  150, 150, 150
L 235.1000, 867.9000, -70.0000,  237.0000, 873.4000, -69.0000,  102, 0, 204
L 224.2000, 870.6000, -70.0000,  235.1000, 867.9000, -70.0000,  102, 0, 204
L 229.6000, 882.3000, -70.0000,  224.2000, 870.6000, -70.0000,  102, 0, 204
L 237.0000, 887.5000, -69.0000,  229.6000, 882.3000, -70.0000,  102, 0, 204
L 160.6000, 958.3000, -66.1000,  157.9000, 952.0000, -70.0000,  150, 150, 150
L 150.1000, 959.7000, -71.2000,  160.6000, 958.3000, -66.1000,  150, 150, 150
L 150.5000, 966.2000, -71.3000,  150.1000, 959.7000, -71.2000,  150, 150, 150
L 160.4000, 963.8000, -70.3000,  150.5000, 966.2000, -71.3000,  150, 150, 150
L 161.1000, 969.0000, -71.4000,  160.4000, 963.8000, -70.3000,  150, 150, 150
L 183.4000, 964.6000, -71.3000,  161.1000, 969.0000, -71.4000,  150, 150, 150
L 179.1000, 952.0000, -70.0000,  183.4000, 964.6000, -71.3000,  150, 150, 150
L 181.1000, 991.9000, -71.9000,  198.8000, 997.1000, -69.9000,  150, 150, 150
L 178.0000, 1004.8000, -68.0000,  181.1000, 991.9000, -71.9000,  150, 150, 150
L 162.0000, 525.9000, -42.0000,  154.0000, 526.6000, -42.0000,  178, 102, 255
L 164.5000, 521.5000, -42.0000,  162.0000, 525.9000, -42.0000,  178, 102, 255
L 162.9000, 518.0000, -42.0000,  164.5000, 521.5000, -42.0000,  178, 102, 255
L 234.4000, 451.0000, -42.0000,  227.4000, 445.0000, -42.0000,  150, 150, 150
L 225.2000, 461.3000, -42.0000,  234.4000, 451.0000, -42.0000,  150, 150, 150
L 224.8000, 466.6000, -42.0000,  225.2000, 461.3000, -42.0000,  150, 150, 150
L 223.3000, 469.2000, -42.0000,  224.8000, 466.6000, -42.0000,  150, 150, 150
L 216.6000, 469.6000, -42.0000,  223.3000, 469.2000, -42.0000,  150, 150, 150
L 212.9000, 465.5000, -42.0000,  216.6000, 469.6000, -42.0000,  150, 150, 150
L 227.4000, 445.0000, -42.0000,  212.9000, 465.5000, -42.0000,  150, 150, 150
L 154.2000, 354.0000, -38.7000,  151.5000, 352.6000, -39.8000,  178, 102, 255
L 156.1000, 351.3000, -38.1000,  154.2000, 354.0000, -38.8000,  178, 102, 255
L 161.6000, 356.7000, -40.6000,  156.1000, 351.3000, -38.1000,  178, 102, 255
L 167.7000, 358.8000, -41.2000,  161.6000, 356.7000, -40.6000,  178, 102, 255
L 174.1000, 354.8000, -40.1000,  167.7000, 358.8000, -41.2000,  178, 102, 255
L 178.1000, 356.2000, -41.7000,  174.1000, 354.8000, -40.1000,  178, 102, 255
L 188.3000, 352.7000, -40.8000,  178.1000, 356.2000, -41.7000,  178, 102, 255
L 189.8000, 346.2000, -42.0000,  188.3000, 352.7000, -40.8000,  178, 102, 255
L 201.4000, 339.2000, -42.0000,  189.8000, 346.2000, -42.0000,  178, 102, 255
L 205.1000, 350.1000, -38.7000,  201.4000, 339.2000, -42.0000,  178, 102, 255
L 211.5000, 350.8000, -38.2000,  205.1000, 350.1000, -38.7000,  178, 102, 255
L 218.1000, 356.8000, -38.8000,  211.5000, 350.8000, -38.2000,  178, 102, 255
L 228.1000, 350.8000, -38.1000,  218.1000, 356.8000, -38.8000,  178, 102, 255
L 238.0000, 352.7000, -38.1000,  228.1000, 350.8000, -38.1000,  178, 102, 255
L 177.0000, 840.6000, -70.0000,  177.0000, 840.0000, -70.0000,  102, 0, 204
L 177.0000, 852.0000, -70.0000,  139.0000, 852.0000, -70.0000,  102, 0, 204
L 139.0000, 840.0000, -70.0000,  177.0000, 840.0000, -70.0000,  102, 0, 204
L 177.0000, 850.5000, -70.0000,  177.0000, 852.0000, -70.0000,  102, 0, 204
L 139.0000, 852.0000, -69.0000,  139.0000, 881.0000, -69.0000,  102, 0, 204
L 139.0000, 881.0000, -69.0000,  111.0000, 908.0000, -69.0000,  102, 0, 204
L 139.0000, 812.0000, -69.0000,  139.0000, 840.0000, -69.0000,  102, 0, 204
L 184.8000, 836.7000, -70.0000,  182.8000, 836.7000, -70.0000,  102, 0, 204
L 182.8000, 836.7000, -70.0000,  182.8000, 798.0000, -70.0000,  102, 0, 204
L 180.9000, 850.5000, -70.0000,  180.9000, 847.2000, -70.0000,  205, 133, 63
L 180.9000, 840.6000, -70.0000,  177.0000, 840.6000, -70.0000,  102, 0, 204
L 184.8000, 840.6000, -70.0000,  180.9000, 840.6000, -70.0000,  102, 0, 204
L 180.9000, 843.9000, -70.0000,  182.9000, 843.9000, -70.0000,  205, 133, 63
L 179.0000, 847.2000, -70.0000,  180.9000, 847.2000, -70.0000,  205, 133, 63
L 184.8000, 850.5000, -70.0000,  180.9000, 850.5000, -70.0000,  102, 0, 204
L 179.0000, 843.9000, -70.0000,  180.9000, 843.9000, -70.0000,  205, 133, 63
L 180.9000, 847.2000, -70.0000,  182.9000, 847.2000, -70.0000,  205, 133, 63
L 180.9000, 850.5000, -70.0000,  177.0000, 850.5000, -70.0000,  102, 0, 204
L 179.0000, 847.2000, -70.0000,  179.0000, 843.9000, -70.0000,  205, 133, 63
L 182.9000, 847.2000, -70.0000,  182.9000, 843.9000, -70.0000,  205, 133, 63
L 180.9000, 843.9000, -70.0000,  180.9000, 840.6000, -70.0000,  205, 133, 63
L 81.4000, 774.6000, -67.8000,  79.6000, 771.1000, -69.6000,  102, 0, 204
L 184.8000, 836.7000, -70.0000,  184.8000, 840.6000, -70.0000,  102, 0, 204
L 184.8000, 850.5000, -70.0000,  184.8000, 854.4000, -70.0000,  102, 0, 204
L 182.8000, 854.4000, -70.0000,  184.8000, 854.4000, -70.0000,  102, 0, 204
L 30.9000, 605.6000, -70.0000,  28.9000, 605.6000, -70.0000,  102, 0, 204
L 41.1000, 605.6000, -70.0000,  39.2000, 605.6000, -70.0000,  102, 0, 204
L 30.9000, 605.6000, -70.0000,  30.9000, 599.8000, -70.0000,  102, 0, 204
L 36.4000, 604.1000, -70.0000,  36.5000, 604.1000, -70.0000,  205, 133, 63
L 33.7000, 601.2000, -70.0000,  33.7000, 602.7000, -70.0000,  205, 133, 63
L 33.7000, 601.2000, -70.0000,  36.4000, 601.2000, -70.0000,  205, 133, 63
L 33.7000, 602.7000, -70.0000,  33.7000, 604.1000, -70.0000,  205, 133, 63
L 36.4000, 602.7000, -70.0000,  36.4000, 604.1000, -70.0000,  205, 133, 63
L 33.7000, 604.1000, -70.0000,  36.4000, 604.1000, -70.0000,  205, 133, 63
L 36.4000, 602.7000, -70.0000,  39.2000, 602.7000, -70.0000,  205, 133, 63
L 30.9000, 602.7000, -70.0000,  33.7000, 602.7000, -70.0000,  205, 133, 63
L 36.4000, 601.2000, -70.0000,  36.4000, 602.7000, -70.0000,  205, 133, 63
L 39.2000, 605.6000, -70.0000,  39.1000, 599.8000, -70.0000,  102, 0, 204
L 30.9000, 599.9000, -70.0000,  26.1000, 599.9000, -70.0000,  102, 0, 204
L 43.9000, 599.8000, -70.0000,  39.1000, 599.8000, -70.0000,  102, 0, 204
L 26.1000, 599.9000, -70.0000,  26.2000, 600.9000, -70.0000,  102, 0, 204
L 44.0000, 600.8000, -70.0000,  43.9000, 600.8000, -70.0000,  102, 0, 204
L 43.9000, 599.8000, -70.0000,  44.0000, 600.8000, -70.0000,  102, 0, 204
L 41.1000, 630.6000, -70.0000,  84.0000, 630.0000, -69.0000,  102, 0, 204
L 41.1000, 605.6000, -70.0000,  41.1000, 630.6000, -70.0000,  102, 0, 204
L 72.9000, 667.8000, -70.0000,  70.9000, 667.8000, -70.0000,  102, 0, 204
L 81.1000, 667.8000, -70.0000,  83.1000, 667.8000, -70.0000,  102, 0, 204
L 85.9000, 672.6000, -70.0000,  86.0000, 673.6000, -70.0000,  102, 0, 204
L 86.0000, 673.6000, -70.0000,  81.2000, 673.6000, -70.0000,  102, 0, 204
L 72.9000, 673.6000, -70.0000,  68.1000, 673.6000, -70.0000,  102, 0, 204
L 68.1000, 672.6000, -70.0000,  68.1000, 673.6000, -70.0000,  178, 102, 255
L 75.7000, 669.3000, -70.0000,  75.7000, 670.7000, -70.0000,  205, 133, 63
L 72.9000, 673.6000, -70.0000,  72.9000, 667.8000, -70.0000,  102, 0, 204
L 78.4000, 670.7000, -70.0000,  78.4000, 672.2000, -70.0000,  205, 133, 63
L 75.7000, 669.3000, -70.0000,  78.4000, 669.3000, -70.0000,  205, 133, 63
L 78.4000, 672.2000, -70.0000,  78.5000, 672.2000, -70.0000,  205, 133, 63
L 75.7000, 672.2000, -70.0000,  78.4000, 672.2000, -70.0000,  205, 133, 63
L 72.9000, 670.7000, -70.0000,  75.7000, 670.7000, -70.0000,  205, 133, 63
L 75.7000, 670.7000, -70.0000,  75.7000, 672.2000, -70.0000,  205, 133, 63
L 78.4000, 669.3000, -70.0000,  78.4000, 670.7000, -70.0000,  205, 133, 63
L 78.4000, 670.7000, -70.0000,  81.1000, 670.7000, -70.0000,  205, 133, 63
L 81.2000, 673.6000, -70.0000,  81.1000, 667.8000, -70.0000,  102, 0, 204
L 63.0000, 584.5000, -70.0000,  69.1000, 571.4000, -70.0000,  150, 150, 150
L 69.1000, 571.4000, -70.0000,  69.1000, 600.9000, -70.0000,  102, 0, 204
L 25.7000, 571.8000, -70.0000,  63.0000, 584.5000, -70.0000,  150, 150, 150
L 69.1000, 565.8000, -70.0000,  69.1000, 571.4000, -70.0000,  102, 0, 204
L 50.6000, 552.0000, -70.0000,  43.6000, 532.7000, -70.0000,  102, 0, 204
L 43.6000, 532.7000, -70.0000,  24.2000, 532.7000, -70.0000,  102, 0, 204
L 69.1000, 558.2000, -70.0000,  50.6000, 552.0000, -70.0000,  102, 0, 204
L 69.1000, 558.2000, -70.0000,  69.1000, 565.8000, -70.0000,  102, 0, 204
L 69.1000, 600.9000, -70.0000,  44.0000, 600.8000, -70.0000,  102, 0, 204
L 56.9000, 532.7000, -42.0000,  49.6000, 543.6000, -42.0000,  178, 102, 255
L 49.6000, 543.6000, -42.0000,  69.1000, 551.0000, -42.0000,  178, 102, 255
L 51.0000, 532.7000, -42.0000,  56.9000, 532.7000, -42.0000,  178, 102, 255
L 14.9000, 532.7000, -42.0000,  51.0000, 532.7000, -42.0000,  178, 102, 255
L 182.8000, 886.4000, -69.2000,  182.8000, 894.0000, -69.0000,  102, 0, 204
L 192.5000, 894.0000, -69.0000,  196.0000, 894.0000, -69.0000,  102, 0, 204
L -167.1000, 827.1000, -68.1000,  -166.0000, 825.0000, -68.0000,  102, 0, 204
L -171.1000, 835.2000, -68.4000,  -167.1000, 827.1000, -68.1000,  102, 0, 204
L -172.1000, 837.2000, -68.4000,  -171.1000, 835.2000, -68.4000,  102, 0, 204
L -174.4000, 841.7000, -68.6000,  -172.1000, 837.2000, -68.4000,  102, 0, 204
L 14.0000, 823.6000, -69.0000,  14.0000, 812.0000, -69.0000,  102, 0, 204
L 14.0000, 835.2000, -69.0000,  14.0000, 823.6000, -69.0000,  102, 0, 204
L 154.2000, 729.0000, -70.6000,  151.0000, 740.0000, -70.0000,  102, 0, 204
L 192.0000, 578.0000, -69.0000,  194.0000, 578.0000, -69.0000,  150, 150, 150
L -105.2000, 809.1000, -70.0000,  -98.9000, 821.3000, -67.0000,  150, 150, 150
L -83.1000, 843.4000, -70.0000,  -83.1000, 841.6000, -70.0000,  102, 0, 204
L -83.1000, 851.1000, -70.0000,  -83.1000, 843.4000, -70.0000,  102, 0, 204
L -81.1000, 841.6000, -70.0000,  -83.1000, 841.6000, -70.0000,  102, 0, 204
L -81.1000, 841.6000, -70.0000,  -81.1000, 839.6000, -70.0000,  102, 0, 204
L -81.1000, 823.8000, -70.0000,  -81.1000, 827.7000, -70.0000,  102, 0, 204
L -83.1000, 823.8000, -70.0000,  -81.1000, 823.8000, -70.0000,  102, 0, 204
L -23.1000, 852.8000, -70.0000,  -23.1000, 851.6000, -70.0000,  102, 0, 204
L -23.1000, 840.5000, -70.0000,  -23.1000, 841.7000, -70.0000,  102, 0, 204
L -28.9000, 855.6000, -70.0000,  -28.9000, 894.8000, -70.0000,  102, 0, 204
L -23.1000, 840.5000, -70.0000,  14.0000, 840.5000, -70.0000,  102, 0, 204
L -28.9000, 845.0000, -70.0000,  -27.0000, 845.0000, -70.0000,  205, 133, 63
L -27.0000, 851.6000, -70.0000,  -27.0000, 848.3000, -70.0000,  205, 133, 63
L -23.1000, 841.7000, -70.0000,  -27.0000, 841.7000, -70.0000,  102, 0, 204
L -23.1000, 851.6000, -70.0000,  -27.0000, 851.6000, -70.0000,  102, 0, 204
L -28.9000, 848.3000, -70.0000,  -27.0000, 848.3000, -70.0000,  205, 133, 63
L -30.9000, 837.8000, -70.0000,  -30.9000, 841.7000, -70.0000,  102, 0, 204
L -30.9000, 855.6000, -70.0000,  -30.9000, 851.6000, -70.0000,  102, 0, 204
L -27.0000, 848.3000, -70.0000,  -25.0000, 848.3000, -70.0000,  205, 133, 63
L -27.0000, 845.0000, -70.0000,  -25.0000, 845.0000, -70.0000,  205, 133, 63
L -27.0000, 841.7000, -70.0000,  -30.9000, 841.7000, -70.0000,  102, 0, 204
L -30.9000, 855.6000, -70.0000,  -28.9000, 855.6000, -70.0000,  102, 0, 204
L -27.0000, 851.6000, -70.0000,  -30.9000, 851.6000, -70.0000,  102, 0, 204
L -28.9000, 848.3000, -70.0000,  -28.9000, 845.0000, -70.0000,  205, 133, 63
L -25.0000, 848.3000, -70.0000,  -25.0000, 845.0000, -70.0000,  205, 133, 63
L -30.9000, 837.8000, -70.0000,  -28.9000, 837.8000, -70.0000,  102, 0, 204
L -27.0000, 845.0000, -70.0000,  -27.0000, 841.7000, -70.0000,  205, 133, 63
L 164.0000, 542.0000, -42.0000,  184.0000, 542.0000, -42.0000,  150, 150, 150
L 154.0000, 526.6000, -42.0000,  154.0000, 548.0000, -42.0000,  178, 102, 255
L 154.0000, 548.0000, -42.0000,  164.0000, 548.0000, -42.0000,  150, 150, 150
L 164.0000, 542.0000, -42.0000,  164.0000, 548.0000, -42.0000,  150, 150, 150
L 29.4000, 707.3000, -70.0000,  29.4000, 704.5000, -70.0000,  205, 133, 63
L 27.6000, 704.5000, -70.0000,  27.6000, 701.8000, -70.0000,  205, 133, 63
L 27.6000, 701.8000, -70.0000,  24.0000, 701.8000, -70.0000,  102, 0, 204
L 27.6000, 704.5000, -70.0000,  29.4000, 704.5000, -70.0000,  205, 133, 63
L 25.7000, 704.5000, -70.0000,  27.6000, 704.5000, -70.0000,  205, 133, 63
L 25.7000, 707.3000, -70.0000,  29.4000, 707.3000, -70.0000,  205, 133, 63
L 27.6000, 710.0000, -70.0000,  27.6000, 707.3000, -70.0000,  205, 133, 63
L 27.6000, 710.0000, -70.0000,  30.9000, 710.0000, -70.0000,  102, 0, 204
L 25.7000, 707.3000, -70.0000,  25.7000, 704.5000, -70.0000,  205, 133, 63
L 30.9000, 701.8000, -70.0000,  27.6000, 701.8000, -70.0000,  102, 0, 204
L 24.0000, 710.0000, -70.0000,  27.6000, 710.0000, -70.0000,  102, 0, 204
L 28.9000, 715.6000, -70.0000,  28.9000, 740.8000, -70.0000,  102, 0, 204
L 30.9000, 697.9000, -70.0000,  30.9000, 701.8000, -70.0000,  102, 0, 204
L 28.9000, 697.9000, -70.0000,  30.9000, 697.9000, -70.0000,  102, 0, 204
L 28.9000, 715.6000, -70.0000,  30.9000, 715.6000, -70.0000,  102, 0, 204
L -28.0000, 700.0000, -70.0000,  -17.4000, 700.0000, -70.0000,  102, 0, 204
L 30.9000, 715.6000, -70.0000,  30.9000, 710.0000, -70.0000,  102, 0, 204
L 28.9000, 672.6000, -70.0000,  28.9000, 697.8000, -70.0000,  102, 0, 204
L 24.0000, 700.0000, -70.0000,  24.0000, 701.8000, -70.0000,  102, 0, 204
L 24.0000, 712.0000, -70.0000,  -28.0000, 712.0000, -70.0000,  102, 0, 204
L 24.0000, 710.0000, -70.0000,  24.0000, 712.0000, -70.0000,  102, 0, 204
L -98.0000, 700.0000, -70.0000,  -41.0000, 700.0000, -70.0000,  102, 0, 204
L -139.0000, 684.0000, -70.0000,  -111.0000, 684.0000, -70.0000,  102, 0, 204
L -84.0000, 644.0000, -70.0000,  -115.3000, 644.0000, -70.0000,  102, 0, 204
L -139.0000, 644.0000, -70.0000,  -139.0000, 664.0000, -70.0000,  102, 0, 204
L -41.0000, 712.0000, -70.0000,  -106.8000, 712.0000, -70.0000,  102, 0, 204
L -28.0000, 650.0000, -70.0000,  -28.0000, 675.0000, -70.0000,  102, 0, 204
L -28.0000, 754.0000, -70.0000,  -64.0000, 754.0000, -70.0000,  102, 0, 204
L -28.0000, 712.0000, -70.0000,  -28.0000, 754.0000, -70.0000,  102, 0, 204
L -98.0000, 684.0000, -70.0000,  -84.0000, 684.0000, -70.0000,  102, 0, 204
L -111.0000, 712.0000, -70.0000,  -111.0000, 695.0000, -70.0000,  102, 0, 204
L -41.0000, 742.0000, -70.0000,  -41.0000, 734.3000, -70.0000,  102, 0, 204
L -58.0000, 749.0000, -70.0000,  -56.0000, 742.0000, -70.0000,  102, 0, 204
L -41.0000, 644.0000, -70.0000,  -34.0000, 648.0000, -70.0000,  102, 0, 204
L -56.0000, 742.0000, -70.0000,  -41.0000, 742.0000, -70.0000,  102, 0, 204
L -84.0000, 684.0000, -70.0000,  -84.0000, 666.6000, -70.0000,  102, 0, 204
L -41.0000, 700.0000, -70.0000,  -41.0000, 644.0000, -70.0000,  102, 0, 204
L -34.0000, 648.0000, -70.0000,  -28.0000, 650.0000, -70.0000,  102, 0, 204
L -64.0000, 754.0000, -70.0000,  -58.0000, 749.0000, -70.0000,  102, 0, 204
L -98.0000, 700.0000, -70.0000,  -98.0000, 687.2000, -70.0000,  102, 0, 204
L -80.0000, 384.0000, -69.0000,  -80.0000, 384.0000, -13.0000,  255, 255, 0
L -87.0000, 384.0000, -69.0000,  -87.0000, 384.0000, -13.0000,  255, 255, 0
L -90.0000, 381.0000, -13.0000,  -90.0000, 381.0000, -69.0000,  255, 255, 0
L 168.0000, 640.0000, -69.0000,  168.0000, 632.8000, -69.0000,  102, 0, 204
L 166.3000, 628.0000, -69.0000,  154.0000, 628.0000, -69.0000,  102, 0, 204
L 184.1000, 628.0000, -69.0000,  194.0000, 628.0000, -69.0000,  102, 0, 204
L 171.0000, 632.8000, -69.0000,  171.1000, 627.0000, -69.0000,  102, 0, 204
L 171.1000, 627.0000, -69.0000,  166.3000, 627.0000, -69.0000,  102, 0, 204
L 166.3000, 628.0000, -69.0000,  166.3000, 627.0000, -69.0000,  102, 0, 204
L 176.6000, 629.9000, -69.0000,  176.6000, 631.3000, -69.0000,  205, 133, 63
L 171.0000, 632.8000, -69.0000,  168.0000, 632.8000, -69.0000,  102, 0, 204
L 173.8000, 628.4000, -69.0000,  173.8000, 629.9000, -69.0000,  205, 133, 63
L 179.4000, 632.8000, -69.0000,  181.3000, 632.8000, -69.0000,  102, 0, 204
L 176.6000, 629.9000, -69.0000,  179.3000, 629.9000, -69.0000,  205, 133, 63
L 171.1000, 629.9000, -69.0000,  173.8000, 629.9000, -69.0000,  205, 133, 63
L 179.4000, 632.8000, -69.0000,  179.3000, 627.0000, -69.0000,  102, 0, 204
L 173.8000, 628.4000, -69.0000,  176.6000, 628.4000, -69.0000,  205, 133, 63
L 179.3000, 627.0000, -69.0000,  184.1000, 627.0000, -69.0000,  102, 0, 204
L 173.8000, 631.3000, -69.0000,  176.6000, 631.3000, -69.0000,  205, 133, 63
L 173.8000, 629.9000, -69.0000,  173.8000, 631.3000, -69.0000,  205, 133, 63
L 176.6000, 628.4000, -69.0000,  176.6000, 629.9000, -69.0000,  205, 133, 63
L 184.1000, 628.0000, -69.0000,  184.1000, 627.0000, -69.0000,  102, 0, 204
L -165.0000, 561.7000, -42.0000,  -167.0000, 561.7000, -42.0000,  178, 102, 255
L -152.0000, 560.7000, -42.0000,  -151.9000, 561.7000, -42.0000,  178, 102, 255
L -156.7000, 561.7000, -42.0000,  -151.9000, 561.7000, -42.0000,  178, 102, 255
L -162.2000, 560.2000, -42.0000,  -159.5000, 560.2000, -42.0000,  205, 133, 63
L -162.2000, 558.8000, -42.0000,  -162.2000, 560.2000, -42.0000,  205, 133, 63
L -162.2000, 557.3000, -42.0000,  -162.2000, 558.8000, -42.0000,  205, 133, 63
L -159.5000, 558.8000, -42.0000,  -156.7000, 558.8000, -42.0000,  205, 133, 63
L -165.0000, 558.8000, -42.0000,  -162.2000, 558.8000, -42.0000,  205, 133, 63
L -165.0000, 558.8000, -42.0000,  -165.0000, 555.9000, -42.0000,  178, 102, 255
L -156.7000, 561.7000, -42.0000,  -156.8000, 555.9000, -42.0000,  178, 102, 255
L -156.8000, 555.9000, -42.0000,  -152.0000, 555.9000, -42.0000,  178, 102, 255
L -162.2000, 557.3000, -42.0000,  -159.5000, 557.3000, -42.0000,  205, 133, 63
L -159.5000, 558.8000, -42.0000,  -159.5000, 560.2000, -42.0000,  205, 133, 63
L -159.5000, 560.2000, -42.0000,  -159.4000, 560.2000, -42.0000,  205, 133, 63
L -159.5000, 557.3000, -42.0000,  -159.5000, 558.8000, -42.0000,  205, 133, 63
L -165.0000, 561.7000, -42.0000,  -165.0000, 558.8000, -42.0000,  178, 102, 255
L -169.8000, 556.9000, -42.0000,  -169.8000, 555.9000, -42.0000,  178, 102, 255
L -152.0000, 556.9000, -42.0000,  -152.0000, 555.9000, -42.0000,  178, 102, 255
L -165.0000, 555.9000, -42.0000,  -169.8000, 555.9000, -42.0000,  178, 102, 255
L 229.6000, 474.8000, -42.0000,  229.6000, 476.3000, -42.0000,  205, 133, 63
L 232.3000, 474.8000, -42.0000,  232.3000, 476.3000, -42.0000,  205, 133, 63
L 232.3000, 476.3000, -42.0000,  232.4000, 476.3000, -42.0000,  205, 133, 63
L 229.6000, 476.3000, -42.0000,  232.3000, 476.3000, -42.0000,  205, 133, 63
L 232.3000, 473.4000, -42.0000,  232.3000, 474.8000, -42.0000,  205, 133, 63
L 229.6000, 473.4000, -42.0000,  229.6000, 474.8000, -42.0000,  205, 133, 63
L 232.3000, 474.8000, -42.0000,  235.1000, 474.8000, -42.0000,  205, 133, 63
L 226.8000, 474.8000, -42.0000,  229.6000, 474.8000, -42.0000,  205, 133, 63
L 226.8000, 474.8000, -42.0000,  226.8000, 471.9000, -42.0000,  178, 102, 255
L 235.1000, 477.7000, -42.0000,  235.0000, 471.9000, -42.0000,  178, 102, 255
L 235.1000, 477.7000, -42.0000,  237.1000, 477.7000, -42.0000,  178, 102, 255
L 235.0000, 471.9000, -42.0000,  239.8000, 471.9000, -42.0000,  178, 102, 255
L 229.6000, 473.4000, -42.0000,  232.3000, 473.4000, -42.0000,  205, 133, 63
L 195.0000, 529.9000, -42.0000,  195.0000, 518.0000, -42.0000,  178, 102, 255
L 162.9000, 518.0000, -42.0000,  195.0000, 518.0000, -42.0000,  178, 102, 255
L 194.0000, 529.9000, -42.0000,  195.0000, 529.9000, -42.0000,  178, 102, 255
L 194.0000, 534.7000, -42.0000,  194.0000, 529.9000, -42.0000,  178, 102, 255
L 196.9000, 540.2000, -42.0000,  198.3000, 540.2000, -42.0000,  205, 133, 63
L 199.8000, 542.9000, -42.0000,  196.9000, 542.9000, -42.0000,  178, 102, 255
L 196.9000, 542.9000, -42.0000,  196.9000, 540.2000, -42.0000,  205, 133, 63
L 196.9000, 542.9000, -42.0000,  194.0000, 542.9000, -42.0000,  178, 102, 255
L 195.4000, 540.2000, -42.0000,  195.4000, 537.4000, -42.0000,  205, 133, 63
L 196.9000, 537.4000, -42.0000,  198.3000, 537.4000, -42.0000,  205, 133, 63
L 196.9000, 537.4000, -42.0000,  196.9000, 534.7000, -42.0000,  205, 133, 63
L 196.9000, 534.7000, -42.0000,  199.8000, 534.7000, -42.0000,  178, 102, 255
L 195.4000, 537.4000, -42.0000,  196.9000, 537.4000, -42.0000,  205, 133, 63
L 194.0000, 534.7000, -42.0000,  196.9000, 534.7000, -42.0000,  178, 102, 255
L 195.4000, 540.2000, -42.0000,  196.9000, 540.2000, -42.0000,  205, 133, 63
L 198.3000, 540.2000, -42.0000,  198.3000, 537.4000, -42.0000,  205, 133, 63
L 199.8000, 532.7000, -42.0000,  199.8000, 534.7000, -42.0000,  178, 102, 255
L 199.8000, 542.9000, -42.0000,  199.8000, 544.9000, -42.0000,  178, 102, 255
L 106.3000, 462.8000, -42.0000,  109.1000, 462.8000, -42.0000,  205, 133, 63
L 106.3000, 462.8000, -42.0000,  106.3000, 464.3000, -42.0000,  205, 133, 63
L 106.3000, 461.4000, -42.0000,  106.3000, 462.8000, -42.0000,  205, 133, 63
L 106.3000, 464.3000, -42.0000,  106.4000, 464.3000, -42.0000,  205, 133, 63
L 103.6000, 464.3000, -42.0000,  106.3000, 464.3000, -42.0000,  205, 133, 63
L 103.6000, 461.4000, -42.0000,  106.3000, 461.4000, -42.0000,  205, 133, 63
L 103.6000, 461.4000, -42.0000,  103.6000, 464.3000, -42.0000,  205, 133, 63
L 100.9000, 462.8000, -42.0000,  103.6000, 462.8000, -42.0000,  205, 133, 63
L 100.9000, 462.8000, -42.0000,  100.9000, 465.7000, -42.0000,  178, 102, 255
L 100.9000, 459.9000, -42.0000,  100.9000, 462.8000, -42.0000,  178, 102, 255
L -56.9000, 575.7000, -42.0000,  -57.9000, 575.6000, -42.0000,  178, 102, 255
L -57.9000, 575.6000, -42.0000,  -57.9000, 570.9000, -42.0000,  178, 102, 255
L -56.9000, 557.9000, -42.0000,  -57.9000, 557.9000, -42.0000,  178, 102, 255
L -57.9000, 562.7000, -42.0000,  -57.9000, 557.9000, -42.0000,  178, 102, 255
L -55.0000, 568.2000, -42.0000,  -53.6000, 568.2000, -42.0000,  255, 255, 0
L -53.6000, 568.2000, -42.0000,  -53.6000, 565.4000, -42.0000,  255, 255, 0
L -56.5000, 568.2000, -42.0000,  -56.5000, 565.4000, -42.0000,  255, 255, 0
L -55.0000, 570.9000, -42.0000,  -57.9000, 570.9000, -42.0000,  178, 102, 255
L -55.0000, 565.4000, -42.0000,  -53.6000, 565.4000, -42.0000,  255, 255, 0
L -55.0000, 565.4000, -42.0000,  -55.0000, 562.7000, -42.0000,  255, 255, 0
L -55.0000, 562.7000, -42.0000,  -52.1000, 562.7000, -42.0000,  178, 102, 255
L -55.0000, 570.9000, -42.0000,  -55.0000, 568.2000, -42.0000,  255, 255, 0
L -56.5000, 565.4000, -42.0000,  -55.0000, 565.4000, -42.0000,  255, 255, 0
L -57.9000, 562.7000, -42.0000,  -55.0000, 562.7000, -42.0000,  178, 102, 255
L -56.5000, 568.2000, -42.0000,  -55.0000, 568.2000, -42.0000,  255, 255, 0
L -52.1000, 570.9000, -42.0000,  -55.0000, 570.9000, -42.0000,  178, 102, 255
L -52.1000, 560.7000, -42.0000,  -52.1000, 562.7000, -42.0000,  178, 102, 255
L -52.1000, 570.9000, -42.0000,  -52.1000, 572.9000, -42.0000,  178, 102, 255
L 21.6000, 562.9000, -42.0000,  16.2000, 566.9000, -42.0000,  255, 255, 0
L 16.2000, 566.9000, -42.0000,  16.2000, 565.1000, -42.0000,  255, 255, 0
L 21.6000, 562.9000, -42.0000,  19.6000, 561.8000, -42.0000,  255, 255, 0
L 25.7000, 565.0000, -42.0000,  16.2000, 570.3000, -42.0000,  255, 255, 0
L 16.2000, 570.3000, -42.0000,  16.2000, 568.6000, -42.0000,  255, 255, 0
L 25.7000, 565.0000, -42.0000,  23.7000, 563.9000, -42.0000,  255, 255, 0
L 23.7000, 563.9000, -42.0000,  16.2000, 568.6000, -42.0000,  255, 255, 0
L 16.2000, 568.6000, -42.0000,  16.2000, 566.9000, -42.0000,  255, 255, 0
L 23.7000, 563.9000, -42.0000,  21.6000, 562.9000, -42.0000,  255, 255, 0
L 27.4000, 568.0000, -42.0000,  17.2000, 573.0000, -42.0000,  255, 255, 0
L 17.2000, 573.0000, -42.0000,  18.2000, 574.0000, -42.0000,  255, 255, 0
L 27.4000, 568.0000, -42.0000,  27.8000, 566.1000, -42.0000,  255, 255, 0
L 26.6000, 572.0000, -42.0000,  19.2000, 574.9000, -42.0000,  255, 255, 0
L 19.2000, 574.9000, -42.0000,  20.1000, 575.9000, -42.0000,  255, 255, 0
L 26.6000, 572.0000, -42.0000,  27.0000, 570.0000, -42.0000,  255, 255, 0
L 27.0000, 570.0000, -42.0000,  18.2000, 574.0000, -42.0000,  255, 255, 0
L 18.2000, 574.0000, -42.0000,  19.2000, 574.9000, -42.0000,  255, 255, 0
L 27.0000, 570.0000, -42.0000,  27.4000, 568.0000, -42.0000,  255, 255, 0
L 27.8000, 566.1000, -42.0000,  16.2000, 572.0000, -42.0000,  255, 255, 0
L 16.2000, 572.0000, -42.0000,  16.2000, 570.3000, -42.0000,  255, 255, 0
L 16.2000, 572.0000, -42.0000,  17.2000, 573.0000, -42.0000,  255, 255, 0
L 14.4000, 568.2000, -42.0000,  14.4000, 565.4000, -42.0000,  205, 133, 63
L 13.0000, 565.4000, -42.0000,  13.0000, 562.7000, -42.0000,  205, 133, 63
L 13.0000, 562.7000, -42.0000,  15.9000, 562.7000, -42.0000,  178, 102, 255
L 13.0000, 565.4000, -42.0000,  14.4000, 565.4000, -42.0000,  205, 133, 63
L 11.6000, 565.4000, -42.0000,  13.0000, 565.4000, -42.0000,  205, 133, 63
L 11.6000, 568.2000, -42.0000,  14.4000, 568.2000, -42.0000,  205, 133, 63
L 13.0000, 570.9000, -42.0000,  13.0000, 568.2000, -42.0000,  205, 133, 63
L 13.0000, 570.9000, -42.0000,  10.1000, 570.9000, -42.0000,  178, 102, 255
L 11.6000, 568.2000, -42.0000,  11.6000, 565.4000, -42.0000,  205, 133, 63
L 15.9000, 570.9000, -42.0000,  13.0000, 570.9000, -42.0000,  178, 102, 255
L 239.8000, 472.9000, -42.0000,  239.8000, 471.9000, -42.0000,  178, 102, 255
L 222.0000, 472.9000, -42.0000,  222.0000, 471.9000, -42.0000,  178, 102, 255
L 226.8000, 471.9000, -42.0000,  222.0000, 471.9000, -42.0000,  178, 102, 255
L 226.8000, 477.7000, -42.0000,  226.8000, 474.8000, -42.0000,  178, 102, 255
L 222.0000, 476.7000, -42.0000,  222.0000, 477.7000, -42.0000,  178, 102, 255
L 226.8000, 477.7000, -42.0000,  222.0000, 477.7000, -42.0000,  178, 102, 255
L 109.2000, 465.7000, -42.0000,  111.1000, 465.7000, -42.0000,  178, 102, 255
L 113.9000, 460.9000, -42.0000,  113.8000, 459.9000, -42.0000,  178, 102, 255
L 109.1000, 459.9000, -42.0000,  113.8000, 459.9000, -42.0000,  178, 102, 255
L 109.2000, 465.7000, -42.0000,  109.1000, 459.9000, -42.0000,  178, 102, 255
L 100.9000, 465.7000, -42.0000,  98.9000, 465.7000, -42.0000,  178, 102, 255
L 96.2000, 459.9000, -42.0000,  100.9000, 459.9000, -42.0000,  178, 102, 255
L 96.1000, 460.9000, -42.0000,  96.2000, 459.9000, -42.0000,  178, 102, 255
L 10.1000, 570.9000, -42.0000,  10.1000, 572.9000, -42.0000,  178, 102, 255
L 15.9000, 575.6000, -42.0000,  15.9000, 570.9000, -42.0000,  178, 102, 255
L 14.9000, 575.7000, -42.0000,  15.9000, 575.6000, -42.0000,  178, 102, 255
L 20.1000, 575.9000, -42.0000,  26.3000, 573.9000, -42.0000,  255, 255, 0
L 19.6000, 561.8000, -42.0000,  16.2000, 565.1000, -42.0000,  255, 255, 0
L 27.8000, 566.1000, -42.0000,  25.7000, 565.0000, -42.0000,  255, 255, 0
L 26.3000, 573.9000, -42.0000,  26.6000, 572.0000, -42.0000,  255, 255, 0
L -14.9000, 160.6000, -14.0000,  -14.9000, 191.6000, -14.0000,  0, 0, 0
L -26.4000, 160.9000, -14.0000,  -23.4000, 160.9000, -14.0000,  150, 150, 150
L -23.4000, 149.5000, -14.0000,  -23.4000, 160.9000, -14.0000,  150, 150, 150
L -34.5000, 149.2000, -14.0000,  -30.8000, 156.4000, -14.0000,  150, 150, 150
L -36.8000, 158.6000, -14.0000,  -30.8000, 156.4000, -14.0000,  150, 150, 150
L -36.8000, 158.6000, -14.0000,  -35.3000, 158.1000, -14.0000,  150, 150, 150
L -26.2000, 162.1000, -14.0000,  -14.9000, 160.6000, -14.0000,  150, 150, 150
L -36.8000, 158.6000, -14.0000,  -38.7000, 164.4000, -14.0000,  150, 150, 150
L -43.4000, 164.7000, -14.0000,  -44.0000, 158.4000, -14.0000,  150, 150, 150
L -55.6000, 165.9000, -14.0000,  -43.4000, 164.7000, -14.0000,  150, 150, 150
L -35.3000, 158.1000, -14.0000,  -35.0000, 161.5000, -14.0000,  150, 150, 150
L -26.4000, 160.9000, -14.0000,  -26.2000, 162.1000, -14.0000,  150, 150, 150
L -47.4000, 150.7000, -14.0000,  -36.6000, 145.1000, -14.0000,  150, 150, 150
L -36.6000, 145.1000, -14.0000,  -34.5000, 149.2000, -14.0000,  150, 150, 150
L -14.9000, 126.8000, -14.0000,  -14.9000, 149.5000, -14.0000,  0, 0, 0
L -56.8000, 153.5000, -14.0000,  -46.2000, 152.5000, -14.0000,  150, 150, 150
L -44.0000, 158.4000, -14.0000,  -42.6000, 160.7000, -14.0000,  150, 150, 150
L -44.0000, 158.4000, -14.0000,  -44.6000, 152.5000, -14.0000,  150, 150, 150
L -46.2000, 152.5000, -14.0000,  -47.4000, 150.7000, -14.0000,  150, 150, 150
L -44.0000, 132.1000, -14.0000,  -52.3000, 129.0000, -14.0000,  150, 150, 150
L -23.4000, 149.5000, -14.0000,  -14.9000, 149.5000, -14.0000,  150, 150, 150
L -14.9000, 149.5000, -14.0000,  -14.9000, 160.6000, -14.0000,  0, 0, 0
L -23.4000, 148.6000, -14.0000,  -23.4000, 149.5000, -14.0000,  150, 150, 150
L -35.0000, 161.5000, -14.0000,  -26.4000, 160.9000, -14.0000,  150, 150, 150
L -34.5000, 149.2000, -14.0000,  -23.4000, 148.6000, -14.0000,  150, 150, 150
L -38.7000, 164.4000, -14.0000,  -43.3000, 164.0000, -14.0000,  150, 150, 150
L -46.2000, 152.5000, -14.0000,  -44.6000, 152.5000, -14.0000,  150, 150, 150
L -42.6000, 160.7000, -14.0000,  -36.8000, 158.6000, -14.0000,  150, 150, 150
L -46.9000, 139.8000, -14.0000,  -44.0000, 132.1000, -14.0000,  150, 150, 150
L -55.2000, 136.7000, -14.0000,  -46.9000, 139.8000, -14.0000,  150, 150, 150
L 83.0000, 277.2000, -14.0000,  86.9000, 277.2000, -14.0000,  0, 0, 0
L 83.0000, 268.8000, -14.0000,  86.9000, 268.8000, -14.0000,  0, 0, 0
L 86.9000, 268.8000, -14.0000,  86.9000, 266.8000, -14.0000,  0, 0, 0
L 86.9000, 279.0000, -14.0000,  86.9000, 277.2000, -14.0000,  0, 0, 0
L 80.1000, 277.2000, -14.0000,  80.1000, 282.0000, -14.0000,  0, 0, 0
L 83.0000, 277.2000, -14.0000,  80.1000, 277.2000, -14.0000,  0, 0, 0
L 81.6000, 274.4000, -14.0000,  83.0000, 274.4000, -14.0000,  205, 133, 63
L 83.0000, 271.6000, -14.0000,  83.0000, 268.8000, -14.0000,  205, 133, 63
L 83.0000, 268.8000, -14.0000,  80.1000, 268.8000, -14.0000,  0, 0, 0
L 84.4000, 274.4000, -14.0000,  84.4000, 271.6000, -14.0000,  205, 133, 63
L 83.0000, 271.6000, -14.0000,  84.4000, 271.6000, -14.0000,  205, 133, 63
L 81.6000, 274.4000, -14.0000,  81.6000, 271.6000, -14.0000,  205, 133, 63
L 81.6000, 271.6000, -14.0000,  83.0000, 271.6000, -14.0000,  205, 133, 63
L 83.0000, 277.2000, -14.0000,  83.0000, 274.4000, -14.0000,  205, 133, 63
L 83.0000, 274.4000, -14.0000,  84.4000, 274.4000, -14.0000,  205, 133, 63
L 80.1000, 263.0000, -14.0000,  80.1000, 268.8000, -14.0000,  0, 0, 0
L 85.9000, 211.8000, -14.0000,  83.0000, 211.8000, -14.0000,  0, 0, 0
L 86.0000, 210.8000, -14.0000,  85.9000, 211.8000, -14.0000,  0, 0, 0
L 151.6000, 210.8000, -14.0000,  124.9000, 210.8000, -14.0000,  0, 0, 0
L 80.1000, 206.0000, -14.0000,  83.0000, 206.0000, -14.0000,  0, 0, 0
L 83.0000, 321.0000, -14.0000,  83.0000, 282.0000, -14.0000,  0, 0, 0
L 86.9000, 335.0000, -14.0000,  86.9000, 282.8000, -14.0000,  0, 0, 0
L 79.1000, 226.0000, -14.0000,  82.0000, 226.0000, -14.0000,  0, 0, 0
L 86.0000, 220.2000, -14.0000,  86.0000, 223.0000, -14.0000,  0, 0, 0
L 79.1000, 220.2000, -14.0000,  79.1000, 226.0000, -14.0000,  0, 0, 0
L 86.9000, 282.8000, -14.0000,  151.0000, 282.8000, -14.0000,  0, 0, 0
L 86.9000, 266.8000, -14.0000,  181.0000, 266.8000, -14.0000,  0, 0, 0
L 80.1000, 282.0000, -14.0000,  83.0000, 282.0000, -14.0000,  0, 0, 0
L 154.8000, 279.0000, -14.0000,  86.9000, 279.0000, -14.0000,  0, 0, 0
L 80.1000, 263.0000, -14.0000,  83.0000, 263.0000, -14.0000,  0, 0, 0
L 81.6000, 217.4000, -14.0000,  83.0000, 217.4000, -14.0000,  205, 133, 63
L 81.6000, 214.6000, -14.0000,  83.0000, 214.6000, -14.0000,  205, 133, 63
L 83.0000, 214.6000, -14.0000,  83.0000, 211.8000, -14.0000,  205, 133, 63
L 83.0000, 211.8000, -14.0000,  80.1000, 211.8000, -14.0000,  0, 0, 0
L 83.0000, 214.6000, -14.0000,  84.4000, 214.6000, -14.0000,  205, 133, 63
L 84.4000, 217.4000, -14.0000,  84.4000, 214.6000, -14.0000,  205, 133, 63
L 81.6000, 217.4000, -14.0000,  81.6000, 214.6000, -14.0000,  205, 133, 63
L 80.1000, 206.0000, -14.0000,  80.1000, 211.8000, -14.0000,  0, 0, 0
L 83.0000, 220.2000, -14.0000,  83.0000, 217.4000, -14.0000,  205, 133, 63
L 83.0000, 217.4000, -14.0000,  84.4000, 217.4000, -14.0000,  205, 133, 63
L 83.0000, 220.2000, -14.0000,  86.0000, 220.2000, -14.0000,  0, 0, 0
L 83.0000, 206.0000, -14.0000,  83.0000, 167.0000, -13.0000,  0, 0, 0
L 83.0000, 263.0000, -14.0000,  82.0000, 226.0000, -14.0000,  0, 0, 0
L 86.0000, 223.0000, -14.0000,  115.6000, 223.0000, -14.0000,  0, 0, 0
L 79.1000, 220.2000, -14.0000,  83.0000, 220.2000, -14.0000,  0, 0, 0
L 164.5000, 303.0000, -14.0000,  164.2000, 310.2000, -14.0000,  0, 0, 0
L 156.8000, 290.7000, -14.0000,  154.8000, 293.3000, -14.0000,  150, 150, 150
L 154.8000, 293.3000, -14.0000,  154.8000, 279.0000, -14.0000,  0, 0, 0
L 181.0000, 266.8000, -14.0000,  181.0000, 306.0000, -14.0000,  0, 0, 0
L 130.6000, 290.5000, -14.0000,  151.0000, 300.7000, -14.0000,  0, 0, 0
L 135.7000, 283.2000, -14.0000,  130.7000, 290.5000, -14.0000,  0, 0, 0
L 173.5000, 304.8000, -14.0000,  164.5000, 303.0000, -14.0000,  0, 0, 0
L 151.0000, 293.8000, -14.0000,  135.7000, 283.2000, -14.0000,  0, 0, 0
L 157.5000, 303.7000, -14.0000,  164.5000, 298.7000, -14.0000,  150, 150, 150
L 184.8000, 306.0000, -14.0000,  184.8000, 266.8000, -14.0000,  0, 0, 0
L 151.0000, 282.8000, -14.0000,  151.0000, 293.8000, -14.0000,  0, 0, 0
L 164.2000, 310.2000, -14.0000,  172.2000, 311.3000, -14.0000,  0, 0, 0
L 154.8000, 306.0000, -14.0000,  154.8000, 300.8000, -14.0000,  0, 0, 0
L 251.0000, 266.8000, -14.0000,  251.0000, 335.0000, -14.0000,  0, 0, 0
L 151.0000, 306.0000, -14.0000,  151.0000, 300.7000, -14.0000,  0, 0, 0
L 154.8000, 300.8000, -14.0000,  157.5000, 303.7000, -14.0000,  150, 150, 150
L 164.5000, 298.7000, -14.0000,  156.8000, 290.7000, -14.0000,  150, 150, 150
L 184.8000, 266.8000, -14.0000,  251.0000, 266.8000, -14.0000,  0, 0, 0
L 135.1000, 246.6000, -14.0000,  128.8000, 243.6000, -14.0000,  150, 150, 150
L 128.8000, 243.6000, -14.0000,  128.8000, 226.0000, -14.0000,  0, 0, 0
L 150.1000, 239.3000, -14.0000,  151.4000, 241.6000, -14.0000,  150, 150, 150
L 160.1000, 228.4000, -14.0000,  150.1000, 239.3000, -14.0000,  150, 150, 150
L 151.4000, 241.6000, -14.0000,  133.9000, 243.5000, -14.0000,  150, 150, 150
L 159.8000, 226.8000, -14.0000,  160.1000, 228.4000, -14.0000,  150, 150, 150
L 181.0000, 227.1000, -14.0000,  159.8000, 226.8000, -14.0000,  150, 150, 150
L 181.0000, 227.1000, -14.0000,  181.0000, 255.0000, -14.0000,  0, 0, 0
L 133.9000, 243.5000, -14.0000,  135.1000, 246.6000, -14.0000,  150, 150, 150
L 159.4000, 213.9000, -14.0000,  156.7000, 216.8000, -14.0000,  150, 150, 150
L 181.0000, 255.0000, -14.0000,  128.8000, 255.0000, -14.0000,  0, 0, 0
L 182.9000, 173.3000, -14.0000,  182.9000, 170.0000, -14.0000,  205, 133, 63
L 124.6000, 213.4000, -14.0000,  124.9000, 210.8000, -14.0000,  150, 150, 150
L 124.9000, 210.8000, -14.0000,  86.0000, 210.8000, -14.0000,  0, 0, 0
L 117.7000, 215.8000, -14.0000,  124.6000, 213.4000, -14.0000,  150, 150, 150
L 141.5000, 160.3000, -14.0000,  145.2000, 156.9000, -14.0000,  0, 0, 0
L 128.8000, 255.0000, -14.0000,  128.8000, 243.6000, -14.0000,  0, 0, 0
L 172.2000, 311.3000, -14.0000,  173.5000, 304.8000, -14.0000,  0, 0, 0
L 156.7000, 216.8000, -14.0000,  158.7000, 223.0000, -14.0000,  150, 150, 150
L 146.5000, 151.7000, -14.0000,  145.9000, 140.2000, -14.0000,  0, 0, 0
L 251.0000, 223.0000, -14.0000,  184.8000, 223.0000, -14.0000,  0, 0, 0
L 182.9000, 170.0000, -14.0000,  179.0000, 170.0000, -14.0000,  0, 0, 0
L 149.0000, 306.0000, -14.0000,  149.0000, 309.9000, -14.0000,  0, 0, 0
L 151.0000, 183.8000, -14.0000,  151.0000, 207.0000, -14.0000,  0, 0, 0
L 154.8000, 306.0000, -14.0000,  156.8000, 306.0000, -14.0000,  0, 0, 0
L 98.9000, 207.0000, -14.0000,  98.9000, 126.8000, -14.0000,  0, 0, 0
L 182.9000, 173.3000, -14.0000,  184.9000, 173.3000, -14.0000,  205, 133, 63
L 156.8000, 309.9000, -14.0000,  152.9000, 309.9000, -14.0000,  0, 0, 0
L 154.9000, 316.5000, -14.0000,  154.9000, 313.2000, -14.0000,  205, 133, 63
L 151.0000, 176.6000, -14.0000,  151.0000, 173.3000, -14.0000,  205, 133, 63
L 149.0000, 166.0000, -14.0000,  149.0000, 170.0000, -14.0000,  0, 0, 0
L 184.8000, 184.5000, -14.0000,  184.8000, 202.9000, -14.0000,  0, 0, 0
L 149.0000, 306.0000, -14.0000,  151.0000, 306.0000, -14.0000,  0, 0, 0
L 151.0000, 207.0000, -14.0000,  98.9000, 207.0000, -14.0000,  0, 0, 0
L 184.8000, 184.5000, -14.0000,  189.4000, 186.4000, -14.0000,  150, 150, 150
L 145.9000, 140.2000, -14.0000,  135.7000, 141.8000, -14.0000,  0, 0, 0
L 145.2000, 156.9000, -14.0000,  142.9000, 152.0000, -14.0000,  0, 0, 0
L 151.0000, 316.5000, -14.0000,  151.0000, 313.2000, -14.0000,  205, 133, 63
L 181.0000, 203.9000, -14.0000,  181.0000, 223.4000, -14.0000,  0, 0, 0
L 179.0000, 181.6000, -14.0000,  179.0000, 179.9000, -14.0000,  0, 0, 0
L 156.8000, 179.9000, -14.0000,  149.0000, 179.9000, -14.0000,  0, 0, 0
L 174.6000, 180.5000, -14.0000,  179.0000, 181.6000, -14.0000,  150, 150, 150
L 152.9000, 176.6000, -14.0000,  154.9000, 176.6000, -14.0000,  205, 133, 63
L 164.0000, 200.4000, -14.0000,  174.6000, 180.5000, -14.0000,  150, 150, 150
L 156.8000, 306.0000, -14.0000,  156.8000, 309.9000, -14.0000,  0, 0, 0
L 184.8000, 210.8000, -14.0000,  184.8000, 223.0000, -14.0000,  0, 0, 0
L 115.6000, 223.0000, -14.0000,  156.0000, 223.0000, -14.0000,  0, 0, 0
L 181.0000, 203.9000, -14.0000,  164.0000, 200.4000, -14.0000,  150, 150, 150
L 151.6000, 210.8000, -14.0000,  159.4000, 213.9000, -14.0000,  150, 150, 150
L 151.0000, 313.2000, -14.0000,  152.9000, 313.2000, -14.0000,  205, 133, 63
L 158.7000, 223.0000, -14.0000,  181.0000, 223.4000, -14.0000,  150, 150, 150
L 117.7000, 215.8000, -14.0000,  115.6000, 223.0000, -14.0000,  150, 150, 150
L 181.0000, 223.4000, -14.0000,  181.0000, 227.1000, -14.0000,  0, 0, 0
L 186.8000, 170.0000, -14.0000,  182.9000, 170.0000, -14.0000,  0, 0, 0
L 152.9000, 179.9000, -14.0000,  152.9000, 176.6000, -14.0000,  205, 133, 63
L 181.0000, 176.6000, -14.0000,  182.9000, 176.6000, -14.0000,  205, 133, 63
L 135.7000, 141.8000, -14.0000,  132.5000, 151.1000, -14.0000,  0, 0, 0
L 179.0000, 183.8000, -14.0000,  181.0000, 183.8000, -14.0000,  0, 0, 0
L 132.5000, 151.1000, -14.0000,  135.9000, 159.6000, -14.0000,  0, 0, 0
L 186.8000, 179.9000, -14.0000,  182.9000, 179.9000, -14.0000,  0, 0, 0
L 135.9000, 159.6000, -14.0000,  141.5000, 160.3000, -14.0000,  0, 0, 0
L 184.8000, 183.8000, -14.0000,  186.8000, 183.8000, -14.0000,  0, 0, 0
L 184.8000, 166.0000, -14.0000,  184.8000, 126.8000, -14.0000,  0, 0, 0
L 181.0000, 126.8000, -14.0000,  181.0000, 166.0000, -14.0000,  0, 0, 0
L 142.9000, 152.0000, -14.0000,  146.5000, 151.7000, -14.0000,  0, 0, 0
L 98.9000, 126.8000, -14.0000,  151.0000, 126.8000, -14.0000,  0, 0, 0
L 186.8000, 183.8000, -14.0000,  186.8000, 179.9000, -14.0000,  0, 0, 0
L 128.8000, 226.0000, -14.0000,  156.0000, 226.0000, -14.0000,  0, 0, 0
L 151.0000, 176.6000, -14.0000,  152.9000, 176.6000, -14.0000,  205, 133, 63
L 156.8000, 170.0000, -14.0000,  152.9000, 170.0000, -14.0000,  0, 0, 0
L 154.8000, 166.0000, -14.0000,  154.8000, 126.8000, -14.0000,  0, 0, 0
L 251.0000, 126.8000, -14.0000,  251.0000, 223.0000, -14.0000,  0, 0, 0
L 184.8000, 126.8000, -14.0000,  251.0000, 126.8000, -14.0000,  0, 0, 0
L 149.0000, 166.0000, -14.0000,  151.0000, 166.0000, -14.0000,  0, 0, 0
L 154.8000, 166.0000, -14.0000,  156.8000, 166.0000, -14.0000,  0, 0, 0
L 152.9000, 313.2000, -14.0000,  152.9000, 309.9000, -14.0000,  205, 133, 63
L 152.9000, 309.9000, -14.0000,  149.0000, 309.9000, -14.0000,  0, 0, 0
L 152.9000, 313.2000, -14.0000,  154.9000, 313.2000, -14.0000,  205, 133, 63
L 154.8000, 126.8000, -14.0000,  181.0000, 126.8000, -14.0000,  0, 0, 0
L 179.0000, 306.0000, -14.0000,  181.0000, 306.0000, -14.0000,  0, 0, 0
L 184.8000, 306.0000, -14.0000,  186.8000, 306.0000, -14.0000,  0, 0, 0
L 186.8000, 309.9000, -14.0000,  179.0000, 309.9000, -14.0000,  0, 0, 0
L 179.0000, 306.0000, -14.0000,  179.0000, 309.9000, -14.0000,  0, 0, 0
L 151.0000, 126.8000, -14.0000,  151.0000, 166.0000, -14.0000,  0, 0, 0
L 186.8000, 306.0000, -14.0000,  186.8000, 309.9000, -14.0000,  0, 0, 0
L 186.8000, 166.0000, -14.0000,  186.8000, 170.0000, -14.0000,  0, 0, 0
L 179.0000, 183.8000, -14.0000,  179.0000, 181.6000, -14.0000,  0, 0, 0
L 154.8000, 210.8000, -14.0000,  151.6000, 210.8000, -14.0000,  0, 0, 0
L 156.0000, 226.0000, -14.0000,  156.0000, 223.0000, -14.0000,  0, 0, 0
L 181.0000, 183.8000, -14.0000,  181.0000, 203.9000, -14.0000,  0, 0, 0
L 184.8000, 183.8000, -14.0000,  184.8000, 184.5000, -14.0000,  0, 0, 0
L 156.8000, 166.0000, -14.0000,  156.8000, 170.0000, -14.0000,  0, 0, 0
L 154.9000, 176.6000, -14.0000,  154.9000, 173.3000, -14.0000,  205, 133, 63
L 181.0000, 173.3000, -14.0000,  182.9000, 173.3000, -14.0000,  205, 133, 63
L 154.8000, 300.8000, -14.0000,  154.8000, 293.3000, -14.0000,  0, 0, 0
L 156.8000, 183.8000, -14.0000,  156.8000, 179.9000, -14.0000,  0, 0, 0
L 184.8000, 166.0000, -14.0000,  186.8000, 166.0000, -14.0000,  0, 0, 0
L 154.8000, 183.8000, -14.0000,  156.8000, 183.8000, -14.0000,  0, 0, 0
L 151.0000, 173.3000, -14.0000,  154.9000, 173.3000, -14.0000,  205, 133, 63
L 152.9000, 173.3000, -14.0000,  152.9000, 170.0000, -14.0000,  205, 133, 63
L 154.8000, 183.8000, -14.0000,  154.8000, 210.8000, -14.0000,  0, 0, 0
L 152.9000, 170.0000, -14.0000,  149.0000, 170.0000, -14.0000,  0, 0, 0
L 179.0000, 166.0000, -14.0000,  179.0000, 170.0000, -14.0000,  0, 0, 0
L 149.0000, 183.8000, -14.0000,  151.0000, 183.8000, -14.0000,  0, 0, 0
L 181.0000, 176.6000, -14.0000,  181.0000, 173.3000, -14.0000,  205, 133, 63
L 179.0000, 166.0000, -14.0000,  181.0000, 166.0000, -14.0000,  0, 0, 0
L 189.4000, 186.4000, -14.0000,  184.8000, 202.9000, -14.0000,  150, 150, 150
L 182.9000, 179.9000, -14.0000,  182.9000, 176.6000, -14.0000,  205, 133, 63
L 184.8000, 202.9000, -14.0000,  184.8000, 210.8000, -14.0000,  0, 0, 0
L 184.9000, 176.6000, -14.0000,  184.9000, 173.3000, -14.0000,  205, 133, 63
L 182.9000, 176.6000, -14.0000,  184.9000, 176.6000, -14.0000,  205, 133, 63
L 149.0000, 183.8000, -14.0000,  149.0000, 179.9000, -14.0000,  0, 0, 0
L 182.9000, 179.9000, -14.0000,  179.0000, 179.9000, -14.0000,  0, 0, 0
L -100.9000, 335.0000, -14.0000,  -153.0000, 335.0000, -14.0000,  0, 0, 0
L -1.4000, 215.5000, -14.0000,  -0.0000, 215.5000, -14.0000,  205, 133, 63
L -1.4000, 218.3000, -14.0000,  1.4000, 218.3000, -14.0000,  205, 133, 63
L -0.0000, 221.0000, -14.0000,  2.9000, 221.0000, -14.0000,  0, 0, 0
L 1.4000, 218.3000, -14.0000,  1.4000, 215.5000, -14.0000,  205, 133, 63
L -0.0000, 215.5000, -14.0000,  -0.0000, 212.8000, -14.0000,  205, 133, 63
L -1.4000, 218.3000, -14.0000,  -1.4000, 215.5000, -14.0000,  205, 133, 63
L -0.0000, 215.5000, -14.0000,  1.4000, 215.5000, -14.0000,  205, 133, 63
L -0.0000, 212.8000, -14.0000,  -2.9000, 212.8000, -14.0000,  0, 0, 0
L -0.0000, 221.0000, -14.0000,  -0.0000, 218.3000, -14.0000,  205, 133, 63
L 1.4000, 274.3000, -14.0000,  1.4000, 271.5000, -14.0000,  205, 133, 63
L 2.9000, 212.8000, -14.0000,  -0.0000, 212.8000, -14.0000,  0, 0, 0
L -1.4000, 271.5000, -14.0000,  1.4000, 271.5000, -14.0000,  205, 133, 63
L -0.0000, 277.0000, -14.0000,  2.9000, 277.0000, -14.0000,  0, 0, 0
L -0.0000, 271.5000, -14.0000,  -0.0000, 268.8000, -14.0000,  205, 133, 63
L -0.0000, 268.8000, -14.0000,  -1.4000, 268.8000, -14.0000,  0, 0, 0
L -1.4000, 274.3000, -14.0000,  -1.4000, 271.5000, -14.0000,  205, 133, 63
L -0.0000, 277.0000, -14.0000,  -0.0000, 274.3000, -14.0000,  205, 133, 63
L -0.0000, 274.3000, -14.0000,  1.4000, 274.3000, -14.0000,  205, 133, 63
L -1.4000, 274.3000, -14.0000,  -0.0000, 274.3000, -14.0000,  205, 133, 63
L -52.6000, 299.3000, -14.0000,  -59.7000, 296.9000, -14.0000,  0, 0, 0
L -14.9000, 191.6000, -14.0000,  -20.7000, 198.3000, -14.0000,  150, 150, 150
L -166.0000, 310.8000, -14.0000,  -159.9000, 310.8000, -14.0000,  0, 0, 0
L -2.9000, 282.8000, -14.0000,  -2.9000, 335.0000, -14.0000,  0, 0, 0
L -44.2000, 304.4000, -14.0000,  -51.3000, 304.3000, -14.0000,  150, 150, 150
L -59.7000, 296.9000, -14.0000,  -63.7000, 306.7000, -14.0000,  0, 0, 0
L -96.8000, 269.8000, -14.0000,  -91.1000, 268.6000, -14.0000,  0, 0, 0
L -67.1000, 282.8000, -14.0000,  -2.9000, 282.8000, -14.0000,  0, 0, 0
L -55.4000, 314.1000, -14.0000,  -48.8000, 319.0000, -14.0000,  150, 150, 150
L -55.8000, 308.2000, -14.0000,  -52.6000, 299.3000, -14.0000,  0, 0, 0
L -153.0000, 335.0000, -14.0000,  -153.0000, 316.1000, -14.0000,  0, 0, 0
L -156.8000, 315.6000, -14.0000,  -156.8000, 335.0000, -14.0000,  0, 0, 0
L -94.3000, 275.2000, -14.0000,  -96.8000, 269.8000, -14.0000,  0, 0, 0
L -54.7000, 310.2000, -14.0000,  -55.4000, 314.1000, -14.0000,  150, 150, 150
L -63.7000, 306.7000, -14.0000,  -55.8000, 308.2000, -14.0000,  0, 0, 0
L -156.8000, 335.0000, -14.0000,  -195.0000, 335.0000, -14.0000,  0, 0, 0
L -159.9000, 310.8000, -14.0000,  -156.8000, 315.6000, -14.0000,  0, 0, 0
L -42.4000, 307.2000, -14.0000,  -44.2000, 304.4000, -14.0000,  150, 150, 150
L -100.9000, 266.8000, -14.0000,  -100.9000, 306.0000, -14.0000,  0, 0, 0
L -195.0000, 335.0000, -14.0000,  -195.0000, 310.8000, -14.0000,  0, 0, 0
L -91.1000, 268.6000, -14.0000,  -88.9000, 271.7000, -14.0000,  0, 0, 0
L -150.4000, 302.1000, -14.0000,  -163.9000, 307.0000, -14.0000,  0, 0, 0
L -183.8000, 307.0000, -14.0000,  -195.0000, 307.0000, -14.0000,  0, 0, 0
L -170.8000, 311.8000, -14.0000,  -170.8000, 306.0000, -14.0000,  0, 0, 0
L -2.9000, 335.0000, -14.0000,  -67.1000, 335.0000, -14.0000,  0, 0, 0
L -14.9000, 191.6000, -14.0000,  -14.9000, 207.0000, -14.0000,  0, 0, 0
L -147.4000, 315.6000, -14.0000,  -143.5000, 316.0000, -14.0000,  0, 0, 0
L -146.1000, 301.9000, -14.0000,  -148.5000, 303.3000, -14.0000,  0, 0, 0
L -141.2000, 313.9000, -14.0000,  -140.5000, 310.9000, -14.0000,  0, 0, 0
L -195.0000, 266.8000, -14.0000,  -100.9000, 266.8000, -14.0000,  0, 0, 0
L -195.0000, 310.8000, -14.0000,  -183.8000, 310.8000, -14.0000,  0, 0, 0
L -33.1000, 189.5000, -14.0000,  -29.7000, 182.1000, -14.0000,  150, 150, 150
L -51.3000, 304.3000, -14.0000,  -54.7000, 310.2000, -14.0000,  150, 150, 150
L -52.3000, 129.0000, -14.0000,  -55.2000, 136.7000, -14.0000,  150, 150, 150
L -67.1000, 157.5000, -14.0000,  -61.4000, 157.9000, -14.0000,  150, 150, 150
L -67.1000, 157.5000, -14.0000,  -67.1000, 126.8000, -14.0000,  0, 0, 0
L -48.8000, 319.0000, -14.0000,  -42.4000, 307.2000, -14.0000,  150, 150, 150
L -163.9000, 307.0000, -14.0000,  -166.0000, 307.0000, -14.0000,  0, 0, 0
L -140.5000, 310.9000, -14.0000,  -146.1000, 301.9000, -14.0000,  0, 0, 0
L -100.9000, 323.8000, -14.0000,  -100.9000, 335.0000, -14.0000,  0, 0, 0
L -148.5000, 303.3000, -14.0000,  -150.4000, 302.1000, -14.0000,  0, 0, 0
L -143.5000, 316.0000, -14.0000,  -141.2000, 313.9000, -14.0000,  0, 0, 0
L -179.0000, 311.8000, -14.0000,  -179.0000, 306.0000, -14.0000,  0, 0, 0
L -67.1000, 335.0000, -14.0000,  -67.1000, 323.8000, -14.0000,  0, 0, 0
L -38.9000, 185.4000, -14.0000,  -33.1000, 189.5000, -14.0000,  150, 150, 150
L -67.1000, 306.0000, -14.0000,  -67.1000, 282.8000, -14.0000,  0, 0, 0
L -153.0000, 316.1000, -14.0000,  -147.4000, 315.6000, -14.0000,  0, 0, 0
L -195.0000, 307.0000, -14.0000,  -195.0000, 266.8000, -14.0000,  0, 0, 0
L -88.9000, 271.7000, -14.0000,  -94.3000, 275.2000, -14.0000,  0, 0, 0
L -55.9000, 162.8000, -14.0000,  -55.6000, 165.9000, -14.0000,  150, 150, 150
L -67.1000, 163.7000, -14.0000,  -55.9000, 162.8000, -14.0000,  150, 150, 150
L -67.1000, 163.7000, -14.0000,  -67.1000, 157.5000, -14.0000,  0, 0, 0
L -70.9000, 323.8000, -14.0000,  -70.9000, 342.7000, -14.0000,  0, 0, 0
L -56.4000, 158.3000, -14.0000,  -56.8000, 153.5000, -14.0000,  150, 150, 150
L -61.4000, 157.9000, -14.0000,  -56.4000, 158.3000, -14.0000,  150, 150, 150
L -70.9000, 279.0000, -14.0000,  -2.9000, 279.0000, -14.0000,  0, 0, 0
L -124.2000, 144.7000, -14.0000,  -132.0000, 150.5000, -14.0000,  0, 0, 0
L -70.9000, 210.8000, -14.0000,  -70.9000, 183.8000, -14.0000,  0, 0, 0
L -67.1000, 126.8000, -14.0000,  -14.9000, 126.8000, -14.0000,  0, 0, 0
L -37.5000, 196.0000, -14.0000,  -39.5000, 188.5000, -14.0000,  150, 150, 150
L 16.2000, 245.7000, -14.0000,  22.2000, 238.1000, -14.0000,  0, 0, 0
L -97.1000, 266.8000, -14.0000,  -97.1000, 306.0000, -14.0000,  0, 0, 0
L -14.9000, 207.0000, -14.0000,  -67.1000, 207.0000, -14.0000,  0, 0, 0
L -20.7000, 198.3000, -14.0000,  -26.9000, 192.8000, -14.0000,  150, 150, 150
L -26.9000, 192.8000, -14.0000,  -21.0000, 186.2000, -14.0000,  150, 150, 150
L -2.9000, 266.8000, -14.0000,  -97.1000, 266.8000, -14.0000,  0, 0, 0
L -70.9000, 126.8000, -14.0000,  -97.1000, 126.8000, -14.0000,  0, 0, 0
L -70.9000, 306.0000, -14.0000,  -70.9000, 279.0000, -14.0000,  0, 0, 0
L -43.9000, 196.2000, -14.0000,  -37.5000, 196.0000, -14.0000,  150, 150, 150
L -34.9000, 178.2000, -14.0000,  -38.9000, 185.4000, -14.0000,  150, 150, 150
L -21.0000, 186.2000, -14.0000,  -14.9000, 191.6000, -14.0000,  150, 150, 150
L -132.0000, 150.5000, -14.0000,  -133.5000, 147.9000, -14.0000,  0, 0, 0
L -46.6000, 189.9000, -14.0000,  -43.9000, 196.2000, -14.0000,  150, 150, 150
L -70.9000, 166.0000, -14.0000,  -70.9000, 126.8000, -14.0000,  0, 0, 0
L 22.2000, 238.1000, -14.0000,  33.8000, 246.5000, -14.0000,  0, 0, 0
L 33.8000, 255.5000, -14.0000,  16.2000, 245.7000, -14.0000,  0, 0, 0
L -100.9000, 126.8000, -14.0000,  -167.0000, 126.8000, -14.0000,  0, 0, 0
L -133.5000, 147.9000, -14.0000,  -140.2000, 155.8000, -14.0000,  0, 0, 0
L -167.0000, 126.8000, -14.0000,  -167.0000, 223.0000, -14.0000,  0, 0, 0
L -67.1000, 166.0000, -14.0000,  -67.1000, 163.7000, -14.0000,  0, 0, 0
L -125.1000, 158.0000, -14.0000,  -120.1000, 154.0000, -14.0000,  0, 0, 0
L -29.7000, 182.1000, -14.0000,  -34.9000, 178.2000, -14.0000,  150, 150, 150
L -140.2000, 155.8000, -14.0000,  -131.5000, 182.0000, -14.0000,  0, 0, 0
L -39.5000, 188.5000, -14.0000,  -46.6000, 189.9000, -14.0000,  150, 150, 150
L -97.1000, 323.8000, -14.0000,  -97.1000, 350.2000, -14.0000,  0, 0, 0
L -67.1000, 207.0000, -14.0000,  -67.1000, 183.8000, -14.0000,  0, 0, 0
L -97.1000, 223.0000, -14.0000,  -2.9000, 223.0000, -14.0000,  0, 0, 0
L -167.0000, 223.0000, -14.0000,  -100.9000, 223.0000, -14.0000,  0, 0, 0
L -2.9000, 210.8000, -14.0000,  -70.9000, 210.8000, -14.0000,  0, 0, 0
L 0.0000, 321.0000, -14.0000,  14.0000, 334.0000, -14.0000,  0, 0, 0
L 14.0000, 334.0000, -14.0000,  28.0000, 334.0000, -14.0000,  0, 0, 0
L -97.0000, 316.5000, -14.0000,  -97.0000, 313.2000, -14.0000,  205, 133, 63
L -100.9000, 313.2000, -14.0000,  -99.0000, 313.2000, -14.0000,  205, 133, 63
L -100.9000, 316.5000, -14.0000,  -100.9000, 313.2000, -14.0000,  205, 133, 63
L -102.9000, 306.0000, -14.0000,  -102.9000, 309.9000, -14.0000,  0, 0, 0
L -72.9000, 323.8000, -14.0000,  -72.9000, 319.8000, -14.0000,  0, 0, 0
L -70.9000, 316.5000, -14.0000,  -70.9000, 313.2000, -14.0000,  205, 133, 63
L -65.1000, 306.0000, -14.0000,  -65.1000, 309.9000, -14.0000,  0, 0, 0
L -95.1000, 319.8000, -14.0000,  -99.0000, 319.8000, -14.0000,  0, 0, 0
L -72.9000, 306.0000, -14.0000,  -70.9000, 306.0000, -14.0000,  0, 0, 0
L -95.1000, 309.9000, -14.0000,  -99.0000, 309.9000, -14.0000,  0, 0, 0
L -67.1000, 306.0000, -14.0000,  -65.1000, 306.0000, -14.0000,  0, 0, 0
L -69.0000, 313.2000, -14.0000,  -69.0000, 309.9000, -14.0000,  205, 133, 63
L -69.0000, 309.9000, -14.0000,  -72.9000, 309.9000, -14.0000,  0, 0, 0
L -69.0000, 313.2000, -14.0000,  -67.0000, 313.2000, -14.0000,  205, 133, 63
L -70.9000, 313.2000, -14.0000,  -69.0000, 313.2000, -14.0000,  205, 133, 63
L -95.1000, 323.8000, -14.0000,  -95.1000, 319.8000, -14.0000,  0, 0, 0
L -118.8000, 149.9000, -14.0000,  -120.1000, 154.0000, -14.0000,  0, 0, 0
L -102.9000, 306.0000, -14.0000,  -100.9000, 306.0000, -14.0000,  0, 0, 0
L -65.1000, 323.8000, -14.0000,  -65.1000, 319.8000, -14.0000,  0, 0, 0
L -99.0000, 319.8000, -14.0000,  -99.0000, 316.5000, -14.0000,  205, 133, 63
L -99.0000, 316.5000, -14.0000,  -97.0000, 316.5000, -14.0000,  205, 133, 63
L -99.0000, 319.8000, -14.0000,  -102.9000, 319.8000, -14.0000,  0, 0, 0
L -97.1000, 306.0000, -14.0000,  -95.1000, 306.0000, -14.0000,  0, 0, 0
L -69.0000, 319.8000, -14.0000,  -69.0000, 316.5000, -14.0000,  205, 133, 63
L -69.0000, 316.5000, -14.0000,  -67.0000, 316.5000, -14.0000,  205, 133, 63
L -69.0000, 319.8000, -14.0000,  -72.9000, 319.8000, -14.0000,  0, 0, 0
L -72.9000, 306.0000, -14.0000,  -72.9000, 309.9000, -14.0000,  0, 0, 0
L -70.9000, 316.5000, -14.0000,  -69.0000, 316.5000, -14.0000,  205, 133, 63
L -67.0000, 316.5000, -14.0000,  -67.0000, 313.2000, -14.0000,  205, 133, 63
L -95.1000, 306.0000, -14.0000,  -95.1000, 309.9000, -14.0000,  0, 0, 0
L -72.9000, 323.8000, -14.0000,  -70.9000, 323.8000, -14.0000,  0, 0, 0
L -100.9000, 316.5000, -14.0000,  -99.0000, 316.5000, -14.0000,  205, 133, 63
L -67.1000, 323.8000, -14.0000,  -65.1000, 323.8000, -14.0000,  0, 0, 0
L -99.0000, 313.2000, -14.0000,  -99.0000, 309.9000, -14.0000,  205, 133, 63
L -99.0000, 309.9000, -14.0000,  -102.9000, 309.9000, -14.0000,  0, 0, 0
L -99.0000, 313.2000, -14.0000,  -97.0000, 313.2000, -14.0000,  205, 133, 63
L -102.9000, 323.8000, -14.0000,  -102.9000, 319.8000, -14.0000,  0, 0, 0
L -97.1000, 323.8000, -14.0000,  -95.1000, 323.8000, -14.0000,  0, 0, 0
L -65.1000, 319.8000, -14.0000,  -69.0000, 319.8000, -14.0000,  0, 0, 0
L -65.1000, 309.9000, -14.0000,  -69.0000, 309.9000, -14.0000,  0, 0, 0
L -70.9000, 176.6000, -14.0000,  -69.0000, 176.6000, -14.0000,  205, 133, 63
L -72.9000, 183.8000, -14.0000,  -72.9000, 179.9000, -14.0000,  0, 0, 0
L -65.1000, 166.0000, -14.0000,  -65.1000, 170.0000, -14.0000,  0, 0, 0
L -67.1000, 166.0000, -14.0000,  -65.1000, 166.0000, -14.0000,  0, 0, 0
L -72.9000, 166.0000, -14.0000,  -72.9000, 170.0000, -14.0000,  0, 0, 0
L -70.9000, 173.3000, -14.0000,  -69.0000, 173.3000, -14.0000,  205, 133, 63
L -65.1000, 170.0000, -14.0000,  -69.0000, 170.0000, -14.0000,  0, 0, 0
L -65.1000, 179.9000, -14.0000,  -69.0000, 179.9000, -14.0000,  0, 0, 0
L -72.9000, 183.8000, -14.0000,  -70.9000, 183.8000, -14.0000,  0, 0, 0
L -70.9000, 176.6000, -14.0000,  -70.9000, 173.3000, -14.0000,  205, 133, 63
L -102.9000, 323.8000, -14.0000,  -100.9000, 323.8000, -14.0000,  0, 0, 0
L -65.1000, 183.8000, -14.0000,  -65.1000, 179.9000, -14.0000,  0, 0, 0
L -69.0000, 173.3000, -14.0000,  -69.0000, 170.0000, -14.0000,  205, 133, 63
L -69.0000, 170.0000, -14.0000,  -72.9000, 170.0000, -14.0000,  0, 0, 0
L -69.0000, 173.3000, -14.0000,  -67.0000, 173.3000, -14.0000,  205, 133, 63
L -67.1000, 183.8000, -14.0000,  -65.1000, 183.8000, -14.0000,  0, 0, 0
L -67.0000, 176.6000, -14.0000,  -67.0000, 173.3000, -14.0000,  205, 133, 63
L -69.0000, 179.9000, -14.0000,  -69.0000, 176.6000, -14.0000,  205, 133, 63
L -69.0000, 176.6000, -14.0000,  -67.0000, 176.6000, -14.0000,  205, 133, 63
L -69.0000, 179.9000, -14.0000,  -72.9000, 179.9000, -14.0000,  0, 0, 0
L -97.1000, 183.8000, -14.0000,  -95.1000, 183.8000, -14.0000,  0, 0, 0
L -95.1000, 183.8000, -14.0000,  -95.1000, 179.9000, -14.0000,  0, 0, 0
L -95.1000, 179.9000, -14.0000,  -102.9000, 179.9000, -14.0000,  0, 0, 0
L -95.1000, 170.0000, -14.0000,  -102.9000, 170.0000, -14.0000,  0, 0, 0
L -102.9000, 166.0000, -14.0000,  -102.9000, 170.0000, -14.0000,  0, 0, 0
L -118.0000, 167.3000, -14.0000,  -125.1000, 158.0000, -14.0000,  0, 0, 0
L -131.5000, 182.0000, -14.0000,  -118.0000, 167.3000, -14.0000,  0, 0, 0
L -100.9000, 223.0000, -14.0000,  -100.9000, 183.8000, -14.0000,  0, 0, 0
L -104.1000, 184.7000, -14.0000,  -101.0000, 192.7000, -14.0000,  150, 150, 150
L -106.0000, 196.3000, -14.0000,  -109.9000, 194.0000, -14.0000,  150, 150, 150
L -119.8000, 190.5000, -14.0000,  -113.3000, 193.3000, -14.0000,  150, 150, 150
L -110.6000, 190.4000, -14.0000,  -104.1000, 184.7000, -14.0000,  150, 150, 150
L -102.9000, 166.0000, -14.0000,  -100.9000, 166.0000, -14.0000,  0, 0, 0
L -97.1000, 183.8000, -14.0000,  -97.1000, 223.0000, -14.0000,  0, 0, 0
L -97.1000, 166.0000, -14.0000,  -95.1000, 166.0000, -14.0000,  0, 0, 0
L -101.0000, 192.7000, -14.0000,  -106.0000, 196.3000, -14.0000,  150, 150, 150
L -97.1000, 126.8000, -14.0000,  -97.1000, 166.0000, -14.0000,  0, 0, 0
L -109.9000, 194.0000, -14.0000,  -110.6000, 190.4000, -14.0000,  150, 150, 150
L -100.9000, 166.0000, -14.0000,  -100.9000, 126.8000, -14.0000,  0, 0, 0
L -117.9000, 183.2000, -14.0000,  -119.8000, 190.5000, -14.0000,  150, 150, 150
L -113.3000, 193.3000, -14.0000,  -111.4000, 186.3000, -14.0000,  150, 150, 150
L -95.1000, 166.0000, -14.0000,  -95.1000, 170.0000, -14.0000,  0, 0, 0
L -111.4000, 186.3000, -14.0000,  -117.9000, 183.2000, -14.0000,  150, 150, 150
L -124.2000, 144.7000, -14.0000,  -118.8000, 149.9000, -14.0000,  0, 0, 0
L -72.9000, 166.0000, -14.0000,  -70.9000, 166.0000, -14.0000,  0, 0, 0
L -102.9000, 183.8000, -14.0000,  -102.9000, 179.9000, -14.0000,  0, 0, 0
L -102.9000, 183.8000, -14.0000,  -100.9000, 183.8000, -14.0000,  0, 0, 0
L -1.4000, 268.8000, -14.0000,  -2.9000, 268.8000, -14.0000,  0, 0, 0
L 0.0000, 226.8000, -14.0000,  0.0000, 263.0000, -14.0000,  0, 0, 0
L 0.0000, 282.8000, -14.0000,  0.0000, 321.0000, -14.0000,  0, 0, 0
L 0.0000, 263.0000, -14.0000,  2.9000, 263.0000, -14.0000,  0, 0, 0
L -2.9000, 277.0000, -14.0000,  -0.0000, 277.0000, -14.0000,  0, 0, 0
L -166.0000, 307.0000, -14.0000,  -166.0000, 306.0000, -14.0000,  0, 0, 0
L -179.0000, 311.8000, -14.0000,  -183.8000, 311.8000, -14.0000,  0, 0, 0
L -56.4000, 158.3000, -14.0000,  -55.9000, 162.8000, -14.0000,  150, 150, 150
L -170.8000, 306.0000, -14.0000,  -166.0000, 306.0000, -14.0000,  0, 0, 0
L -179.0000, 306.0000, -14.0000,  -183.8000, 306.0000, -14.0000,  0, 0, 0
L -183.8000, 310.8000, -14.0000,  -183.8000, 311.8000, -14.0000,  0, 0, 0
L -166.0000, 311.8000, -14.0000,  -166.0000, 310.8000, -14.0000,  0, 0, 0
L 2.9000, 277.0000, -14.0000,  2.9000, 282.8000, -14.0000,  0, 0, 0
L -170.8000, 311.8000, -14.0000,  -166.0000, 311.8000, -14.0000,  0, 0, 0
L 0.0000, 282.8000, -14.0000,  2.9000, 282.8000, -14.0000,  0, 0, 0
L -183.8000, 307.0000, -14.0000,  -183.8000, 306.0000, -14.0000,  0, 0, 0
L 0.0000, 167.0000, -13.0000,  0.0000, 207.0000, -14.0000,  0, 0, 0
L -2.9000, 279.0000, -14.0000,  -2.9000, 277.0000, -14.0000,  0, 0, 0
L -2.9000, 266.8000, -14.0000,  -2.9000, 268.8000, -14.0000,  0, 0, 0
L 2.9000, 221.0000, -14.0000,  2.9000, 226.8000, -14.0000,  0, 0, 0
L 0.0000, 226.8000, -14.0000,  2.9000, 226.8000, -14.0000,  0, 0, 0
L 0.0000, 207.0000, -14.0000,  2.9000, 207.0000, -14.0000,  0, 0, 0
L 2.9000, 268.8000, -14.0000,  -0.0000, 268.8000, -14.0000,  0, 0, 0
L -2.9000, 221.0000, -14.0000,  -2.9000, 223.0000, -14.0000,  0, 0, 0
L -2.9000, 210.8000, -14.0000,  -2.9000, 212.8000, -14.0000,  0, 0, 0
L 2.9000, 263.0000, -14.0000,  2.9000, 268.8000, -14.0000,  0, 0, 0
L -2.9000, 221.0000, -14.0000,  -0.0000, 221.0000, -14.0000,  0, 0, 0
L 2.9000, 207.0000, -14.0000,  2.9000, 212.8000, -14.0000,  0, 0, 0
L 34.0000, 352.0000, -14.0000,  39.0000, 349.0000, -14.0000,  0, 0, 0
L 55.0000, 334.0000, -14.0000,  69.0000, 334.0000, -14.0000,  0, 0, 0
L 28.0000, 347.0000, -14.0000,  34.0000, 352.0000, -14.0000,  0, 0, 0
L 55.0000, 343.0000, -14.0000,  55.0000, 334.0000, -14.0000,  0, 0, 0
L 39.0000, 349.0000, -14.0000,  46.0000, 349.0000, -14.0000,  0, 0, 0
L 48.0000, 348.0000, -14.0000,  55.0000, 350.0000, -14.0000,  0, 0, 0
L 28.0000, 334.0000, -14.0000,  28.0000, 347.0000, -14.0000,  0, 0, 0
L 46.0000, 349.0000, -14.0000,  48.0000, 348.0000, -14.0000,  0, 0, 0
L 55.0000, 350.0000, -14.0000,  55.0000, 343.0000, -14.0000,  0, 0, 0
L 69.0000, 334.0000, -14.0000,  83.0000, 321.0000, -14.0000,  0, 0, 0
L 232.0000, 374.5000, -35.5000,  222.5000, 387.5000, -32.0000,  150, 150, 150
L 222.5000, 387.5000, -32.0000,  214.0000, 385.0000, -35.0000,  0, 0, 0
L 232.0000, 374.5000, -35.5000,  229.0000, 370.0000, -39.0000,  150, 150, 150
L 259.0000, 340.0000, -26.0000,  275.0000, 322.0000, -20.0000,  150, 150, 150
L 259.0000, 340.0000, -26.0000,  254.0000, 338.0000, -14.0000,  150, 150, 150
L 259.0000, 340.0000, -26.0000,  278.0000, 329.0000, -22.0000,  150, 150, 150
L 271.0000, 348.0000, -26.5000,  276.0000, 348.0000, -23.0000,  150, 150, 150
L 276.0000, 348.0000, -23.0000,  278.0000, 355.0000, -22.0000,  0, 0, 0
L 271.0000, 348.0000, -26.5000,  269.0000, 342.0000, -26.0000,  150, 150, 150
L 256.0000, 371.5000, -22.8000,  263.0000, 380.0000, -22.0000,  150, 150, 150
L 256.0000, 371.5000, -22.8000,  253.0000, 373.0000, -23.5000,  150, 150, 150
L 268.0000, 358.0000, -24.0000,  276.0000, 365.0000, -21.0000,  150, 150, 150
L 268.0000, 358.0000, -24.0000,  263.0000, 362.0000, -21.0000,  150, 150, 150
L 269.0000, 342.0000, -26.0000,  274.0000, 341.0000, -24.0000,  150, 150, 150
L 273.0000, 354.0000, -27.0000,  278.0000, 355.0000, -22.0000,  150, 150, 150
L 263.0000, 362.0000, -21.0000,  268.0000, 369.0000, -20.0000,  150, 150, 150
L 259.0000, 370.0000, -22.0000,  268.0000, 377.0000, -21.0000,  150, 150, 150
L 253.0000, 373.0000, -23.5000,  253.0000, 381.0000, -25.0000,  150, 150, 150
L 253.0000, 373.0000, -23.5000,  247.0000, 376.0000, -25.0000,  150, 150, 150
L 247.0000, 376.0000, -25.0000,  249.0000, 388.0000, -27.0000,  150, 150, 150
L 241.0000, 377.5000, -28.5000,  240.0000, 386.0000, -28.0000,  150, 150, 150
L 241.0000, 377.5000, -28.5000,  235.0000, 379.0000, -32.0000,  150, 150, 150
L 235.0000, 379.0000, -32.0000,  231.0000, 390.0000, -29.0000,  150, 150, 150
L 229.0000, 370.0000, -39.0000,  214.0000, 385.0000, -35.0000,  150, 150, 150
L 202.0000, 338.0000, -14.0000,  187.0000, 351.0000, -16.0000,  0, 0, 0
L 151.5000, 352.6000, -14.0000,  146.9000, 358.1000, -42.0000,  178, 102, 255
L 83.0000, 163.0000, -11.4000,  0.0000, 163.7000, -11.4000,  150, 150, 150
L 0.0000, 163.7000, -11.4000,  0.0000, 167.0000, -13.0000,  0, 0, 0
L 83.0000, 163.0000, -11.4000,  83.0000, 160.0000, -9.8000,  0, 0, 0
L 83.0000, 157.0000, -8.1000,  0.0000, 157.2000, -8.1000,  150, 150, 150
L 0.0000, 157.2000, -8.1000,  0.0000, 160.5000, -9.8000,  0, 0, 0
L 83.0000, 157.0000, -8.1000,  83.0000, 154.0000, -6.5000,  0, 0, 0
L 79.5000, 150.5000, -4.9000,  3.5000, 150.5000, -4.9000,  150, 150, 150
L 3.5000, 150.5000, -4.9000,  0.0000, 154.0000, -6.5000,  0, 0, 0
L 79.5000, 150.5000, -4.9000,  76.0000, 147.0000, -3.2000,  0, 0, 0
L 72.5000, 143.5000, -1.6000,  10.5000, 143.5000, -1.6000,  150, 150, 150
L 10.5000, 143.5000, -1.6000,  7.0000, 147.0000, -3.2000,  0, 0, 0
L 72.5000, 143.5000, -1.6000,  69.0000, 140.0000, 0.0000,  0, 0, 0
L 76.0000, 147.0000, -3.2000,  7.0000, 147.0000, -3.2000,  150, 150, 150
L 7.0000, 147.0000, -3.2000,  3.5000, 150.5000, -4.9000,  0, 0, 0
L 76.0000, 147.0000, -3.2000,  72.5000, 143.5000, -1.6000,  0, 0, 0
L 83.0000, 160.0000, -9.8000,  0.0000, 160.5000, -9.8000,  150, 150, 150
L 0.0000, 160.5000, -9.8000,  0.0000, 163.7000, -11.4000,  0, 0, 0
L 83.0000, 160.0000, -9.8000,  83.0000, 157.0000, -8.1000,  0, 0, 0
L 83.0000, 154.0000, -6.5000,  0.0000, 154.0000, -6.5000,  150, 150, 150
L 83.0000, 154.0000, -6.5000,  79.5000, 150.5000, -4.9000,  0, 0, 0
L 14.0000, 140.0000, 0.0000,  10.5000, 143.5000, -1.6000,  0, 0, 0
L 83.0000, 167.0000, -13.0000,  0.0000, 167.0000, -13.0000,  150, 150, 150
L 69.0000, 140.0000, 0.0000,  14.0000, 140.0000, 0.0000,  150, 150, 150
L 83.0000, 167.0000, -13.0000,  83.0000, 166.0000, -13.0000,  0, 0, 0
L 83.0000, 166.0000, -13.0000,  83.0000, 163.0000, -11.4000,  0, 0, 0
L 0.0000, 154.0000, -6.5000,  0.0000, 157.2000, -8.1000,  0, 0, 0
L -108.3000, 564.5000, -42.0000,  -110.3000, 561.8000, -42.0000,  178, 102, 255
L -167.0000, 572.9000, -42.0000,  -116.9000, 572.9000, -42.0000,  178, 102, 255
L -116.9000, 572.9000, -42.0000,  -116.9000, 571.7000, -42.0000,  178, 102, 255
L -116.9000, 560.7000, -42.0000,  -116.9000, 561.8000, -42.0000,  178, 102, 255
L -109.1000, 575.7000, -42.0000,  -109.1000, 571.7000, -42.0000,  178, 102, 255
L -109.1000, 571.7000, -42.0000,  -113.2000, 571.7000, -42.0000,  178, 102, 255
L -111.1000, 575.7000, -42.0000,  -109.1000, 575.7000, -42.0000,  178, 102, 255
L -110.3000, 561.8000, -42.0000,  -113.2000, 561.8000, -42.0000,  178, 102, 255
L -111.1000, 575.6000, -42.0000,  -111.1000, 575.7000, -42.0000,  178, 102, 255
L 154.0000, 420.6000, -41.0000,  154.0000, 443.9000, -41.0000,  178, 102, 255
L 154.0000, 443.9000, -41.0000,  154.0000, 476.0000, -41.0000,  178, 102, 255
L 198.0000, 335.0000, -14.0000,  209.2000, 335.0000, -14.0000,  0, 0, 0
L 193.1000, 335.0000, -14.0000,  198.0000, 335.0000, -14.0000,  0, 0, 0
L 55.0000, 386.7000, -37.7000,  28.3000, 386.7000, -37.7000,  150, 150, 150
L 55.0000, 386.7000, -37.7000,  55.0000, 384.0000, -36.0000,  178, 102, 255
L 28.3000, 389.4000, -37.7000,  55.0000, 388.5000, -38.8000,  150, 150, 150
L 55.0000, 388.5000, -38.8000,  55.0000, 386.7000, -37.7000,  178, 102, 255
L 28.3000, 389.4000, -37.7000,  28.1000, 390.7000, -38.8000,  178, 102, 255
L 55.0000, 390.3000, -39.9000,  28.1000, 390.7000, -38.8000,  150, 150, 150
L 28.1000, 390.7000, -38.8000,  28.0000, 392.0000, -40.0000,  178, 102, 255
L 55.0000, 390.3000, -39.9000,  55.0000, 388.5000, -38.8000,  178, 102, 255
L 14.9000, 435.7000, -42.0000,  14.9000, 447.8000, -42.0000,  178, 102, 255
L 14.9000, 418.0000, -42.0000,  16.9000, 418.0000, -42.0000,  178, 102, 255
L 13.0000, 431.8000, -42.0000,  13.0000, 428.5000, -42.0000,  205, 133, 63
L 16.9000, 431.8000, -42.0000,  13.0000, 431.8000, -42.0000,  178, 102, 255
L 16.9000, 435.7000, -42.0000,  16.9000, 431.8000, -42.0000,  178, 102, 255
L 16.9000, 421.9000, -42.0000,  13.0000, 421.9000, -42.0000,  178, 102, 255
L 13.0000, 425.2000, -42.0000,  13.0000, 421.9000, -42.0000,  205, 133, 63
L 9.1000, 435.7000, -42.0000,  9.1000, 431.8000, -42.0000,  178, 102, 255
L 9.1000, 418.0000, -42.0000,  9.1000, 421.9000, -42.0000,  178, 102, 255
L 16.9000, 418.0000, -42.0000,  16.9000, 421.9000, -42.0000,  178, 102, 255
L 13.0000, 421.9000, -42.0000,  9.1000, 421.9000, -42.0000,  178, 102, 255
L 11.1000, 428.5000, -42.0000,  11.1000, 425.2000, -42.0000,  205, 133, 63
L 14.9000, 435.7000, -42.0000,  16.9000, 435.7000, -42.0000,  178, 102, 255
L 13.0000, 431.8000, -42.0000,  9.1000, 431.8000, -42.0000,  178, 102, 255
L 11.1000, 428.5000, -42.0000,  13.0000, 428.5000, -42.0000,  205, 133, 63
L 9.1000, 435.7000, -42.0000,  11.1000, 435.7000, -42.0000,  178, 102, 255
L 9.1000, 418.0000, -42.0000,  11.1000, 418.0000, -42.0000,  178, 102, 255
L 13.0000, 425.2000, -42.0000,  14.9000, 425.2000, -42.0000,  205, 133, 63
L 11.1000, 425.2000, -42.0000,  13.0000, 425.2000, -42.0000,  205, 133, 63
L 13.0000, 428.5000, -42.0000,  14.9000, 428.5000, -42.0000,  205, 133, 63
L 14.9000, 428.5000, -42.0000,  14.9000, 425.2000, -42.0000,  205, 133, 63
L 67.1000, 432.6000, -42.0000,  67.1000, 431.8000, -42.0000,  178, 102, 255
L 67.1000, 418.0000, -42.0000,  67.1000, 421.9000, -42.0000,  178, 102, 255
L 71.0000, 425.2000, -42.0000,  71.0000, 421.9000, -42.0000,  205, 133, 63
L 74.9000, 421.9000, -42.0000,  71.0000, 421.9000, -42.0000,  178, 102, 255
L 69.0000, 428.5000, -42.0000,  69.0000, 425.2000, -42.0000,  205, 133, 63
L 71.0000, 421.9000, -42.0000,  67.1000, 421.9000, -42.0000,  178, 102, 255
L 74.9000, 418.0000, -42.0000,  74.9000, 421.9000, -42.0000,  178, 102, 255
L 74.9000, 431.8000, -42.0000,  71.0000, 431.8000, -42.0000,  178, 102, 255
L 71.0000, 431.8000, -42.0000,  71.0000, 428.5000, -42.0000,  205, 133, 63
L 74.9000, 435.7000, -42.0000,  74.9000, 431.8000, -42.0000,  178, 102, 255
L 72.9000, 418.0000, -42.0000,  74.9000, 418.0000, -42.0000,  178, 102, 255
L 71.0000, 431.8000, -42.0000,  67.1000, 431.8000, -42.0000,  178, 102, 255
L 69.0000, 428.5000, -42.0000,  71.0000, 428.5000, -42.0000,  205, 133, 63
L 67.1000, 418.0000, -42.0000,  69.1000, 418.0000, -42.0000,  178, 102, 255
L 72.9000, 435.7000, -42.0000,  74.9000, 435.7000, -42.0000,  178, 102, 255
L 71.0000, 425.2000, -42.0000,  72.9000, 425.2000, -42.0000,  205, 133, 63
L 71.0000, 428.5000, -42.0000,  72.9000, 428.5000, -42.0000,  205, 133, 63
L 72.9000, 428.5000, -42.0000,  72.9000, 425.2000, -42.0000,  205, 133, 63
L 69.0000, 425.2000, -42.0000,  71.0000, 425.2000, -42.0000,  205, 133, 63
L 156.8000, 323.8000, -14.0000,  156.8000, 319.8000, -14.0000,  0, 0, 0
L 149.0000, 323.8000, -14.0000,  151.0000, 323.8000, -14.0000,  0, 0, 0
L 151.0000, 316.5000, -14.0000,  152.9000, 316.5000, -14.0000,  205, 133, 63
L 156.8000, 319.8000, -14.0000,  152.9000, 319.8000, -14.0000,  0, 0, 0
L 152.9000, 316.5000, -14.0000,  154.9000, 316.5000, -14.0000,  205, 133, 63
L 149.0000, 323.8000, -14.0000,  149.0000, 319.8000, -14.0000,  0, 0, 0
L 154.8000, 323.8000, -14.0000,  156.8000, 323.8000, -14.0000,  0, 0, 0
L 152.9000, 319.8000, -14.0000,  149.0000, 319.8000, -14.0000,  0, 0, 0
L 152.9000, 319.8000, -14.0000,  152.9000, 316.5000, -14.0000,  205, 133, 63
L 179.0000, 323.8000, -14.0000,  181.0000, 323.8000, -14.0000,  0, 0, 0
L 186.8000, 323.8000, -14.0000,  186.8000, 319.8000, -14.0000,  0, 0, 0
L 184.8000, 323.8000, -14.0000,  186.8000, 323.8000, -14.0000,  0, 0, 0
L 186.8000, 319.8000, -14.0000,  179.0000, 319.8000, -14.0000,  0, 0, 0
L 179.0000, 323.8000, -14.0000,  179.0000, 319.8000, -14.0000,  0, 0, 0
L 14.0000, 96.3000, 0.0000,  14.0000, 140.0000, 0.0000,  0, 0, 0
L 14.0000, 89.3000, 0.0000,  14.0000, 96.3000, 0.0000,  0, 0, 0
L 189.8000, 885.7000, -70.0000,  192.5000, 894.0000, -69.0000,  150, 150, 150
L 182.8000, 886.4000, -69.2000,  189.8000, 885.7000, -70.0000,  150, 150, 150
L 182.8000, 854.4000, -70.0000,  182.8000, 886.4000, -69.2000,  102, 0, 204
L 185.6000, 840.6000, -70.0000,  184.3000, 834.0000, -68.6000,  150, 150, 150
L 193.4000, 836.7000, -70.0000,  185.6000, 840.6000, -70.0000,  150, 150, 150
L 216.6000, 824.2000, -69.9000,  193.4000, 836.7000, -70.0000,  150, 150, 150
L 209.7000, 813.0000, -70.0000,  216.6000, 824.2000, -69.9000,  150, 150, 150
L 184.3000, 834.0000, -68.6000,  209.7000, 813.0000, -70.0000,  150, 150, 150
L 141.3000, 978.5000, -71.6000,  127.8000, 984.7000, -68.8000,  150, 150, 150
L 147.0000, 992.4000, -68.5000,  141.3000, 978.5000, -71.6000,  150, 150, 150
L 96.1000, 732.5000, -69.7000,  106.5000, 733.9000, -70.5000,  150, 150, 150
L 78.8000, 736.8000, -68.9000,  96.1000, 732.5000, -69.7000,  150, 150, 150
L 70.9000, 750.9000, -69.3000,  78.8000, 736.8000, -68.9000,  150, 150, 150
L 73.9000, 768.0000, -69.9000,  70.9000, 750.9000, -69.3000,  150, 150, 150
L 81.4000, 774.6000, -67.8000,  73.9000, 768.0000, -69.9000,  150, 150, 150
L 80.2000, 848.4000, -70.0000,  92.5000, 824.2000, -70.0000,  102, 0, 204
L 74.9000, 847.2000, -70.0000,  80.2000, 848.4000, -70.0000,  102, 0, 204
L 81.2000, 822.0000, -70.0000,  74.9000, 847.2000, -70.0000,  102, 0, 204
L 92.5000, 824.2000, -70.0000,  81.2000, 822.0000, -70.0000,  102, 0, 204
L 120.3000, 797.1000, -70.0000,  108.2000, 801.0000, -70.0000,  102, 0, 204
L 125.1000, 806.4000, -70.0000,  120.3000, 797.1000, -70.0000,  102, 0, 204
L 113.0000, 811.8000, -70.0000,  125.1000, 806.4000, -70.0000,  102, 0, 204
L 108.2000, 801.0000, -70.0000,  113.0000, 811.8000, -70.0000,  102, 0, 204
L -113.5000, 820.4000, -70.0000,  -105.2000, 809.1000, -70.0000,  150, 150, 150
L -104.2000, 827.9000, -70.0000,  -113.5000, 820.4000, -70.0000,  150, 150, 150
L -98.9000, 821.3000, -67.0000,  -104.2000, 827.9000, -70.0000,  150, 150, 150
L -169.3000, 846.2000, -70.0000,  -174.4000, 841.7000, -68.6000,  150, 150, 150
L -165.5000, 841.5000, -68.6000,  -169.3000, 846.2000, -70.0000,  150, 150, 150
L -172.1000, 837.2000, -68.4000,  -165.5000, 841.5000, -68.6000,  150, 150, 150
L -143.8000, 828.4000, -70.0000,  -171.1000, 835.2000, -68.4000,  150, 150, 150
L -145.7000, 819.1000, -70.0000,  -143.8000, 828.4000, -70.0000,  150, 150, 150
L -145.7000, 819.1000, -70.0000,  -167.1000, 827.1000, -68.1000,  150, 150, 150
L -36.2000, 894.0000, -70.0000,  -42.1000, 892.3000, -70.0000,  150, 150, 150
L -30.9000, 888.9000, -70.0000,  -36.2000, 894.0000, -70.0000,  150, 150, 150
L -31.4000, 883.3000, -70.0000,  -30.9000, 888.9000, -70.0000,  150, 150, 150
L -34.8000, 879.7000, -70.0000,  -31.4000, 883.3000, -70.0000,  150, 150, 150
L -36.8000, 879.6000, -70.0000,  -34.8000, 879.7000, -70.0000,  150, 150, 150
L -44.2000, 887.7000, -70.0000,  -36.8000, 879.6000, -70.0000,  150, 150, 150
L -42.1000, 892.3000, -70.0000,  -44.2000, 887.7000, -70.0000,  150, 150, 150
L -28.9000, 798.6000, -70.0000,  -28.9000, 837.8000, -70.0000,  102, 0, 204
L -83.1000, 798.6000, -70.0000,  -28.9000, 798.6000, -70.0000,  102, 0, 204
L -83.1000, 823.8000, -70.0000,  -83.1000, 798.6000, -70.0000,  102, 0, 204
L -71.7000, 839.5000, -67.3000,  -77.9000, 835.6000, -70.0000,  150, 150, 150
L -48.8000, 821.0000, -70.0000,  -71.7000, 839.5000, -67.3000,  150, 150, 150
L -44.5000, 830.7000, -70.0000,  -48.8000, 821.0000, -70.0000,  150, 150, 150
L -57.4000, 837.9000, -70.0000,  -44.5000, 830.7000, -70.0000,  150, 150, 150
L -68.6000, 843.7000, -70.0000,  -57.4000, 837.9000, -70.0000,  150, 150, 150
L -76.6000, 855.9000, -70.0000,  -68.6000, 843.7000, -70.0000,  150, 150, 150
L -83.1000, 851.1000, -70.0000,  -76.6000, 855.9000, -70.0000,  150, 150, 150
L -83.1000, 894.8000, -70.0000,  -83.1000, 851.1000, -70.0000,  102, 0, 204
L -28.9000, 894.8000, -70.0000,  -83.1000, 894.8000, -70.0000,  102, 0, 204
L -28.9000, 855.5000, -70.0000,  -28.9000, 855.6000, -70.0000,  102, 0, 204
L 14.0000, 852.8000, -70.0000,  -23.1000, 852.8000, -70.0000,  102, 0, 204
L 14.0000, 835.2000, -69.0000,  28.5000, 836.7000, -67.3000,  150, 150, 150
L 28.7000, 823.4000, -70.0000,  28.5000, 836.7000, -67.2000,  150, 150, 150
L 23.4000, 823.5000, -70.0000,  28.7000, 823.4000, -70.0000,  150, 150, 150
L 21.0000, 820.1000, -70.0000,  23.4000, 823.5000, -70.0000,  150, 150, 150
L 14.0000, 823.6000, -69.0000,  21.0000, 820.1000, -70.0000,  150, 150, 150
L 146.9000, 725.7000, -71.8000,  154.2000, 729.0000, -70.6000,  150, 150, 150
L 148.7000, 719.3000, -71.6000,  146.9000, 725.7000, -71.8000,  150, 150, 150
L 156.0000, 723.0000, -71.0000,  148.7000, 719.3000, -71.6000,  150, 150, 150
L 125.7000, 705.8000, -70.0000,  132.2000, 708.1000, -70.0000,  150, 150, 150
L 112.5000, 690.7000, -69.7000,  125.7000, 705.8000, -70.0000,  150, 150, 150
L 117.5000, 672.6000, -69.5000,  112.5000, 690.7000, -69.7000,  150, 150, 150
L 85.9000, 672.6000, -70.0000,  127.9000, 672.6000, -69.5000,  102, 0, 204
L 70.9000, 745.6000, -70.0000,  70.9000, 784.0000, -69.0000,  102, 0, 204
L 28.9000, 740.8000, -70.0000,  68.1000, 740.8000, -70.0000,  102, 0, 204
L 68.1000, 672.6000, -70.0000,  28.9000, 672.6000, -70.0000,  102, 0, 204
L 70.9000, 656.9000, -70.0000,  14.9000, 656.9000, -70.0000,  102, 0, 204
L 14.9000, 656.9000, -70.0000,  14.9000, 630.6000, -69.4000,  102, 0, 204
L 70.9000, 667.8000, -70.0000,  70.9000, 656.9000, -70.0000,  102, 0, 204
L 83.1000, 656.9000, -70.0000,  140.0000, 656.9000, -70.0000,  102, 0, 204
L 83.1000, 667.8000, -70.0000,  83.1000, 656.9000, -70.0000,  102, 0, 204
L 17.2000, 537.5000, -70.0000,  24.2000, 532.7000, -70.0000,  150, 150, 150
L 28.6000, 569.6000, -67.9000,  17.2000, 537.5000, -70.0000,  150, 150, 150
L 28.9000, 630.6000, -70.0000,  28.9000, 605.6000, -70.0000,  102, 0, 204
L 28.9000, 630.6000, -70.0000,  14.9000, 630.6000, -70.0000,  102, 0, 204
L 28.6000, 569.6000, -67.9000,  25.7000, 571.8000, -70.0000,  150, 150, 150
L 14.9000, 532.7000, -70.0000,  24.2000, 532.7000, -70.0000,  102, 0, 204
L 14.9000, 600.9000, -70.0000,  14.9000, 532.7000, -70.0000,  102, 0, 204
L 26.1000, 600.9000, -70.0000,  14.9000, 600.9000, -70.0000,  102, 0, 204
L -194.2000, 526.9000, -42.0000,  -189.9000, 536.7000, -42.0000,  178, 102, 255
L -184.7000, 521.8000, -42.0000,  -194.2000, 526.9000, -42.0000,  178, 102, 255
L -183.4000, 522.6000, -42.0000,  -184.7000, 521.8000, -42.0000,  178, 102, 255
L -173.6000, 508.7000, -42.0000,  -183.4000, 522.6000, -42.0000,  178, 102, 255
L -159.1000, 515.2000, -42.0000,  -173.6000, 508.7000, -42.0000,  178, 102, 255
L -169.9000, 534.0000, -42.0000,  -159.1000, 515.2000, -42.0000,  178, 102, 255
L -180.0000, 528.9000, -42.0000,  -169.9000, 534.0000, -42.0000,  178, 102, 255
L -179.1000, 530.7000, -42.0000,  -180.0000, 528.9000, -42.0000,  178, 102, 255
L -189.9000, 536.7000, -42.0000,  -179.1000, 530.7000, -42.0000,  178, 102, 255
L -126.8000, 556.9000, -42.0000,  -152.0000, 556.9000, -42.0000,  178, 102, 255
L -126.8000, 504.7000, -42.0000,  -126.8000, 556.9000, -42.0000,  178, 102, 255
L -195.0000, 504.7000, -42.0000,  -126.8000, 504.7000, -42.0000,  178, 102, 255
L -195.0000, 556.9000, -42.0000,  -195.0000, 504.7000, -42.0000,  178, 102, 255
L -169.8000, 556.9000, -42.0000,  -195.0000, 556.9000, -42.0000,  178, 102, 255
L -167.0000, 572.9000, -42.0000,  -167.0000, 561.7000, -42.0000,  178, 102, 255
L -152.0000, 560.7000, -42.0000,  -116.9000, 560.7000, -42.0000,  178, 102, 255
L -56.9000, 600.9000, -42.0000,  -56.9000, 575.7000, -42.0000,  178, 102, 255
L -111.1000, 600.9000, -42.0000,  -56.9000, 600.9000, -42.0000,  178, 102, 255
L -111.1000, 575.7000, -42.0000,  -111.1000, 600.9000, -42.0000,  178, 102, 255
L -105.3000, 565.0000, -42.0000,  -108.3000, 564.5000, -42.0000,  178, 102, 255
L -100.3000, 565.5000, -42.0000,  -105.3000, 565.0000, -42.0000,  178, 102, 255
L -97.7000, 563.9000, -42.0000,  -100.3000, 565.5000, -42.0000,  178, 102, 255
L -96.8000, 561.4000, -42.0000,  -97.7000, 563.9000, -42.0000,  178, 102, 255
L -97.6000, 558.8000, -39.3000,  -96.8000, 561.4000, -42.0000,  178, 102, 255
L -89.5000, 559.8000, -38.5000,  -97.6000, 558.8000, -39.3000,  178, 102, 255
L -97.2000, 566.8000, -42.0000,  -89.5000, 559.8000, -38.5000,  178, 102, 255
L -86.0000, 576.0000, -42.0000,  -97.2000, 566.8000, -42.0000,  178, 102, 255
L -76.1000, 561.9000, -40.9000,  -86.0000, 576.0000, -42.0000,  178, 102, 255
L -81.0000, 558.3000, -42.0000,  -76.1000, 561.9000, -40.9000,  178, 102, 255
L -79.8000, 552.8000, -42.0000,  -81.0000, 558.3000, -42.0000,  178, 102, 255
L -101.4000, 552.4000, -41.9000,  -79.8000, 552.8000, -42.0000,  178, 102, 255
L -103.3000, 549.3000, -42.0000,  -101.4000, 552.4000, -41.9000,  178, 102, 255
L -108.4000, 549.3000, -42.0000,  -103.3000, 549.3000, -42.0000,  178, 102, 255
L -111.1000, 552.4000, -42.0000,  -108.4000, 549.3000, -42.0000,  178, 102, 255
L -111.1000, 532.7000, -42.0000,  -111.1000, 552.4000, -42.0000,  178, 102, 255
L -56.9000, 532.7000, -42.0000,  -111.1000, 532.7000, -42.0000,  178, 102, 255
L -56.9000, 557.9000, -42.0000,  -56.9000, 532.7000, -42.0000,  178, 102, 255
L 54.4000, 570.5000, -42.0000,  48.8000, 572.4000, -42.0000,  178, 102, 255
L 52.4000, 566.5000, -42.0000,  54.4000, 570.5000, -42.0000,  178, 102, 255
L 51.7000, 564.8000, -42.0000,  52.4000, 566.5000, -42.0000,  178, 102, 255
L 46.7000, 568.2000, -42.0000,  51.7000, 564.8000, -42.0000,  178, 102, 255
L 48.8000, 572.4000, -42.0000,  46.7000, 568.2000, -42.0000,  178, 102, 255
L 42.9000, 586.2000, -42.0000,  36.1000, 586.0000, -42.0000,  178, 102, 255
L 42.1000, 581.2000, -42.0000,  42.9000, 586.2000, -42.0000,  178, 102, 255
L 37.2000, 580.1000, -42.0000,  42.1000, 581.2000, -42.0000,  178, 102, 255
L 36.1000, 586.0000, -42.0000,  37.2000, 580.1000, -42.0000,  178, 102, 255
L 14.9000, 600.9000, -42.0000,  14.9000, 575.7000, -42.0000,  178, 102, 255
L 69.1000, 600.9000, -42.0000,  14.9000, 600.9000, -42.0000,  178, 102, 255
L 69.1000, 551.0000, -42.0000,  69.1000, 600.9000, -42.0000,  178, 102, 255
L 14.9000, 557.9000, -42.0000,  14.9000, 532.7000, -42.0000,  178, 102, 255
L 14.9000, 557.9000, -42.0000,  15.9000, 557.9000, -42.0000,  178, 102, 255
L 15.9000, 562.7000, -42.0000,  15.9000, 557.9000, -42.0000,  178, 102, 255
L 10.1000, 560.7000, -42.0000,  10.1000, 562.7000, -42.0000,  178, 102, 255
L 10.1000, 562.7000, -42.0000,  13.0000, 562.7000, -42.0000,  178, 102, 255
L -52.1000, 560.7000, -42.0000,  -27.1000, 560.7000, -42.0000,  178, 102, 255
L 10.1000, 572.9000, -42.0000,  -52.1000, 572.9000, -42.0000,  178, 102, 255
L 10.1000, 560.7000, -42.0000,  -14.9000, 560.7000, -42.0000,  178, 102, 255
L -14.9000, 560.7000, -42.0000,  -14.9000, 460.9000, -42.0000,  178, 102, 255
L -27.1000, 460.9000, -42.0000,  -27.1000, 560.7000, -42.0000,  178, 102, 255
L -55.1000, 407.5000, -42.0000,  -55.1000, 408.0000, -42.0000,  178, 102, 255
L -58.9000, 417.0000, -42.0000,  -55.1000, 417.0000, -42.0000,  178, 102, 255
L -58.9000, 420.3000, -42.0000,  -58.9000, 417.0000, -42.0000,  178, 102, 255
L -62.4000, 417.6000, -42.0000,  -58.9000, 420.3000, -42.0000,  178, 102, 255
L -70.0000, 418.3000, -42.0000,  -62.4000, 417.6000, -42.0000,  178, 102, 255
L -70.5000, 420.8000, -42.0000,  -70.0000, 418.3000, -42.0000,  178, 102, 255
L -65.2000, 432.2000, -42.0000,  -70.5000, 420.8000, -42.0000,  178, 102, 255
L -60.5000, 432.1000, -42.0000,  -65.2000, 432.2000, -42.0000,  178, 102, 255
L -58.9000, 431.1000, -42.0000,  -60.5000, 432.1000, -42.0000,  178, 102, 255
L -58.9000, 460.9000, -42.0000,  -58.9000, 431.1000, -42.0000,  178, 102, 255
L -111.1000, 460.9000, -42.0000,  -58.9000, 460.9000, -42.0000,  178, 102, 255
L -111.1000, 392.7000, -42.0000,  -111.1000, 460.9000, -42.0000,  178, 102, 255
L -58.9000, 392.7000, -42.0000,  -111.1000, 392.7000, -42.0000,  178, 102, 255
L -58.9000, 408.0000, -42.0000,  -58.9000, 392.7000, -42.0000,  178, 102, 255
L -6.7000, 408.2000, -42.0000,  -7.0000, 414.2000, -42.0000,  178, 102, 255
L -11.7000, 403.2000, -42.0000,  -6.7000, 408.2000, -42.0000,  178, 102, 255
L -15.1000, 404.2000, -42.0000,  -11.7000, 403.2000, -42.0000,  178, 102, 255
L -12.0000, 395.8000, -42.0000,  -15.1000, 404.2000, -42.0000,  178, 102, 255
L -23.2000, 391.1000, -42.0000,  -12.0000, 395.8000, -42.0000,  178, 102, 255
L -26.2000, 401.8000, -42.0000,  -23.2000, 391.1000, -42.0000,  178, 102, 255
L -19.8000, 406.1000, -42.0000,  -26.2000, 401.8000, -42.0000,  178, 102, 255
L -29.6000, 418.3000, -42.0000,  -19.8000, 406.1000, -42.0000,  178, 102, 255
L -34.2000, 425.7000, -42.0000,  -29.6000, 418.3000, -42.0000,  178, 102, 255
L -22.3000, 435.0000, -42.0000,  -34.2000, 425.7000, -42.0000,  178, 102, 255
L -14.4000, 417.2000, -42.0000,  -22.3000, 435.0000, -42.0000,  178, 102, 255
L -7.0000, 414.2000, -42.0000,  -14.4000, 417.2000, -42.0000,  178, 102, 255
L 11.1000, 460.9000, -42.0000,  11.1000, 435.7000, -42.0000,  178, 102, 255
L -14.9000, 460.9000, -42.0000,  11.1000, 460.9000, -42.0000,  178, 102, 255
L -55.1000, 460.9000, -42.0000,  -27.1000, 460.9000, -42.0000,  178, 102, 255
L -55.1000, 417.0000, -42.0000,  -55.1000, 460.9000, -42.0000,  178, 102, 255
L -53.4000, 408.4000, -42.0000,  -55.1000, 407.5000, -42.0000,  178, 102, 255
L -48.1000, 407.9000, -42.0000,  -53.4000, 408.4000, -42.0000,  178, 102, 255
L -46.3000, 406.9000, -42.0000,  -48.1000, 407.9000, -42.0000,  178, 102, 255
L -47.5000, 395.8000, -42.0000,  -46.3000, 406.9000, -42.0000,  178, 102, 255
L -51.8000, 395.1000, -42.0000,  -47.5000, 395.8000, -42.0000,  178, 102, 255
L -55.1000, 396.1000, -42.0000,  -51.8000, 395.1000, -42.0000,  178, 102, 255
L -55.1000, 364.7000, -42.0000,  -55.1000, 396.1000, -42.0000,  178, 102, 255
L 11.1000, 364.7000, -42.0000,  -55.1000, 364.7000, -42.0000,  178, 102, 255
L 11.1000, 418.0000, -42.0000,  11.1000, 364.7000, -42.0000,  178, 102, 255
L 61.9000, 430.2000, -42.0000,  67.1000, 432.6000, -42.0000,  178, 102, 255
L 58.9000, 432.3000, -42.0000,  61.9000, 430.2000, -42.0000,  178, 102, 255
L 56.2000, 448.1000, -42.0000,  58.9000, 432.3000, -42.0000,  178, 102, 255
L 62.0000, 451.2000, -42.0000,  56.2000, 448.1000, -42.0000,  178, 102, 255
L 65.0000, 450.7000, -42.0000,  62.0000, 451.2000, -42.0000,  178, 102, 255
L 14.9000, 405.1000, -42.0000,  14.9000, 418.0000, -42.0000,  178, 102, 255
L 69.1000, 418.0000, -42.0000,  69.1000, 406.1000, -42.0000,  178, 102, 255
L 77.6000, 381.5000, -42.0000,  72.9000, 384.4000, -42.0000,  150, 150, 150
L 72.9000, 384.4000, -42.0000,  72.9000, 364.7000, -42.0000,  178, 102, 255
L 93.0000, 390.6000, -42.0000,  77.6000, 381.5000, -42.0000,  150, 150, 150
L 95.3000, 397.3000, -42.0000,  93.0000, 390.6000, -42.0000,  150, 150, 150
L 86.3000, 411.3000, -42.0000,  95.3000, 397.3000, -42.0000,  150, 150, 150
L 72.9000, 401.2000, -42.0000,  86.3000, 411.3000, -42.0000,  150, 150, 150
L 72.9000, 401.2000, -42.0000,  72.9000, 384.4000, -42.0000,  178, 102, 255
L 125.0000, 460.9000, -42.0000,  113.9000, 460.9000, -42.0000,  178, 102, 255
L 125.0000, 456.9000, -42.0000,  125.0000, 460.9000, -42.0000,  178, 102, 255
L 120.0000, 459.2000, -39.9000,  125.0000, 456.9000, -42.0000,  178, 102, 255
L 106.5000, 450.5000, -42.0000,  120.0000, 459.2000, -39.9000,  178, 102, 255
L 118.1000, 434.5000, -42.0000,  106.5000, 450.5000, -42.0000,  178, 102, 255
L 125.0000, 437.0000, -42.0000,  118.1000, 434.5000, -42.0000,  178, 102, 255
L 125.0000, 364.7000, -42.0000,  125.0000, 437.0000, -42.0000,  178, 102, 255
L 72.9000, 364.7000, -42.0000,  125.0000, 364.7000, -42.0000,  178, 102, 255
L 72.9000, 418.0000, -42.0000,  72.9000, 401.2000, -42.0000,  178, 102, 255
L 72.9000, 460.9000, -42.0000,  72.9000, 435.7000, -42.0000,  178, 102, 255
L 96.1000, 460.9000, -42.0000,  72.9000, 460.9000, -42.0000,  178, 102, 255
L 159.3000, 419.8000, -42.0000,  154.0000, 420.6000, -41.0000,  150, 150, 150
L 165.3000, 439.1000, -42.0000,  159.3000, 419.8000, -42.0000,  150, 150, 150
L 154.0000, 443.9000, -41.0000,  165.3000, 439.1000, -42.0000,  150, 150, 150
L 181.0000, 476.7000, -42.0000,  181.0000, 404.0000, -42.0000,  178, 102, 255
L 181.0000, 476.7000, -42.0000,  222.0000, 476.7000, -42.0000,  178, 102, 255
L 177.2000, 455.4000, -42.0000,  181.0000, 456.2000, -42.0000,  150, 150, 150
L 175.9000, 451.3000, -42.0000,  177.2000, 455.4000, -42.0000,  150, 150, 150
L 181.0000, 446.9000, -42.0000,  175.9000, 451.3000, -42.0000,  150, 150, 150
L 265.0000, 472.9000, -42.0000,  239.8000, 472.9000, -42.0000,  178, 102, 255
L 265.0000, 420.7000, -42.0000,  265.0000, 472.9000, -42.0000,  178, 102, 255
L 196.8000, 420.7000, -42.0000,  265.0000, 420.7000, -42.0000,  178, 102, 255
L 196.8000, 472.9000, -42.0000,  196.8000, 420.7000, -42.0000,  178, 102, 255
L 222.0000, 472.9000, -42.0000,  196.8000, 472.9000, -42.0000,  178, 102, 255
L 111.1000, 465.7000, -42.0000,  111.1000, 476.0000, -42.0000,  178, 102, 255
L 98.9000, 502.9000, -42.0000,  98.9000, 465.7000, -42.0000,  178, 102, 255
L 111.4000, 502.9000, -42.0000,  98.9000, 502.9000, -42.0000,  178, 102, 255
L 109.5000, 492.0000, -42.0000,  111.4000, 502.9000, -42.0000,  178, 102, 255
L 112.5000, 491.6000, -42.0000,  109.5000, 492.0000, -42.0000,  178, 102, 255
L 116.2000, 495.5000, -42.0000,  112.5000, 491.6000, -42.0000,  178, 102, 255
L 128.6000, 500.9000, -42.0000,  116.2000, 495.5000, -42.0000,  178, 102, 255
L 128.2000, 502.9000, -42.0000,  128.6000, 500.9000, -42.0000,  178, 102, 255
L 224.8000, 502.9000, -42.0000,  128.2000, 502.9000, -42.0000,  178, 102, 255
L 224.8000, 532.7000, -42.0000,  224.8000, 502.9000, -42.0000,  178, 102, 255
L 199.8000, 532.7000, -42.0000,  224.8000, 532.7000, -42.0000,  178, 102, 255
L 237.0000, 544.9000, -42.0000,  199.8000, 544.9000, -42.0000,  178, 102, 255
L 237.0000, 477.7000, -42.0000,  237.0000, 544.9000, -42.0000,  178, 102, 255
L 207.6000, 483.2000, -42.0000,  206.3000, 476.7000, -42.0000,  150, 150, 150
L 204.2000, 486.5000, -42.0000,  207.6000, 483.2000, -42.0000,  150, 150, 150
L 192.5000, 483.2000, -42.0000,  204.2000, 486.5000, -42.0000,  150, 150, 150
L 195.9000, 476.7000, -42.0000,  192.5000, 483.2000, -42.0000,  150, 150, 150
L 143.1000, 362.0000, -42.0000,  140.0000, 365.1000, -42.0000,  178, 102, 255
L 143.0000, 370.2000, -42.0000,  143.1000, 362.0000, -42.0000,  178, 102, 255
L 153.1000, 371.6000, -42.0000,  143.0000, 370.2000, -42.0000,  178, 102, 255
L 153.6000, 358.7000, -40.7000,  153.1000, 371.6000, -42.0000,  178, 102, 255
L 146.9000, 358.1000, -42.0000,  153.6000, 358.7000, -40.7000,  178, 102, 255
L 186.2000, 328.4000, -10.8000,  193.1000, 335.0000, -14.0000,  150, 150, 150
L 189.3000, 318.4000, -14.0000,  186.2000, 328.4000, -10.8000,  150, 150, 150
L 204.1000, 326.9000, -14.0000,  189.3000, 318.4000, -14.0000,  150, 150, 150
L 198.0000, 335.0000, -14.0000,  204.1000, 326.9000, -14.0000,  150, 150, 150
L 184.8000, 335.0000, -14.0000,  193.1000, 335.0000, -14.0000,  0, 0, 0
L 184.8000, 323.8000, -14.0000,  184.8000, 335.0000, -14.0000,  0, 0, 0
L 248.5000, 335.0000, -14.0000,  251.0000, 335.0000, -14.0000,  0, 0, 0
L 154.8000, 349.4000, -14.0000,  154.8000, 323.8000, -14.0000,  0, 0, 0
L 181.0000, 351.5000, -15.7000,  188.0000, 347.3000, -14.6000,  0, 0, 0
L 181.0000, 323.8000, -14.0000,  181.0000, 351.5000, -15.3000,  0, 0, 0
L 151.0000, 335.0000, -14.0000,  86.9000, 335.0000, -14.0000,  0, 0, 0
L 151.0000, 323.8000, -14.0000,  151.0000, 335.0000, -14.0000,  0, 0, 0
L -103.8000, 384.7000, -14.0000,  -111.1000, 385.7000, -14.0000,  150, 150, 150
L -102.2000, 397.7000, -14.0000,  -103.8000, 384.7000, -14.0000,  150, 150, 150
L -105.3000, 397.3000, -12.5000,  -102.2000, 397.7000, -14.0000,  150, 150, 150
L -90.8000, 394.8000, -14.0000,  -87.9000, 384.1000, -14.0000,  150, 150, 150
L -87.7000, 395.8000, -14.0000,  -90.8000, 394.8000, -14.0000,  150, 150, 150
L -86.0000, 398.0000, -14.0000,  -87.7000, 395.8000, -14.0000,  150, 150, 150
L -80.6000, 396.8000, -14.0000,  -86.0000, 398.0000, -14.0000,  150, 150, 150
L -79.0000, 389.7000, -14.0000,  -80.6000, 396.8000, -14.0000,  150, 150, 150
L -81.5000, 384.8000, -14.0000,  -79.0000, 389.7000, -14.0000,  150, 150, 150
L -73.2000, 390.2000, -14.0000,  -66.1000, 389.1000, -13.6000,  0, 0, 0
L -72.6000, 381.0000, -14.0000,  -73.2000, 390.2000, -14.0000,  0, 0, 0
L -64.8000, 382.0000, -14.0000,  -72.6000, 381.0000, -14.0000,  0, 0, 0
L -66.1000, 389.1000, -14.0000,  -64.8000, 382.0000, -14.0000,  0, 0, 0
L -76.2000, 360.6000, -14.0000,  -65.6000, 355.5000, -14.0000,  0, 0, 0
L -84.2000, 347.1000, -14.0000,  -76.2000, 360.6000, -14.0000,  0, 0, 0
L -70.9000, 342.7000, -14.0000,  -84.2000, 347.1000, -14.0000,  0, 0, 0
L -56.9000, 364.2000, -14.0000,  -65.6000, 355.5000, -14.0000,  0, 0, 0
L -56.9000, 391.5000, -14.0000,  -56.9000, 364.2000, -14.0000,  0, 0, 0
L -70.3000, 404.9000, -14.0000,  -56.9000, 391.5000, -14.0000,  0, 0, 0
L -97.6000, 405.0000, -14.0000,  -70.3000, 404.9000, -14.0000,  0, 0, 0
L -111.1000, 391.5000, -10.0000,  -97.6000, 405.0000, -14.0000,  0, 0, 0
L -111.1000, 364.2000, -14.0000,  -111.1000, 391.5000, -10.0000,  0, 0, 0
L -97.1000, 350.2000, -14.0000,  -111.1000, 364.2000, -14.0000,  0, 0, 0
L 95.4000, 80.3000, 0.0000,  98.2000, 83.1000, 0.0000,  150, 150, 150
L 89.8000, 77.9000, 0.0000,  95.4000, 80.3000, 0.0000,  150, 150, 150
L 86.8000, 70.9000, 0.0000,  89.8000, 77.9000, 0.0000,  150, 150, 150
L 18.1000, 85.1000, 0.4000,  14.0000, 89.3000, 0.0000,  150, 150, 150
L 15.6000, 82.0000, 1.3000,  18.1000, 85.1000, 0.4000,  150, 150, 150
L 18.1000, 79.7000, 0.0000,  15.6000, 82.0000, 1.3000,  150, 150, 150
L 22.2000, 83.6000, 0.0000,  18.1000, 79.7000, 0.0000,  150, 150, 150
L 23.9000, 92.7000, 0.0000,  22.2000, 83.6000, 0.0000,  150, 150, 150
L 18.9000, 97.8000, 0.0000,  23.9000, 92.7000, 0.0000,  150, 150, 150
L 14.0000, 96.3000, 0.0000,  18.9000, 97.8000, 0.0000,  150, 150, 150
L 35.5000, 262.5000, -14.0000,  33.8000, 255.5000, -14.0000,  0, 0, 0
L 49.5000, 259.1000, -14.0000,  35.5000, 262.5000, -14.0000,  0, 0, 0
L 52.6000, 246.5000, -14.0000,  49.5000, 259.1000, -14.0000,  0, 0, 0
L 49.9000, 244.6000, -14.0000,  52.6000, 246.5000, -14.0000,  0, 0, 0
L 57.4000, 244.7000, -14.0000,  49.9000, 244.6000, -14.0000,  0, 0, 0
L 60.6000, 239.9000, -14.0000,  57.4000, 244.7000, -14.0000,  0, 0, 0
L 60.3000, 227.8000, -14.0000,  60.6000, 239.9000, -14.0000,  0, 0, 0
L 45.8000, 230.2000, -14.0000,  60.3000, 227.8000, -14.0000,  0, 0, 0
L 44.3000, 225.2000, -14.0000,  45.8000, 230.2000, -14.0000,  0, 0, 0
L 42.3000, 223.2000, -14.0000,  44.3000, 225.2000, -14.0000,  0, 0, 0
L 38.7000, 223.9000, -14.0000,  42.3000, 223.2000, -14.0000,  0, 0, 0
L 33.4000, 232.7000, -14.0000,  38.7000, 223.9000, -14.0000,  0, 0, 0
L 36.6000, 234.7000, -12.7000,  33.4000, 232.7000, -14.0000,  0, 0, 0
L 31.7000, 235.9000, -14.0000,  36.6000, 234.7000, -12.7000,  0, 0, 0
L 33.9000, 241.8000, -14.0000,  31.7000, 235.9000, -14.0000,  0, 0, 0
L 33.8000, 246.5000, -14.0000,  33.9000, 241.8000, -14.0000,  0, 0, 0
L 95.0000, 627.0000, -69.0000,  84.0000, 627.0000, -69.0000,  255, 255, 0
L 95.0000, 630.0000, -69.0000,  84.0000, 630.0000, -69.0000,  255, 255, 0
L 194.0000, 553.0000, -45.0000,  194.0000, 556.0000, -69.0000,  178, 102, 255
L 78.8000, 741.0000, -67.1000,  80.8000, 740.8000, -64.5000,  102, 0, 204
L 77.6000, 742.5000, -67.4000,  78.8000, 741.0000, -67.1000,  102, 0, 204
L 76.6000, 743.9000, -67.7000,  77.6000, 742.5000, -67.4000,  102, 0, 204
L 76.6000, 745.7000, -65.3000,  76.6000, 743.9000, -67.7000,  102, 0, 204
L 78.1000, 746.8000, -64.3000,  76.6000, 745.7000, -65.3000,  102, 0, 204
L 79.4000, 748.2000, -63.4000,  78.1000, 746.8000, -64.3000,  102, 0, 204
L 79.2000, 750.2000, -63.1000,  79.4000, 748.2000, -63.4000,  102, 0, 204
L 78.8000, 765.3000, -66.0000,  79.2000, 750.2000, -63.1000,  102, 0, 204
L 78.7000, 767.2000, -67.3000,  78.8000, 765.3000, -66.0000,  102, 0, 204
L 79.2000, 769.3000, -68.6000,  78.7000, 767.2000, -67.3000,  102, 0, 204
L 79.6000, 771.1000, -69.6000,  79.2000, 769.3000, -68.6000,  102, 0, 204
L 83.2000, 778.1000, -65.9000,  81.4000, 774.6000, -67.8000,  102, 0, 204
L 83.9000, 779.6000, -66.0000,  83.2000, 778.1000, -65.9000,  102, 0, 204
L 85.6000, 780.4000, -68.8000,  83.9000, 779.6000, -66.0000,  102, 0, 204
L 86.4000, 778.7000, -67.8000,  85.6000, 780.4000, -68.8000,  102, 0, 204
L 86.8000, 776.8000, -66.9000,  86.4000, 778.7000, -67.8000,  102, 0, 204
L 87.3000, 774.8000, -66.2000,  86.8000, 776.8000, -66.9000,  102, 0, 204
L 87.8000, 773.0000, -65.8000,  87.3000, 774.8000, -66.2000,  102, 0, 204
L 89.6000, 772.3000, -67.4000,  87.8000, 773.0000, -65.8000,  102, 0, 204
L 91.8000, 772.8000, -68.4000,  89.6000, 772.3000, -67.4000,  102, 0, 204
L 102.4000, 771.0000, -71.3000,  98.9000, 771.6000, -70.3000,  102, 0, 204
L 104.2000, 770.7000, -71.4000,  102.4000, 771.0000, -71.3000,  102, 0, 204
L 105.5000, 769.3000, -71.4000,  104.2000, 770.7000, -71.4000,  102, 0, 204
L 109.0000, 760.7000, -66.8000,  106.3000, 767.4000, -70.4000,  102, 0, 204
L 109.7000, 759.1000, -66.7000,  109.0000, 760.7000, -66.8000,  102, 0, 204
L 114.0000, 753.9000, -64.1000,  109.7000, 759.1000, -66.7000,  102, 0, 204
L 115.1000, 752.7000, -64.8000,  114.0000, 753.9000, -64.1000,  102, 0, 204
L 115.7000, 750.8000, -65.6000,  115.1000, 752.7000, -64.8000,  102, 0, 204
L 116.2000, 740.8000, -66.7000,  115.7000, 750.8000, -65.6000,  102, 0, 204
L 97.9000, 744.6000, -60.6000,  116.2000, 740.8000, -66.7000,  102, 0, 204
L 98.2000, 744.6000, -60.6000,  97.9000, 744.6000, -60.6000,  102, 0, 204
L 98.9000, 742.8000, -61.8000,  98.2000, 744.6000, -60.6000,  102, 0, 204
L 98.4000, 740.9000, -63.2000,  98.9000, 742.8000, -61.8000,  102, 0, 204
L 80.8000, 740.8000, -64.5000,  98.4000, 740.9000, -63.2000,  102, 0, 204
L -90.0000, 374.0000, -13.0000,  -90.0000, 374.0000, -69.0000,  255, 255, 0
L -87.0000, 370.0000, -13.0000,  -87.0000, 370.0000, -69.0000,  255, 255, 0
L -80.0000, 370.0000, -13.0000,  -80.0000, 370.0000, -69.0000,  255, 255, 0
L -77.0000, 374.0000, -69.0000,  -77.0000, 374.0000, -13.0000,  255, 255, 0
L -80.0000, 370.0000, -69.0000,  -77.0000, 374.0000, -69.0000,  255, 255, 0
L -90.0000, 374.0000, -69.0000,  -87.0000, 370.0000, -69.0000,  255, 255, 0
L -87.0000, 384.0000, -69.0000,  -90.0000, 381.0000, -69.0000,  255, 255, 0
L -77.0000, 381.0000, -69.0000,  -80.0000, 384.0000, -69.0000,  255, 255, 0
L -87.0000, 370.0000, -13.0000,  -80.0000, 370.0000, -13.0000,  255, 255, 0
L -90.0000, 381.0000, -13.0000,  -90.0000, 374.0000, -13.0000,  255, 255, 0
L -80.0000, 384.0000, -13.0000,  -87.0000, 384.0000, -13.0000,  255, 255, 0
L -77.0000, 374.0000, -13.0000,  -77.0000, 381.0000, -13.0000,  255, 255, 0
L -77.0000, 381.0000, -69.0000,  -77.0000, 374.0000, -69.0000,  255, 255, 0
L -80.0000, 384.0000, -69.0000,  -87.0000, 384.0000, -69.0000,  255, 255, 0
L -90.0000, 374.0000, -69.0000,  -90.0000, 381.0000, -69.0000,  255, 255, 0
L -80.0000, 370.0000, -69.0000,  -87.0000, 370.0000, -69.0000,  255, 255, 0
L 154.0000, 551.4000, -42.8000,  164.0000, 551.4000, -42.8000,  150, 150, 150
L 164.0000, 551.4000, -42.8000,  164.0000, 554.8000, -44.5000,  150, 150, 150
L 154.0000, 551.4000, -42.8000,  154.0000, 548.0000, -41.0000,  178, 102, 255
L 154.0000, 558.1000, -46.2000,  164.0000, 558.1000, -46.2000,  150, 150, 150
L 164.0000, 558.1000, -46.2000,  164.0000, 561.5000, -48.0000,  150, 150, 150
L 154.0000, 558.1000, -46.2000,  154.0000, 554.8000, -44.5000,  178, 102, 255
L 154.0000, 564.9000, -49.8000,  164.0000, 564.9000, -49.8000,  150, 150, 150
L 164.0000, 564.9000, -49.8000,  164.0000, 568.2000, -51.5000,  150, 150, 150
L 154.0000, 564.9000, -49.8000,  154.0000, 561.5000, -48.0000,  178, 102, 255
L 154.0000, 571.6000, -53.2000,  164.0000, 571.6000, -53.2000,  150, 150, 150
L 164.0000, 571.6000, -53.2000,  164.0000, 575.0000, -55.0000,  150, 150, 150
L 154.0000, 571.6000, -53.2000,  154.0000, 568.2000, -51.5000,  178, 102, 255
L 154.0000, 578.4000, -56.8000,  164.0000, 578.4000, -56.8000,  150, 150, 150
L 164.0000, 578.4000, -56.8000,  164.0000, 581.8000, -58.5000,  150, 150, 150
L 154.0000, 578.4000, -56.8000,  154.0000, 575.0000, -55.0000,  178, 102, 255
L 154.0000, 585.1000, -60.2000,  164.0000, 585.1000, -60.2000,  150, 150, 150
L 164.0000, 585.1000, -60.2000,  164.0000, 588.5000, -62.0000,  150, 150, 150
L 154.0000, 585.1000, -60.2000,  154.0000, 581.8000, -58.5000,  178, 102, 255
L 154.0000, 591.9000, -63.8000,  164.0000, 591.9000, -63.8000,  150, 150, 150
L 164.0000, 591.9000, -63.8000,  164.0000, 595.2000, -65.5000,  150, 150, 150
L 154.0000, 591.9000, -63.8000,  154.0000, 588.5000, -62.0000,  178, 102, 255
L 154.0000, 598.6000, -67.2000,  164.0000, 598.6000, -67.2000,  150, 150, 150
L 164.0000, 598.6000, -67.2000,  164.0000, 602.0000, -69.0000,  150, 150, 150
L 154.0000, 598.6000, -67.2000,  154.0000, 595.2000, -65.5000,  178, 102, 255
L 154.0000, 595.2000, -65.5000,  164.0000, 595.2000, -65.5000,  150, 150, 150
L 164.0000, 595.2000, -65.5000,  164.0000, 598.6000, -67.2000,  150, 150, 150
L 154.0000, 595.2000, -65.5000,  154.0000, 591.9000, -63.8000,  178, 102, 255
L 154.0000, 581.8000, -58.5000,  164.0000, 581.8000, -58.5000,  150, 150, 150
L 164.0000, 581.8000, -58.5000,  164.0000, 585.1000, -60.2000,  150, 150, 150
L 154.0000, 581.8000, -58.5000,  154.0000, 578.4000, -56.8000,  178, 102, 255
L 154.0000, 588.5000, -62.0000,  164.0000, 588.5000, -62.0000,  150, 150, 150
L 164.0000, 588.5000, -62.0000,  164.0000, 591.9000, -63.8000,  150, 150, 150
L 154.0000, 588.5000, -62.0000,  154.0000, 585.1000, -60.2000,  178, 102, 255
L 154.0000, 568.2000, -51.5000,  164.0000, 568.2000, -51.5000,  150, 150, 150
L 164.0000, 568.2000, -51.5000,  164.0000, 571.6000, -53.2000,  150, 150, 150
L 154.0000, 568.2000, -51.5000,  154.0000, 564.9000, -49.8000,  178, 102, 255
L 154.0000, 554.8000, -44.5000,  164.0000, 554.8000, -44.5000,  150, 150, 150
L 164.0000, 554.8000, -44.5000,  164.0000, 558.1000, -46.2000,  150, 150, 150
L 154.0000, 554.8000, -44.5000,  154.0000, 551.4000, -42.8000,  178, 102, 255
L 154.0000, 561.5000, -48.0000,  164.0000, 561.5000, -48.0000,  150, 150, 150
L 164.0000, 561.5000, -48.0000,  164.0000, 564.9000, -49.8000,  150, 150, 150
L 154.0000, 561.5000, -48.0000,  154.0000, 558.1000, -46.2000,  178, 102, 255
L 154.0000, 575.0000, -55.0000,  164.0000, 575.0000, -55.0000,  150, 150, 150
L 164.0000, 575.0000, -55.0000,  164.0000, 578.4000, -56.8000,  150, 150, 150
L 154.0000, 575.0000, -55.0000,  154.0000, 571.6000, -53.2000,  178, 102, 255
L 164.0000, 548.0000, -41.0000,  164.0000, 551.4000, -42.8000,  150, 150, 150
L 164.0000, 602.0000, -69.0000,  154.0000, 602.0000, -69.0000,  150, 150, 150
L -28.0000, 71.0000, 0.0000,  -28.0000, 63.0000, 0.0000,  0, 0, 0
L -40.0000, 71.0000, 0.0000,  -40.0000, 63.0000, 0.0000,  0, 0, 0
L 95.0000, 630.0000, -69.0000,  145.0000, 630.0000, -69.0000,  102, 0, 204
L 84.0000, 627.0000, -69.0000,  84.0000, 517.0000, -69.0000,  102, 0, 204
L 95.0000, 627.0000, -69.0000,  95.0000, 610.0000, -69.0000,  102, 0, 204
L 84.0000, 630.0000, -69.0000,  84.0000, 627.0000, -69.0000,  102, 0, 204
L 95.0000, 630.0000, -69.0000,  95.0000, 627.0000, -69.0000,  102, 0, 204
L 181.3000, 632.8000, -69.0000,  181.0000, 652.0000, -70.0000,  102, 0, 204
L 194.0000, 589.0000, -69.0000,  194.0000, 628.0000, -69.0000,  102, 0, 204
L 185.0000, 584.0000, -69.0000,  183.0000, 584.0000, -69.0000,  150, 150, 150
L 194.0000, 578.0000, -69.0000,  194.0000, 589.0000, -69.0000,  178, 102, 255
L 112.0000, 71.0000, 0.0000,  112.0000, 62.0000, 0.0000,  0, 0, 0
L 125.0000, 62.0000, 0.0000,  112.0000, 62.0000, 0.0000,  0, 0, 0
L 140.0000, 952.0000, -70.0000,  126.0000, 966.0000, -69.0000,  102, 0, 204
L 181.0000, 952.0000, -70.0000,  179.1000, 952.0000, -70.0000,  102, 0, 204
L 195.0000, 966.0000, -71.0000,  181.0000, 952.0000, -70.0000,  102, 0, 204
L 211.0000, 951.0000, -70.0000,  195.0000, 966.0000, -71.0000,  102, 0, 204
L 196.0000, 937.0000, -71.0000,  211.0000, 951.0000, -70.0000,  102, 0, 204
L 196.0000, 894.0000, -69.0000,  196.0000, 937.0000, -71.0000,  102, 0, 204
L 182.8000, 894.0000, -69.0000,  192.5000, 894.0000, -69.0000,  102, 0, 204
L 111.0000, 908.0000, -69.0000,  83.0000, 908.0000, -69.0000,  102, 0, 204
L 42.0000, 784.0000, -69.0000,  70.9000, 784.0000, -69.0000,  102, 0, 204
L 14.0000, 812.0000, -69.0000,  42.0000, 784.0000, -69.0000,  102, 0, 204
L 14.0000, 840.5000, -69.0000,  14.0000, 835.2000, -69.0000,  102, 0, 204
L -87.0000, 826.0000, -69.0000,  -87.0000, 828.0000, -69.0000,  102, 0, 204
L -87.0000, 828.0000, -69.0000,  -81.1000, 827.7000, -70.0000,  102, 0, 204
L -98.0000, 826.0000, -69.0000,  -87.0000, 826.0000, -69.0000,  102, 0, 204
L -98.0000, 812.0000, -66.0000,  -98.0000, 826.0000, -69.0000,  102, 0, 204
L -126.0000, 798.0000, -69.0000,  -98.0000, 812.0000, -66.0000,  102, 0, 204
L -139.0000, 798.0000, -69.0000,  -126.0000, 798.0000, -69.0000,  102, 0, 204
L -166.0000, 825.0000, -68.0000,  -139.0000, 798.0000, -69.0000,  102, 0, 204
L -180.0000, 853.0000, -69.0000,  -174.4000, 841.7000, -68.6000,  102, 0, 204
L -153.0000, 880.0000, -69.0000,  -180.0000, 853.0000, -69.0000,  102, 0, 204
L -126.0000, 894.0000, -69.0000,  -153.0000, 880.0000, -69.0000,  102, 0, 204
L -98.0000, 867.0000, -69.0000,  -126.0000, 894.0000, -69.0000,  102, 0, 204
L -98.0000, 838.0000, -69.0000,  -98.0000, 867.0000, -69.0000,  102, 0, 204
L -87.0000, 838.0000, -69.0000,  -98.0000, 838.0000, -69.0000,  102, 0, 204
L -87.0000, 836.0000, -69.0000,  -87.0000, 838.0000, -69.0000,  102, 0, 204
L -81.1000, 835.4000, -70.0000,  -87.0000, 836.0000, -69.0000,  102, 0, 204
L 14.0000, 881.0000, -69.0000,  14.0000, 852.8000, -69.0000,  102, 0, 204
L 42.0000, 908.0000, -69.0000,  14.0000, 881.0000, -69.0000,  102, 0, 204
L 70.0000, 908.0000, -69.0000,  42.0000, 908.0000, -69.0000,  102, 0, 204
L 181.0000, 1006.0000, -68.0000,  178.0000, 1004.8000, -68.0000,  102, 0, 204
L 209.0000, 992.0000, -71.0000,  198.8000, 997.1000, -69.9000,  102, 0, 204
L 222.0000, 965.0000, -71.0000,  209.0000, 992.0000, -71.0000,  102, 0, 204
L 223.0000, 937.0000, -70.0000,  222.0000, 965.0000, -71.0000,  102, 0, 204
L 209.0000, 909.0000, -71.0000,  223.0000, 937.0000, -70.0000,  102, 0, 204
L 209.0000, 894.0000, -69.0000,  209.0000, 909.0000, -71.0000,  102, 0, 204
L 237.0000, 894.0000, -69.0000,  209.0000, 894.0000, -69.0000,  102, 0, 204
L 237.0000, 798.0000, -69.0000,  237.0000, 873.4000, -69.0000,  102, 0, 204
L 182.8000, 798.0000, -69.0000,  237.0000, 798.0000, -69.0000,  102, 0, 204
L 111.0000, 784.0000, -69.0000,  139.0000, 812.0000, -69.0000,  102, 0, 204
L 91.0000, 784.0000, -69.0000,  111.0000, 784.0000, -69.0000,  102, 0, 204
L 91.0000, 780.0000, -71.0000,  91.0000, 784.0000, -69.0000,  102, 0, 204
L 113.0000, 780.0000, -71.0000,  91.0000, 780.0000, -71.0000,  102, 0, 204
L 118.0000, 784.0000, -70.0000,  113.0000, 780.0000, -71.0000,  102, 0, 204
L 131.0000, 786.0000, -71.0000,  118.0000, 784.0000, -70.0000,  102, 0, 204
L 155.0000, 802.0000, -72.0000,  131.0000, 786.0000, -71.0000,  102, 0, 204
L 173.0000, 783.0000, -71.0000,  155.0000, 802.0000, -72.0000,  102, 0, 204
L 173.0000, 766.0000, -70.0000,  173.0000, 783.0000, -71.0000,  102, 0, 204
L 157.0000, 756.0000, -70.0000,  173.0000, 766.0000, -70.0000,  102, 0, 204
L 151.0000, 740.0000, -70.0000,  157.0000, 756.0000, -70.0000,  102, 0, 204
L 156.0000, 723.0000, -71.0000,  154.2000, 729.0000, -70.6000,  102, 0, 204
L 154.0000, 712.0000, -71.0000,  156.0000, 723.0000, -71.0000,  102, 0, 204
L 150.0000, 712.0000, -71.0000,  154.0000, 712.0000, -71.0000,  102, 0, 204
L 148.0000, 700.0000, -61.0000,  150.0000, 712.0000, -71.0000,  102, 0, 204
L 142.0000, 697.0000, -60.0000,  148.0000, 700.0000, -61.0000,  102, 0, 204
L 142.0000, 697.0000, -60.0000,  142.0000, 700.0000, -62.0000,  102, 0, 204
L 139.0000, 700.0000, -63.0000,  142.0000, 700.0000, -62.0000,  102, 0, 204
L 139.0000, 696.0000, -60.0000,  139.0000, 700.0000, -63.0000,  102, 0, 204
L 130.0000, 694.0000, -60.0000,  139.0000, 696.0000, -60.0000,  102, 0, 204
L 126.0000, 681.0000, -60.0000,  130.0000, 694.0000, -60.0000,  102, 0, 204
L 127.9000, 672.6000, -69.5000,  126.0000, 681.0000, -60.0000,  102, 0, 204
L 42.0000, 502.0000, -69.0000,  84.0000, 517.0000, -70.0000,  102, 0, 204
L 13.0000, 474.0000, -69.0000,  42.0000, 502.0000, -69.0000,  102, 0, 204
L 0.0000, 475.0000, -74.0000,  13.0000, 474.0000, -69.0000,  102, 0, 204
L -29.0000, 489.0000, -78.0000,  0.0000, 475.0000, -74.0000,  102, 0, 204
L -42.0000, 502.0000, -78.0000,  -29.0000, 489.0000, -78.0000,  102, 0, 204
L -69.0000, 502.0000, -79.0000,  -42.0000, 502.0000, -78.0000,  102, 0, 204
L -111.0000, 489.0000, -75.0000,  -69.0000, 502.0000, -79.0000,  102, 0, 204
L -111.0000, 462.0000, -81.0000,  -111.0000, 489.0000, -75.0000,  102, 0, 204
L -97.0000, 448.0000, -83.0000,  -111.0000, 462.0000, -81.0000,  102, 0, 204
L -70.0000, 462.0000, -83.0000,  -97.0000, 448.0000, -83.0000,  102, 0, 204
L -56.0000, 491.0000, -82.0000,  -70.0000, 462.0000, -83.0000,  102, 0, 204
L -40.0000, 456.0000, -77.0000,  -42.0000, 459.0000, -77.0000,  102, 0, 204
L -26.0000, 450.0000, -78.0000,  -40.0000, 456.0000, -77.0000,  102, 0, 204
L -19.0000, 461.0000, -77.0000,  -26.0000, 450.0000, -78.0000,  102, 0, 204
L -26.0000, 475.0000, -75.0000,  -19.0000, 461.0000, -77.0000,  102, 0, 204
L -36.0000, 482.0000, -78.0000,  -26.0000, 475.0000, -75.0000,  102, 0, 204
L -43.0000, 478.0000, -77.0000,  -36.0000, 482.0000, -78.0000,  102, 0, 204
L -43.0000, 478.0000, -77.0000,  -56.0000, 491.0000, -82.0000,  102, 0, 204
L -55.0000, 447.0000, -77.0000,  -42.0000, 459.0000, -77.0000,  102, 0, 204
L -55.0000, 420.0000, -77.0000,  -55.0000, 447.0000, -77.0000,  102, 0, 204
L -28.0000, 420.0000, -77.0000,  -55.0000, 420.0000, -77.0000,  102, 0, 204
L -14.0000, 434.0000, -77.0000,  -28.0000, 420.0000, -77.0000,  102, 0, 204
L -14.0000, 447.0000, -77.0000,  -14.0000, 434.0000, -77.0000,  102, 0, 204
L 0.0000, 462.0000, -76.0000,  -14.0000, 447.0000, -77.0000,  102, 0, 204
L 14.0000, 462.0000, -69.0000,  0.0000, 462.0000, -76.0000,  102, 0, 204
L 14.0000, 433.0000, -69.0000,  14.0000, 462.0000, -69.0000,  102, 0, 204
L -13.0000, 404.0000, -68.0000,  14.0000, 433.0000, -69.0000,  102, 0, 204
L -34.2000, 394.0000, -69.0000,  -13.0000, 404.0000, -68.0000,  102, 0, 204
L -70.0000, 404.0000, -69.0000,  -57.7000, 392.3000, -69.0000,  102, 0, 204
L -97.0000, 404.0000, -69.0000,  -70.0000, 404.0000, -69.0000,  102, 0, 204
L -111.0000, 391.0000, -69.0000,  -97.0000, 404.0000, -69.0000,  102, 0, 204
L -111.0000, 364.0000, -69.0000,  -111.0000, 391.0000, -69.0000,  102, 0, 204
L -97.0000, 350.0000, -69.0000,  -111.0000, 364.0000, -69.0000,  102, 0, 204
L -70.0000, 350.0000, -69.0000,  -97.0000, 350.0000, -69.0000,  102, 0, 204
L -56.0000, 364.0000, -69.0000,  -70.0000, 350.0000, -69.0000,  102, 0, 204
L -14.0000, 364.0000, -70.0000,  -56.0000, 364.0000, -69.0000,  102, 0, 204
L 13.0000, 378.0000, -70.0000,  -14.0000, 364.0000, -70.0000,  102, 0, 204
L 26.0000, 405.0000, -68.0000,  13.0000, 378.0000, -69.0000,  102, 0, 204
L 41.0000, 420.0000, -70.0000,  26.0000, 405.0000, -68.0000,  102, 0, 204
L 55.0000, 448.0000, -69.0000,  41.0000, 420.0000, -70.0000,  102, 0, 204
L 70.0000, 448.0000, -69.0000,  55.0000, 448.0000, -69.0000,  102, 0, 204
L 96.3000, 434.4000, -64.0000,  70.0000, 448.0000, -69.0000,  102, 0, 204
L 126.0000, 449.0000, -71.0000,  97.0000, 434.0000, -64.0000,  102, 0, 204
L 126.0000, 434.0000, -72.0000,  126.0000, 449.0000, -71.0000,  102, 0, 204
L 140.0000, 406.0000, -76.0000,  126.0000, 434.0000, -72.0000,  102, 0, 204
L 140.0000, 391.0000, -79.0000,  140.0000, 406.0000, -76.0000,  102, 0, 204
L 125.0000, 376.0000, -82.0000,  140.0000, 391.0000, -79.0000,  102, 0, 204
L 111.0000, 390.0000, -80.0000,  125.0000, 376.0000, -82.0000,  102, 0, 204
L 84.0000, 377.0000, -80.0000,  111.0000, 390.0000, -80.0000,  102, 0, 204
L 84.0000, 350.0000, -83.0000,  84.0000, 377.0000, -80.0000,  102, 0, 204
L 111.0000, 336.0000, -86.0000,  84.0000, 350.0000, -83.0000,  102, 0, 204
L 139.0000, 350.0000, -86.0000,  111.0000, 336.0000, -86.0000,  102, 0, 204
L 167.0000, 406.0000, -76.0000,  139.0000, 350.0000, -86.0000,  102, 0, 204
L 167.0000, 419.0000, -75.0000,  167.0000, 406.0000, -76.0000,  102, 0, 204
L 153.0000, 447.0000, -71.0000,  167.0000, 419.0000, -75.0000,  102, 0, 204
L 139.0000, 461.0000, -68.0000,  153.0000, 447.0000, -71.0000,  102, 0, 204
L 139.0000, 489.0000, -67.0000,  139.0000, 461.0000, -68.0000,  102, 0, 204
L 111.0000, 517.0000, -69.0000,  139.0000, 489.0000, -67.0000,  102, 0, 204
L 95.0000, 610.0000, -69.0000,  98.0000, 610.0000, -70.0000,  102, 0, 204
L 111.0000, 574.0000, -69.0000,  111.0000, 517.0000, -69.0000,  102, 0, 204
L 121.0000, 593.0000, -70.0000,  111.0000, 574.0000, -69.0000,  102, 0, 204
L 98.0000, 615.0000, -70.0000,  98.0000, 610.0000, -70.0000,  102, 0, 204
L 121.0000, 593.0000, -70.0000,  98.0000, 615.0000, -70.0000,  102, 0, 204
L 162.0000, 644.0000, -70.0000,  168.0000, 640.0000, -69.0000,  102, 0, 204
L 155.0000, 644.0000, -69.0000,  162.0000, 644.0000, -70.0000,  102, 0, 204
L 145.0000, 630.0000, -69.0000,  155.0000, 644.0000, -69.0000,  102, 0, 204
L 140.0000, 659.0000, -69.0000,  140.0000, 656.9000, -70.0000,  102, 0, 204
L 142.0000, 669.0000, -69.0000,  140.0000, 659.0000, -69.0000,  102, 0, 204
L 142.0000, 683.0000, -70.0000,  142.0000, 669.0000, -69.0000,  102, 0, 204
L 162.0000, 692.0000, -70.0000,  142.0000, 683.0000, -70.0000,  102, 0, 204
L 191.0000, 683.0000, -70.0000,  162.0000, 692.0000, -70.0000,  102, 0, 204
L 191.0000, 662.0000, -70.0000,  191.0000, 683.0000, -70.0000,  102, 0, 204
L 181.0000, 652.0000, -70.0000,  191.0000, 662.0000, -70.0000,  102, 0, 204
L 55.0000, 460.0000, -41.0000,  65.0000, 450.7000, -41.0000,  178, 102, 255
L 28.0000, 460.0000, -41.0000,  55.0000, 460.0000, -41.0000,  178, 102, 255
L 14.9000, 447.8000, -41.0000,  28.0000, 460.0000, -41.0000,  178, 102, 255
L -55.1000, 408.0000, -41.0000,  -58.9000, 408.0000, -41.0000,  178, 102, 255
L 28.0000, 392.0000, -40.0000,  14.9000, 405.1000, -42.0000,  178, 102, 255
L 29.0000, 382.0000, -31.0000,  28.3000, 389.4000, -37.7000,  178, 102, 255
L 30.0000, 380.0000, -29.0000,  29.0000, 382.0000, -31.0000,  178, 102, 255
L 36.0000, 378.0000, -30.0000,  30.0000, 380.0000, -29.0000,  178, 102, 255
L 42.0000, 379.0000, -32.0000,  36.0000, 378.0000, -30.0000,  178, 102, 255
L 48.0000, 382.0000, -37.0000,  42.0000, 379.0000, -32.0000,  178, 102, 255
L 53.0000, 384.0000, -33.0000,  48.0000, 382.0000, -37.0000,  178, 102, 255
L 55.0000, 384.0000, -36.0000,  53.0000, 384.0000, -33.0000,  178, 102, 255
L 55.0000, 392.0000, -41.0000,  55.0000, 390.3000, -39.9000,  178, 102, 255
L 69.1000, 406.1000, -42.0000,  55.0000, 392.0000, -41.0000,  178, 102, 255
L 186.0000, 554.0000, -46.0000,  184.0000, 554.0000, -46.0000,  150, 150, 150
L 187.0000, 553.0000, -45.0000,  186.0000, 554.0000, -46.0000,  150, 150, 150
L 194.0000, 553.0000, -45.0000,  187.0000, 553.0000, -45.0000,  150, 150, 150
L 194.0000, 542.9000, -42.0000,  194.0000, 553.0000, -45.0000,  178, 102, 255
L 184.0000, 554.0000, -46.0000,  184.0000, 554.0000, -44.0000,  150, 150, 150
L 184.0000, 542.0000, -41.0000,  184.0000, 554.0000, -44.0000,  150, 150, 150
L 194.0000, 589.0000, -69.0000,  192.0000, 578.0000, -69.0000,  150, 150, 150
L 192.0000, 578.0000, -69.0000,  188.0000, 584.0000, -67.0000,  150, 150, 150
L 184.0000, 602.0000, -69.0000,  185.0000, 584.0000, -69.0000,  150, 150, 150
L 180.0000, 602.0000, -69.0000,  184.0000, 602.0000, -69.0000,  150, 150, 150
L 180.0000, 587.0000, -69.0000,  180.0000, 602.0000, -69.0000,  150, 150, 150
L 183.0000, 584.0000, -69.0000,  180.0000, 587.0000, -69.0000,  150, 150, 150
L 188.0000, 584.0000, -67.0000,  185.0000, 584.0000, -69.0000,  150, 150, 150
L 194.0000, 556.0000, -69.0000,  183.0000, 556.0000, -68.0000,  150, 150, 150
L 180.0000, 554.0000, -64.0000,  183.0000, 556.0000, -68.0000,  150, 150, 150
L 180.0000, 546.0000, -65.0000,  180.0000, 554.0000, -64.0000,  150, 150, 150
L 168.0000, 546.0000, -61.0000,  180.0000, 546.0000, -65.0000,  150, 150, 150
L 168.0000, 602.0000, -69.0000,  168.0000, 546.0000, -61.0000,  150, 150, 150
L 164.0000, 602.0000, -69.0000,  168.0000, 602.0000, -69.0000,  150, 150, 150
L 154.0000, 602.0000, -69.0000,  154.0000, 598.6000, -67.2000,  178, 102, 255
L 154.0000, 628.0000, -69.0000,  154.0000, 602.0000, -69.0000,  102, 0, 204
L 185.0000, 578.0000, -69.0000,  192.0000, 578.0000, -69.0000,  150, 150, 150
L 183.0000, 576.0000, -68.0000,  185.0000, 578.0000, -69.0000,  150, 150, 150
L 182.0000, 574.0000, -68.0000,  183.0000, 576.0000, -68.0000,  150, 150, 150
L 180.0000, 572.0000, -67.0000,  182.0000, 574.0000, -68.0000,  150, 150, 150
L 183.0000, 569.0000, -67.0000,  180.0000, 572.0000, -67.0000,  150, 150, 150
L 185.0000, 568.0000, -68.0000,  183.0000, 569.0000, -67.0000,  150, 150, 150
L 187.0000, 566.0000, -69.0000,  185.0000, 568.0000, -68.0000,  150, 150, 150
L 187.0000, 566.0000, -69.0000,  192.0000, 566.0000, -69.0000,  150, 150, 150
L 194.0000, 568.0000, -69.0000,  192.0000, 566.0000, -69.0000,  150, 150, 150
L 194.0000, 568.0000, -69.0000,  194.0000, 578.0000, -69.0000,  178, 102, 255
L 194.0000, 556.0000, -69.0000,  194.0000, 568.0000, -69.0000,  178, 102, 255
L 154.0000, 476.0000, -41.0000,  111.1000, 476.0000, -41.0000,  178, 102, 255
L 154.0000, 405.0000, -41.0000,  154.0000, 420.6000, -41.0000,  178, 102, 255
L 140.0000, 391.0000, -41.0000,  154.0000, 405.0000, -41.0000,  178, 102, 255
L 140.0000, 365.1000, -41.0000,  140.0000, 391.0000, -41.0000,  178, 102, 255
L 235.0000, 379.0000, -32.0000,  232.0000, 374.5000, -35.5000,  150, 150, 150
L 247.0000, 376.0000, -25.0000,  241.0000, 377.5000, -28.5000,  150, 150, 150
L 259.0000, 370.0000, -22.0000,  256.0000, 371.5000, -22.8000,  150, 150, 150
L 263.0000, 362.0000, -21.0000,  259.0000, 370.0000, -22.0000,  150, 150, 150
L 273.0000, 354.0000, -27.0000,  268.0000, 358.0000, -24.0000,  150, 150, 150
L 269.0000, 342.0000, -26.0000,  259.0000, 340.0000, -26.0000,  150, 150, 150
L 273.0000, 354.0000, -27.0000,  271.0000, 348.0000, -26.5000,  150, 150, 150
L 258.0000, 348.0000, -15.0000,  259.0000, 340.0000, -26.0000,  127, 64, 0
L 250.0000, 345.0000, -13.0000,  258.0000, 348.0000, -15.0000,  127, 64, 0
L 238.0000, 351.0000, -13.0000,  250.0000, 345.0000, -13.0000,  127, 64, 0
L 228.0000, 349.0000, -13.0000,  238.0000, 351.0000, -13.0000,  127, 64, 0
L 217.0000, 355.0000, -17.0000,  228.0000, 349.0000, -13.0000,  127, 64, 0
L 212.0000, 350.0000, -15.0000,  217.0000, 355.0000, -17.0000,  127, 64, 0
L 206.0000, 349.0000, -15.0000,  212.0000, 350.0000, -15.0000,  127, 64, 0
L 202.0000, 338.0000, -14.0000,  206.0000, 349.0000, -15.0000,  127, 64, 0
L 207.0000, 338.0000, -13.0000,  202.0000, 338.0000, -14.0000,  0, 0, 0
L 209.2000, 335.0000, -14.0000,  207.0000, 338.0000, -13.0000,  0, 0, 0
L 189.0000, 396.0000, -39.0000,  181.0000, 404.0000, -42.0000,  178, 102, 255
L 189.0000, 396.0000, -39.0000,  188.0000, 393.0000, -40.0000,  178, 102, 255
L 193.0000, 382.0000, -41.0000,  188.0000, 393.0000, -40.0000,  178, 102, 255
L 201.0000, 378.0000, -41.0000,  193.0000, 382.0000, -41.0000,  178, 102, 255
L 212.0000, 380.0000, -37.0000,  201.0000, 378.0000, -41.0000,  178, 102, 255
L 214.0000, 385.0000, -35.0000,  212.0000, 380.0000, -37.0000,  178, 102, 255
L 231.0000, 390.0000, -29.0000,  222.5000, 387.5000, -32.0000,  0, 0, 0
L 240.0000, 386.0000, -28.0000,  231.0000, 390.0000, -29.0000,  0, 0, 0
L 249.0000, 388.0000, -27.0000,  240.0000, 386.0000, -28.0000,  0, 0, 0
L 253.0000, 381.0000, -25.0000,  249.0000, 388.0000, -27.0000,  0, 0, 0
L 263.0000, 380.0000, -22.0000,  253.0000, 381.0000, -25.0000,  0, 0, 0
L 268.0000, 377.0000, -21.0000,  263.0000, 380.0000, -22.0000,  0, 0, 0
L 268.0000, 377.0000, -21.0000,  268.0000, 369.0000, -21.0000,  0, 0, 0
L 276.0000, 365.0000, -21.0000,  268.0000, 369.0000, -20.0000,  0, 0, 0
L 278.0000, 355.0000, -22.0000,  276.0000, 365.0000, -21.0000,  0, 0, 0
L 274.0000, 341.0000, -24.0000,  276.0000, 348.0000, -23.0000,  0, 0, 0
L 278.0000, 329.0000, -22.0000,  274.0000, 341.0000, -24.0000,  0, 0, 0
L 275.0000, 322.0000, -20.0000,  278.0000, 329.0000, -22.0000,  0, 0, 0
L 263.0000, 324.0000, -19.0000,  275.0000, 322.0000, -20.0000,  0, 0, 0
L 258.0000, 323.0000, -19.0000,  263.0000, 324.0000, -19.0000,  0, 0, 0
L 254.0000, 328.0000, -18.0000,  258.0000, 323.0000, -19.0000,  0, 0, 0
L 254.0000, 338.0000, -14.0000,  254.0000, 328.0000, -18.0000,  0, 0, 0
L 249.0000, 338.0000, -13.0000,  254.0000, 338.0000, -14.0000,  0, 0, 0
L 249.0000, 338.0000, -13.0000,  248.5000, 335.0000, -14.0000,  0, 0, 0
L 238.0000, 334.0000, -13.0000,  242.0000, 338.0000, -13.0000,  0, 0, 0
L 218.0000, 338.0000, -13.0000,  242.0000, 338.0000, -13.0000,  0, 0, 0
L 221.0000, 334.0000, -13.0000,  218.0000, 338.0000, -13.0000,  0, 0, 0
L 238.0000, 334.0000, -13.0000,  221.0000, 334.0000, -13.0000,  0, 0, 0
L 153.0000, 352.0000, -14.0000,  152.0000, 352.0000, -14.0000,  0, 0, 0
L 155.0000, 349.0000, -13.0000,  153.0000, 352.0000, -14.0000,  0, 0, 0
L 162.0000, 355.0000, -14.0000,  155.0000, 349.0000, -13.0000,  127, 64, 0
L 167.0000, 357.0000, -14.0000,  162.0000, 355.0000, -14.0000,  127, 64, 0
L 174.0000, 353.0000, -14.0000,  167.0000, 357.0000, -14.0000,  127, 64, 0
L 179.0000, 355.0000, -16.0000,  174.0000, 353.0000, -14.0000,  127, 64, 0
L 187.0000, 351.0000, -16.0000,  179.0000, 355.0000, -16.0000,  127, 64, 0
L 188.0000, 347.0000, -14.0000,  187.0000, 351.0000, -16.0000,  0, 0, 0
L -77.0000, 374.0000, -13.0000,  -80.0000, 370.0000, -13.0000,  255, 255, 0
L -80.0000, 384.0000, -13.0000,  -77.0000, 381.0000, -13.0000,  255, 255, 0
L -90.0000, 381.0000, -13.0000,  -87.0000, 384.0000, -13.0000,  255, 255, 0
L -87.0000, 370.0000, -13.0000,  -90.0000, 374.0000, -13.0000,  255, 255, 0
L 14.0000, 82.0000, 0.0000,  14.0000, 89.3000, 0.0000,  0, 0, 0
L 125.0000, 83.0000, 0.0000,  125.0000, 62.0000, 0.0000,  0, 0, 0
L 69.0000, 83.0000, 0.0000,  125.0000, 83.0000, 0.0000,  0, 0, 0
L 69.0000, 140.0000, 0.0000,  69.0000, 83.0000, 0.0000,  0, 0, 0
L -28.0000, 71.0000, 0.0000,  -40.0000, 71.0000, 0.0000,  199, 21, 133
L 112.0000, 71.0000, 0.0000,  -28.0000, 71.0000, 0.0000,  0, 0, 0
L -40.0000, 82.0000, 0.0000,  14.0000, 82.0000, 0.0000,  0, 0, 0
L -40.0000, 71.0000, 0.0000,  -40.0000, 82.0000, 0.0000,  0, 0, 0
