L -512.0000, -336.5000, 42.5000,  -576.0000, -359.0000, 50.0000,  150, 150, 150
L 753.5000, -368.5000, -3.4000,  752.1000, -367.5000, -4.5000,  255, 165, 0
L 754.9000, -369.5000, -2.3000,  753.5000, -368.5000, -3.4000,  255, 165, 0
L 1283.3000, -511.7000, 41.6000,  1281.7000, -511.1000, 40.5000,  255, 165, 0
L 1284.8000, -512.4000, 42.7000,  1283.3000, -511.7000, 41.6000,  255, 165, 0
L 1269.6000, -543.4000, 40.6000,  1270.0000, -545.0000, 41.7000,  255, 165, 0
L 1269.1000, -541.7000, 39.5000,  1269.6000, -543.4000, 40.6000,  255, 165, 0
L 943.1000, -937.6000, 18.0000,  938.1000, -949.4000, 18.0000,  127, 64, 0
L 952.3000, -958.5000, 18.0000,  954.2000, -959.8000, 18.0000,  0, 0, 0
L 930.9000, -953.0000, 14.6000,  932.5000, -953.7000, 15.7000,  255, 165, 0
L 954.2000, -959.8000, 18.0000,  953.4000, -962.1000, 18.0000,  0, 0, 0
L 934.9000, -948.0000, 15.7000,  933.4000, -947.3000, 14.6000,  255, 165, 0
L 935.7000, -955.1000, 18.0000,  930.0000, -968.8000, 18.0000,  127, 64, 0
L 961.0000, -983.2000, 18.0000,  975.0000, -951.0000, 18.0000,  127, 64, 0
L 952.0000, -973.5000, 18.0000,  942.8000, -969.5000, 18.0000,  0, 0, 0
L 942.8000, -969.5000, 18.0000,  939.3000, -959.0000, 18.0000,  0, 0, 0
L 936.6000, -948.7000, 16.8000,  934.1000, -954.4000, 16.8000,  255, 165, 0
L 975.0000, -951.0000, 18.0000,  943.1000, -937.6000, 18.0000,  127, 64, 0
L 938.1000, -949.4000, 18.0000,  935.7000, -955.1000, 18.0000,  255, 165, 0
L 951.0000, -962.1000, 18.0000,  950.4000, -959.8000, 18.0000,  0, 0, 0
L 950.4000, -959.8000, 18.0000,  952.3000, -958.5000, 18.0000,  0, 0, 0
L 930.0000, -968.8000, 18.0000,  961.0000, -983.2000, 18.0000,  127, 64, 0
L 953.4000, -962.1000, 18.0000,  951.0000, -962.1000, 18.0000,  0, 0, 0
L 961.3000, -969.9000, 18.0000,  952.0000, -973.5000, 18.0000,  0, 0, 0
L 952.5000, -947.4000, 18.0000,  961.7000, -951.5000, 18.0000,  0, 0, 0
L 932.5000, -953.7000, 15.7000,  934.1000, -954.4000, 16.8000,  255, 165, 0
L 936.6000, -948.7000, 16.8000,  938.1000, -949.4000, 18.0000,  255, 165, 0
L 943.0000, -951.3000, 18.0000,  952.5000, -947.4000, 18.0000,  0, 0, 0
L 934.1000, -954.4000, 16.8000,  935.7000, -955.1000, 18.0000,  255, 165, 0
L 965.4000, -960.7000, 18.0000,  961.3000, -969.9000, 18.0000,  0, 0, 0
L 961.7000, -951.5000, 18.0000,  965.4000, -960.7000, 18.0000,  0, 0, 0
L 934.9000, -948.0000, 15.7000,  936.6000, -948.7000, 16.8000,  255, 165, 0
L 934.9000, -948.0000, 15.7000,  932.5000, -953.7000, 15.7000,  255, 165, 0
L 933.4000, -947.3000, 14.6000,  930.9000, -953.0000, 14.6000,  255, 165, 0
L 929.3000, -952.3000, 13.5000,  930.9000, -953.0000, 14.6000,  255, 165, 0
L 929.3000, -952.3000, 13.5000,  931.8000, -946.6000, 13.5000,  255, 165, 0
L 933.4000, -947.3000, 14.6000,  931.8000, -946.6000, 13.5000,  255, 165, 0
L 980.1000, -1211.9000, 41.0000,  978.6000, -1211.2000, 41.0000,  0, 0, 0
L 981.3000, -1208.4000, 41.0000,  982.4000, -1210.5000, 41.0000,  0, 0, 0
L 994.8000, -1224.8000, 41.0000,  993.1000, -1226.5000, 41.0000,  0, 0, 0
L 993.7000, -1222.7000, 41.0000,  994.8000, -1224.8000, 41.0000,  0, 0, 0
L 980.1000, -1212.1000, 41.0000,  980.1000, -1211.9000, 41.0000,  0, 0, 0
L 1005.0000, -1220.4000, 41.0000,  978.9000, -1189.7000, 41.0000,  0, 0, 0
L 963.6000, -1195.6000, 41.0000,  952.5000, -1205.0000, 41.0000,  127, 64, 0
L 963.4000, -1185.6000, 31.3000,  961.7000, -1183.6000, 28.1000,  255, 165, 0
L 978.6000, -1211.2000, 41.0000,  978.9000, -1208.8000, 41.0000,  0, 0, 0
L 963.6000, -1195.6000, 41.0000,  961.9000, -1193.6000, 37.8000,  255, 165, 0
L 966.7000, -1189.5000, 37.8000,  965.0000, -1187.6000, 34.6000,  255, 165, 0
L 968.4000, -1191.5000, 41.0000,  963.6000, -1195.6000, 41.0000,  255, 165, 0
L 1010.0000, -1218.0000, 41.0000,  983.0000, -1240.9000, 41.0000,  127, 64, 0
L 963.4000, -1185.6000, 31.3000,  958.6000, -1189.6000, 31.3000,  255, 165, 0
L 965.0000, -1187.6000, 34.6000,  960.2000, -1191.6000, 34.6000,  255, 165, 0
L 979.5000, -1182.1000, 41.0000,  968.4000, -1191.5000, 41.0000,  127, 64, 0
L 964.3000, -1202.0000, 41.0000,  960.1000, -1205.6000, 41.0000,  0, 0, 0
L 961.9000, -1193.6000, 37.8000,  960.2000, -1191.6000, 34.6000,  255, 165, 0
L 960.2000, -1191.6000, 34.6000,  958.6000, -1189.6000, 31.3000,  255, 165, 0
L 986.2000, -1236.3000, 41.0000,  1005.0000, -1220.4000, 41.0000,  0, 0, 0
L 982.4000, -1210.5000, 41.0000,  980.7000, -1212.3000, 41.0000,  0, 0, 0
L 958.6000, -1189.6000, 31.3000,  956.9000, -1187.7000, 28.1000,  255, 165, 0
L 993.1000, -1226.5000, 41.0000,  991.0000, -1225.4000, 41.0000,  0, 0, 0
L 960.1000, -1205.6000, 41.0000,  986.2000, -1236.3000, 41.0000,  0, 0, 0
L 956.9000, -1187.7000, 28.1000,  961.7000, -1183.6000, 28.1000,  255, 165, 0
L 1010.0000, -1218.0000, 41.0000,  979.5000, -1182.1000, 41.0000,  127, 64, 0
L 980.7000, -1212.3000, 41.0000,  980.1000, -1211.9000, 41.0000,  0, 0, 0
L 991.3000, -1223.1000, 41.0000,  993.7000, -1222.7000, 41.0000,  0, 0, 0
L 966.7000, -1189.5000, 37.8000,  961.9000, -1193.6000, 37.8000,  255, 165, 0
L 991.0000, -1225.4000, 41.0000,  991.3000, -1223.1000, 41.0000,  0, 0, 0
L 968.4000, -1191.5000, 41.0000,  966.7000, -1189.5000, 37.8000,  255, 165, 0
L 978.9000, -1189.7000, 41.0000,  974.7000, -1193.2000, 41.0000,  0, 0, 0
L 978.9000, -1208.8000, 41.0000,  981.3000, -1208.4000, 41.0000,  0, 0, 0
L 965.0000, -1187.6000, 34.6000,  963.4000, -1185.6000, 31.3000,  255, 165, 0
L 983.0000, -1240.9000, 41.0000,  952.5000, -1205.0000, 41.0000,  127, 64, 0
L 1061.3000, -1035.5000, 15.0000,  1063.4000, -1037.1000, 11.8000,  255, 165, 0
L 1067.5000, -1040.3000, 5.3000,  1069.6000, -1041.8000, 2.1000,  255, 165, 0
L 1015.1000, -1018.4000, 15.0000,  1036.6000, -990.3000, 15.0000,  127, 64, 0
L 1063.4000, -1037.1000, 11.8000,  1067.2000, -1032.1000, 11.8000,  255, 165, 0
L 1067.5000, -1040.3000, 5.3000,  1071.4000, -1035.3000, 5.3000,  255, 165, 0
L 1067.2000, -1032.1000, 11.8000,  1069.3000, -1033.7000, 8.6000,  255, 165, 0
L 1065.2000, -1030.5000, 15.0000,  1074.0000, -1019.0000, 15.0000,  127, 64, 0
L 1044.9000, -1017.8000, 15.0000,  1045.6000, -1018.0000, 15.0000,  0, 0, 0
L 1063.4000, -1037.1000, 11.8000,  1065.5000, -1038.7000, 8.6000,  255, 165, 0
L 1061.3000, -1035.5000, 15.0000,  1065.2000, -1030.5000, 15.0000,  255, 165, 0
L 1030.1000, -1010.4000, 15.0000,  1028.6000, -1008.6000, 15.0000,  0, 0, 0
L 1063.1000, -1024.4000, 15.0000,  1066.4000, -1020.0000, 15.0000,  0, 0, 0
L 1015.1000, -1018.4000, 15.0000,  1052.4000, -1047.1000, 15.0000,  127, 64, 0
L 1029.8000, -1006.5000, 15.0000,  1032.1000, -1007.1000, 15.0000,  0, 0, 0
L 1066.4000, -1020.0000, 15.0000,  1034.5000, -995.5000, 15.0000,  0, 0, 0
L 1052.4000, -1047.1000, 15.0000,  1061.3000, -1035.5000, 15.0000,  127, 64, 0
L 1045.6000, -1017.9000, 15.0000,  1045.6000, -1018.0000, 15.0000,  0, 0, 0
L 1019.5000, -1015.0000, 15.0000,  1051.5000, -1039.5000, 15.0000,  0, 0, 0
L 1069.3000, -1033.7000, 8.6000,  1071.4000, -1035.3000, 5.3000,  255, 165, 0
L 1032.1000, -1007.1000, 15.0000,  1032.3000, -1009.4000, 15.0000,  0, 0, 0
L 1065.5000, -1038.7000, 8.6000,  1067.5000, -1040.3000, 5.3000,  255, 165, 0
L 1051.5000, -1039.5000, 15.0000,  1054.8000, -1035.1000, 15.0000,  0, 0, 0
L 1047.4000, -1020.8000, 15.0000,  1045.2000, -1021.7000, 15.0000,  0, 0, 0
L 1065.2000, -1030.5000, 15.0000,  1067.2000, -1032.1000, 11.8000,  255, 165, 0
L 1034.5000, -995.5000, 15.0000,  1019.5000, -1015.0000, 15.0000,  0, 0, 0
L 1036.6000, -990.3000, 15.0000,  1074.0000, -1019.0000, 15.0000,  127, 64, 0
L 1045.2000, -1021.7000, 15.0000,  1043.7000, -1019.9000, 15.0000,  0, 0, 0
L 1073.4000, -1036.8000, 2.1000,  1069.6000, -1041.8000, 2.1000,  255, 165, 0
L 1071.4000, -1035.3000, 5.3000,  1073.4000, -1036.8000, 2.1000,  255, 165, 0
L 1028.6000, -1008.6000, 15.0000,  1029.8000, -1006.5000, 15.0000,  0, 0, 0
L 1065.5000, -1038.7000, 8.6000,  1069.3000, -1033.7000, 8.6000,  255, 165, 0
L 1032.3000, -1009.4000, 15.0000,  1030.1000, -1010.4000, 15.0000,  0, 0, 0
L 1047.2000, -1018.4000, 15.0000,  1047.4000, -1020.8000, 15.0000,  0, 0, 0
L 1045.6000, -1018.0000, 15.0000,  1047.2000, -1018.4000, 15.0000,  0, 0, 0
L 1043.7000, -1019.9000, 15.0000,  1044.9000, -1017.8000, 15.0000,  0, 0, 0
L 1173.6000, -1125.0000, 15.6000,  1172.1000, -1124.2000, 14.5000,  255, 165, 0
L 1175.2000, -1125.8000, 16.7000,  1173.6000, -1125.0000, 15.6000,  255, 165, 0
L 1112.6000, -1097.6000, 0.6000,  1110.9000, -1097.6000, -0.5000,  255, 165, 0
L 1114.3000, -1097.6000, 1.7000,  1112.6000, -1097.6000, 0.6000,  255, 165, 0
L 1133.1000, -1102.6000, 4.0000,  1134.3000, -1100.6000, 4.0000,  0, 0, 0
L 1147.1000, -1107.6000, 4.0000,  1139.9000, -1114.6000, 4.0000,  0, 0, 0
L 1130.3000, -1090.3000, 4.0000,  1140.3000, -1090.5000, 4.0000,  0, 0, 0
L 1117.8000, -1084.9000, 4.0000,  1117.8000, -1097.7000, 4.0000,  127, 64, 0
L 1134.6000, -1104.4000, 4.0000,  1133.1000, -1102.6000, 4.0000,  0, 0, 0
L 1117.8000, -1118.7000, 4.0000,  1152.0000, -1120.0000, 4.0000,  127, 64, 0
L 1114.3000, -1103.8000, 1.7000,  1116.0000, -1103.9000, 2.8000,  255, 165, 0
L 1112.6000, -1097.6000, 0.6000,  1112.5000, -1103.8000, 0.6000,  255, 165, 0
L 1116.1000, -1097.7000, 2.8000,  1117.8000, -1097.7000, 4.0000,  255, 165, 0
L 1116.1000, -1097.7000, 2.8000,  1116.0000, -1103.9000, 2.8000,  255, 165, 0
L 1129.9000, -1114.4000, 4.0000,  1122.6000, -1106.1000, 4.0000,  0, 0, 0
L 1123.1000, -1097.6000, 4.0000,  1130.3000, -1090.3000, 4.0000,  0, 0, 0
L 1116.0000, -1103.9000, 2.8000,  1117.8000, -1103.9000, 4.0000,  255, 165, 0
L 1134.3000, -1100.6000, 4.0000,  1136.6000, -1101.1000, 4.0000,  0, 0, 0
L 1117.8000, -1103.9000, 4.0000,  1117.8000, -1118.7000, 4.0000,  127, 64, 0
L 1136.8000, -1103.5000, 4.0000,  1134.6000, -1104.4000, 4.0000,  0, 0, 0
L 1110.8000, -1103.8000, -0.5000,  1110.9000, -1097.6000, -0.5000,  255, 165, 0
L 1136.6000, -1101.1000, 4.0000,  1136.8000, -1103.5000, 4.0000,  0, 0, 0
L 1147.3000, -1097.6000, 4.0000,  1147.1000, -1107.6000, 4.0000,  0, 0, 0
L 1112.5000, -1103.8000, 0.6000,  1114.3000, -1103.8000, 1.7000,  255, 165, 0
L 1114.3000, -1097.6000, 1.7000,  1116.1000, -1097.7000, 2.8000,  255, 165, 0
L 1114.3000, -1097.6000, 1.7000,  1114.3000, -1103.8000, 1.7000,  255, 165, 0
L 1152.0000, -1120.0000, 4.0000,  1152.4000, -1084.9000, 4.0000,  127, 64, 0
L 1117.8000, -1097.7000, 4.0000,  1117.8000, -1103.9000, 4.0000,  255, 165, 0
L 1110.8000, -1103.8000, -0.5000,  1112.5000, -1103.8000, 0.6000,  255, 165, 0
L 1139.9000, -1114.6000, 4.0000,  1129.9000, -1114.4000, 4.0000,  0, 0, 0
L 1152.4000, -1084.9000, 4.0000,  1117.8000, -1084.9000, 4.0000,  127, 64, 0
L 1140.3000, -1090.5000, 4.0000,  1147.3000, -1097.6000, 4.0000,  0, 0, 0
L 1176.7000, -1126.7000, 17.8000,  1173.9000, -1132.2000, 17.8000,  255, 165, 0
L 1172.4000, -1131.4000, 16.7000,  1173.9000, -1132.2000, 17.8000,  255, 165, 0
L 1178.3000, -1127.4000, 19.0000,  1175.5000, -1133.0000, 19.0000,  255, 165, 0
L 1175.2000, -1125.8000, 16.7000,  1172.4000, -1131.4000, 16.7000,  255, 165, 0
L 1191.8000, -1137.4000, 19.0000,  1193.6000, -1138.9000, 19.0000,  0, 0, 0
L 1170.8000, -1130.5000, 15.6000,  1172.4000, -1131.4000, 16.7000,  255, 165, 0
L 1193.6000, -1138.9000, 19.0000,  1192.6000, -1141.2000, 19.0000,  0, 0, 0
L 1175.5000, -1133.0000, 19.0000,  1168.9000, -1146.2000, 19.0000,  127, 64, 0
L 1168.9000, -1146.2000, 19.0000,  1198.9000, -1162.7000, 19.0000,  127, 64, 0
L 1173.9000, -1132.2000, 17.8000,  1175.5000, -1133.0000, 19.0000,  255, 165, 0
L 1192.8000, -1126.4000, 19.0000,  1201.6000, -1131.1000, 19.0000,  0, 0, 0
L 1190.5000, -1152.4000, 19.0000,  1181.6000, -1147.8000, 19.0000,  0, 0, 0
L 1215.0000, -1131.5000, 19.0000,  1184.0000, -1116.0000, 19.0000,  127, 64, 0
L 1106.8000, -1041.6000, 3.6000,  1104.2000, -1041.6000, 0.3000,  255, 165, 0
L 1159.1000, -1062.4000, 10.0000,  1112.0000, -1062.4000, 10.0000,  127, 64, 0
L 1133.2000, -1042.7000, 10.0000,  1135.5000, -1043.2000, 10.0000,  0, 0, 0
L 1154.4000, -1043.0000, 10.0000,  1154.7000, -1045.4000, 10.0000,  0, 0, 0
L 1152.1000, -1042.5000, 10.0000,  1154.4000, -1043.0000, 10.0000,  0, 0, 0
L 1135.2000, -1046.0000, 10.0000,  1135.1000, -1045.9000, 10.0000,  0, 0, 0
L 1157.7000, -1032.4000, 10.0000,  1117.4000, -1032.4000, 10.0000,  0, 0, 0
L 1112.0000, -1047.9000, 10.0000,  1112.0000, -1062.4000, 10.0000,  127, 64, 0
L 1133.6000, -1046.6000, 10.0000,  1132.0000, -1044.8000, 10.0000,  0, 0, 0
L 1135.1000, -1045.9000, 10.0000,  1133.6000, -1046.6000, 10.0000,  0, 0, 0
L 1104.2000, -1041.6000, 0.3000,  1101.6000, -1041.6000, -2.9000,  255, 165, 0
L 1159.1000, -1027.0000, 10.0000,  1112.0000, -1027.0000, 10.0000,  127, 64, 0
L 1117.4000, -1032.4000, 10.0000,  1117.4000, -1037.9000, 10.0000,  0, 0, 0
L 1132.0000, -1044.8000, 10.0000,  1133.2000, -1042.7000, 10.0000,  0, 0, 0
L 1159.1000, -1027.0000, 10.0000,  1159.1000, -1062.4000, 10.0000,  127, 64, 0
L 1106.8000, -1041.6000, 3.6000,  1106.8000, -1047.9000, 3.6000,  255, 165, 0
L 1117.4000, -1051.5000, 10.0000,  1117.4000, -1057.0000, 10.0000,  0, 0, 0
L 1109.4000, -1047.9000, 6.8000,  1106.8000, -1047.9000, 3.6000,  255, 165, 0
L 1152.5000, -1046.3000, 10.0000,  1150.9000, -1044.6000, 10.0000,  0, 0, 0
L 1112.0000, -1047.9000, 10.0000,  1109.4000, -1047.9000, 6.8000,  255, 165, 0
L 1157.7000, -1057.0000, 10.0000,  1157.7000, -1032.4000, 10.0000,  0, 0, 0
L 1112.0000, -1041.6000, 10.0000,  1109.4000, -1041.6000, 6.8000,  255, 165, 0
L 1135.5000, -1043.2000, 10.0000,  1135.8000, -1045.6000, 10.0000,  0, 0, 0
L 1101.6000, -1047.9000, -2.9000,  1101.6000, -1041.6000, -2.9000,  255, 165, 0
L 1104.2000, -1047.9000, 0.3000,  1101.6000, -1047.9000, -2.9000,  255, 165, 0
L 1117.4000, -1057.0000, 10.0000,  1157.7000, -1057.0000, 10.0000,  0, 0, 0
L 1109.4000, -1041.6000, 6.8000,  1106.8000, -1041.6000, 3.6000,  255, 165, 0
L 1106.8000, -1047.9000, 3.6000,  1104.2000, -1047.9000, 0.3000,  255, 165, 0
L 1173.6000, -1125.0000, 15.6000,  1170.8000, -1130.5000, 15.6000,  255, 165, 0
L 1184.0000, -1116.0000, 19.0000,  1178.3000, -1127.4000, 19.0000,  127, 64, 0
L 1189.8000, -1138.6000, 19.0000,  1191.8000, -1137.4000, 19.0000,  0, 0, 0
L 1109.4000, -1041.6000, 6.8000,  1109.4000, -1047.9000, 6.8000,  255, 165, 0
L 1169.3000, -1129.7000, 14.5000,  1170.8000, -1130.5000, 15.6000,  255, 165, 0
L 1150.9000, -1044.6000, 10.0000,  1152.1000, -1042.5000, 10.0000,  0, 0, 0
L 1183.0000, -1129.7000, 19.0000,  1192.8000, -1126.4000, 19.0000,  0, 0, 0
L 1112.0000, -1041.6000, 10.0000,  1112.0000, -1047.9000, 10.0000,  255, 165, 0
L 1104.2000, -1041.6000, 0.3000,  1104.2000, -1047.9000, 0.3000,  255, 165, 0
L 1135.8000, -1045.6000, 10.0000,  1135.1000, -1045.9000, 10.0000,  0, 0, 0
L 1192.6000, -1141.2000, 19.0000,  1190.3000, -1140.9000, 19.0000,  0, 0, 0
L 1176.7000, -1126.7000, 17.8000,  1178.3000, -1127.4000, 19.0000,  255, 165, 0
L 1169.3000, -1129.7000, 14.5000,  1172.1000, -1124.2000, 14.5000,  255, 165, 0
L 1181.6000, -1147.8000, 19.0000,  1178.8000, -1137.1000, 19.0000,  0, 0, 0
L 1175.2000, -1125.8000, 16.7000,  1176.7000, -1126.7000, 17.8000,  255, 165, 0
L 1154.7000, -1045.4000, 10.0000,  1152.5000, -1046.3000, 10.0000,  0, 0, 0
L 1204.7000, -1140.6000, 19.0000,  1200.1000, -1149.4000, 19.0000,  0, 0, 0
L 1112.0000, -1027.0000, 10.0000,  1112.0000, -1041.6000, 10.0000,  127, 64, 0
L 1200.1000, -1149.4000, 19.0000,  1190.5000, -1152.4000, 19.0000,  0, 0, 0
L 1198.9000, -1162.7000, 19.0000,  1215.0000, -1131.5000, 19.0000,  127, 64, 0
L 1190.3000, -1140.9000, 19.0000,  1189.8000, -1138.6000, 19.0000,  0, 0, 0
L 1201.6000, -1131.1000, 19.0000,  1204.7000, -1140.6000, 19.0000,  0, 0, 0
L 1227.9000, -540.2000, 41.8000,  1229.3000, -538.0000, 38.6000,  255, 165, 0
L 1203.4000, -575.2000, 45.0000,  1201.7000, -576.9000, 45.0000,  0, 0, 0
L 1231.1000, -551.9000, 45.0000,  1226.5000, -548.9000, 45.0000,  0, 0, 0
L 1209.9000, -559.2000, 45.0000,  1210.0000, -559.2000, 45.0000,  0, 0, 0
L 1226.4000, -542.3000, 45.0000,  1227.9000, -540.2000, 41.8000,  255, 165, 0
L 1229.3000, -538.0000, 38.6000,  1224.1000, -534.5000, 38.6000,  255, 165, 0
L 1183.0000, -570.0000, 45.0000,  1209.1000, -530.8000, 45.0000,  127, 64, 0
L 1201.7000, -576.9000, 45.0000,  1199.6000, -575.8000, 45.0000,  0, 0, 0
L 1224.1000, -534.5000, 38.6000,  1225.5000, -532.4000, 35.3000,  255, 165, 0
L 1221.2000, -538.9000, 45.0000,  1222.6000, -536.7000, 41.8000,  255, 165, 0
L 1222.6000, -536.7000, 41.8000,  1224.1000, -534.5000, 38.6000,  255, 165, 0
L 1225.5000, -532.4000, 35.3000,  1227.0000, -530.2000, 32.1000,  255, 165, 0
L 1229.3000, -538.0000, 38.6000,  1230.8000, -535.9000, 35.3000,  255, 165, 0
L 1210.6000, -538.3000, 45.0000,  1188.3000, -571.8000, 45.0000,  0, 0, 0
L 1188.3000, -571.8000, 45.0000,  1208.7000, -585.5000, 45.0000,  0, 0, 0
L 1208.7000, -585.5000, 45.0000,  1231.1000, -551.9000, 45.0000,  0, 0, 0
L 1210.0000, -559.2000, 45.0000,  1210.3000, -557.5000, 45.0000,  0, 0, 0
L 1230.8000, -535.9000, 35.3000,  1232.2000, -533.7000, 32.1000,  255, 165, 0
L 1212.5000, -589.6000, 45.0000,  1238.6000, -550.4000, 45.0000,  127, 64, 0
L 1215.2000, -541.3000, 45.0000,  1210.6000, -538.3000, 45.0000,  0, 0, 0
L 1227.9000, -540.2000, 41.8000,  1222.6000, -536.7000, 41.8000,  255, 165, 0
L 1210.3000, -557.5000, 45.0000,  1212.7000, -557.2000, 45.0000,  0, 0, 0
L 1212.5000, -589.6000, 45.0000,  1183.0000, -570.0000, 45.0000,  127, 64, 0
L 1212.7000, -557.2000, 45.0000,  1213.8000, -559.4000, 45.0000,  0, 0, 0
L 1200.1000, -573.4000, 45.0000,  1202.4000, -573.1000, 45.0000,  0, 0, 0
L 1221.2000, -538.9000, 45.0000,  1209.1000, -530.8000, 45.0000,  127, 64, 0
L 1212.1000, -561.0000, 45.0000,  1209.9000, -559.9000, 45.0000,  0, 0, 0
L 1213.8000, -559.4000, 45.0000,  1212.1000, -561.0000, 45.0000,  0, 0, 0
L 1227.0000, -530.2000, 32.1000,  1232.2000, -533.7000, 32.1000,  255, 165, 0
L 1283.2000, -544.8000, 44.0000,  1270.9000, -548.4000, 44.0000,  127, 64, 0
L 1269.6000, -543.4000, 40.6000,  1263.6000, -545.0000, 40.6000,  255, 165, 0
L 1250.8000, -554.4000, 44.0000,  1259.2000, -587.5000, 44.0000,  127, 64, 0
L 1273.0000, -567.4000, 44.0000,  1270.7000, -568.3000, 44.0000,  0, 0, 0
L 1270.7000, -568.3000, 44.0000,  1269.3000, -566.4000, 44.0000,  0, 0, 0
L 1270.0000, -545.0000, 41.7000,  1270.5000, -546.8000, 42.8000,  255, 165, 0
L 1263.1000, -543.4000, 39.5000,  1263.6000, -545.0000, 40.6000,  255, 165, 0
L 1264.1000, -546.8000, 41.7000,  1264.5000, -548.4000, 42.8000,  255, 165, 0
L 1202.4000, -573.1000, 45.0000,  1203.4000, -575.2000, 45.0000,  0, 0, 0
L 1226.4000, -542.3000, 45.0000,  1221.2000, -538.9000, 45.0000,  255, 165, 0
L 1230.8000, -535.9000, 35.3000,  1225.5000, -532.4000, 35.3000,  255, 165, 0
L 1209.9000, -559.9000, 45.0000,  1210.0000, -559.2000, 45.0000,  0, 0, 0
L 1264.5000, -548.4000, 42.8000,  1265.0000, -550.1000, 44.0000,  255, 165, 0
L 1238.6000, -550.4000, 45.0000,  1226.4000, -542.3000, 45.0000,  127, 64, 0
L 1199.6000, -575.8000, 45.0000,  1200.1000, -573.4000, 45.0000,  0, 0, 0
L 1269.7000, -579.3000, 44.0000,  1261.0000, -574.4000, 44.0000,  0, 0, 0
L 1259.2000, -587.5000, 44.0000,  1293.0000, -578.0000, 44.0000,  127, 64, 0
L 1284.2000, -568.0000, 44.0000,  1279.4000, -576.7000, 44.0000,  0, 0, 0
L 1269.3000, -566.4000, 44.0000,  1270.6000, -564.5000, 44.0000,  0, 0, 0
L 1281.6000, -558.3000, 44.0000,  1284.2000, -568.0000, 44.0000,  0, 0, 0
L 1261.0000, -574.4000, 44.0000,  1258.3000, -564.7000, 44.0000,  0, 0, 0
L 1265.0000, -550.1000, 44.0000,  1250.8000, -554.4000, 44.0000,  127, 64, 0
L 1270.9000, -548.4000, 44.0000,  1265.0000, -550.1000, 44.0000,  255, 165, 0
L 1270.0000, -545.0000, 41.7000,  1264.1000, -546.8000, 41.7000,  255, 165, 0
L 1293.0000, -578.0000, 44.0000,  1283.2000, -544.8000, 44.0000,  127, 64, 0
L 1270.5000, -546.8000, 42.8000,  1270.9000, -548.4000, 44.0000,  255, 165, 0
L 1279.4000, -576.7000, 44.0000,  1269.7000, -579.3000, 44.0000,  0, 0, 0
L 1263.6000, -545.0000, 40.6000,  1264.1000, -546.8000, 41.7000,  255, 165, 0
L 1270.6000, -564.5000, 44.0000,  1272.8000, -565.1000, 44.0000,  0, 0, 0
L 1258.3000, -564.7000, 44.0000,  1264.3000, -555.4000, 44.0000,  0, 0, 0
L 1263.1000, -543.4000, 39.5000,  1269.1000, -541.7000, 39.5000,  255, 165, 0
L 1272.5000, -553.4000, 44.0000,  1281.6000, -558.3000, 44.0000,  0, 0, 0
L 1272.8000, -565.1000, 44.0000,  1273.0000, -567.4000, 44.0000,  0, 0, 0
L 1270.5000, -546.8000, 42.8000,  1264.5000, -548.4000, 42.8000,  255, 165, 0
L 1303.8000, -525.9000, 45.0000,  1301.4000, -525.9000, 45.0000,  0, 0, 0
L 1292.7000, -501.7000, 45.0000,  1288.1000, -513.7000, 45.0000,  127, 64, 0
L 1284.8000, -512.4000, 42.7000,  1286.5000, -513.0000, 43.8000,  255, 165, 0
L 1280.7000, -533.3000, 45.0000,  1312.1000, -546.7000, 45.0000,  127, 64, 0
L 1282.6000, -518.1000, 42.7000,  1284.2000, -518.8000, 43.8000,  255, 165, 0
L 1283.3000, -511.7000, 41.6000,  1281.0000, -517.5000, 41.6000,  255, 165, 0
L 1279.4000, -516.8000, 40.5000,  1281.0000, -517.5000, 41.6000,  255, 165, 0
L 1304.5000, -523.6000, 45.0000,  1303.8000, -525.9000, 45.0000,  0, 0, 0
L 1169.1000, -526.2000, 47.0000,  1169.2000, -526.2000, 47.0000,  0, 0, 0
L 1168.4000, -507.6000, 47.0000,  1163.1000, -506.2000, 47.0000,  0, 0, 0
L 1180.8000, -500.0000, 40.6000,  1174.7000, -498.3000, 40.6000,  255, 165, 0
L 1176.3000, -551.5000, 47.0000,  1186.9000, -512.6000, 47.0000,  0, 0, 0
L 1172.8000, -525.2000, 47.0000,  1171.7000, -527.2000, 47.0000,  0, 0, 0
L 1181.2000, -554.3000, 47.0000,  1147.0000, -545.0000, 47.0000,  127, 64, 0
L 1179.4000, -505.0000, 47.0000,  1180.1000, -502.5000, 43.8000,  255, 165, 0
L 1186.9000, -512.6000, 47.0000,  1181.6000, -511.2000, 47.0000,  0, 0, 0
L 1171.1000, -523.5000, 47.0000,  1172.8000, -525.2000, 47.0000,  0, 0, 0
L 1147.0000, -545.0000, 47.0000,  1159.3000, -499.5000, 47.0000,  127, 64, 0
L 1163.1000, -506.2000, 47.0000,  1152.6000, -545.1000, 47.0000,  0, 0, 0
L 1176.0000, -493.3000, 34.1000,  1182.1000, -494.9000, 34.1000,  255, 165, 0
L 1169.2000, -526.2000, 47.0000,  1168.9000, -524.5000, 47.0000,  0, 0, 0
L 1164.3000, -542.8000, 47.0000,  1166.3000, -541.7000, 47.0000,  0, 0, 0
L 1168.0000, -543.5000, 47.0000,  1167.0000, -545.5000, 47.0000,  0, 0, 0
L 1173.3000, -503.3000, 47.0000,  1174.0000, -500.8000, 43.8000,  255, 165, 0
L 1171.7000, -527.2000, 47.0000,  1169.3000, -526.9000, 47.0000,  0, 0, 0
L 1173.3000, -503.3000, 47.0000,  1159.3000, -499.5000, 47.0000,  127, 64, 0
L 1175.4000, -495.8000, 37.3000,  1176.0000, -493.3000, 34.1000,  255, 165, 0
L 1181.2000, -554.3000, 47.0000,  1193.5000, -508.8000, 47.0000,  127, 64, 0
L 1167.0000, -545.5000, 47.0000,  1164.6000, -545.2000, 47.0000,  0, 0, 0
L 1168.9000, -524.5000, 47.0000,  1171.1000, -523.5000, 47.0000,  0, 0, 0
L 1180.8000, -500.0000, 40.6000,  1181.4000, -497.5000, 37.3000,  255, 165, 0
L 1152.6000, -545.1000, 47.0000,  1176.3000, -551.5000, 47.0000,  0, 0, 0
L 1180.1000, -502.5000, 43.8000,  1180.8000, -500.0000, 40.6000,  255, 165, 0
L 1181.4000, -497.5000, 37.3000,  1182.1000, -494.9000, 34.1000,  255, 165, 0
L 1174.7000, -498.3000, 40.6000,  1175.4000, -495.8000, 37.3000,  255, 165, 0
L 1284.2000, -518.8000, 43.8000,  1285.9000, -519.4000, 45.0000,  255, 165, 0
L 1166.3000, -541.7000, 47.0000,  1168.0000, -543.5000, 47.0000,  0, 0, 0
L 1300.7000, -523.6000, 45.0000,  1302.5000, -522.2000, 45.0000,  0, 0, 0
L 1193.5000, -508.8000, 47.0000,  1179.4000, -505.0000, 47.0000,  127, 64, 0
L 1284.8000, -512.4000, 42.7000,  1282.6000, -518.1000, 42.7000,  255, 165, 0
L 1302.5000, -522.2000, 45.0000,  1304.5000, -523.6000, 45.0000,  0, 0, 0
L 1288.1000, -513.7000, 45.0000,  1285.9000, -519.4000, 45.0000,  255, 165, 0
L 1174.0000, -500.8000, 43.8000,  1174.7000, -498.3000, 40.6000,  255, 165, 0
L 1180.1000, -502.5000, 43.8000,  1174.0000, -500.8000, 43.8000,  255, 165, 0
L 1179.4000, -505.0000, 47.0000,  1173.3000, -503.3000, 47.0000,  255, 165, 0
L 1181.4000, -497.5000, 37.3000,  1175.4000, -495.8000, 37.3000,  255, 165, 0
L 1281.0000, -517.5000, 41.6000,  1282.6000, -518.1000, 42.7000,  255, 165, 0
L 1169.3000, -526.9000, 47.0000,  1169.2000, -526.2000, 47.0000,  0, 0, 0
L 1325.0000, -514.0000, 45.0000,  1292.7000, -501.7000, 45.0000,  127, 64, 0
L 1312.1000, -546.7000, 45.0000,  1325.0000, -514.0000, 45.0000,  127, 64, 0
L 1302.7000, -537.3000, 45.0000,  1293.5000, -533.6000, 45.0000,  0, 0, 0
L 1279.4000, -516.8000, 40.5000,  1281.7000, -511.1000, 40.5000,  255, 165, 0
L 1311.7000, -514.9000, 45.0000,  1315.7000, -524.1000, 45.0000,  0, 0, 0
L 1286.5000, -513.0000, 43.8000,  1288.1000, -513.7000, 45.0000,  255, 165, 0
L 1312.0000, -533.3000, 45.0000,  1302.7000, -537.3000, 45.0000,  0, 0, 0
L 1315.7000, -524.1000, 45.0000,  1312.0000, -533.3000, 45.0000,  0, 0, 0
L 1285.9000, -519.4000, 45.0000,  1280.7000, -533.3000, 45.0000,  127, 64, 0
L 1164.6000, -545.2000, 47.0000,  1164.3000, -542.8000, 47.0000,  0, 0, 0
L 1301.4000, -525.9000, 45.0000,  1300.7000, -523.6000, 45.0000,  0, 0, 0
L 1302.4000, -511.2000, 45.0000,  1311.7000, -514.9000, 45.0000,  0, 0, 0
L 1293.1000, -515.4000, 45.0000,  1302.4000, -511.2000, 45.0000,  0, 0, 0
L 1293.5000, -533.6000, 45.0000,  1289.6000, -523.2000, 45.0000,  0, 0, 0
L 1286.5000, -513.0000, 43.8000,  1284.2000, -518.8000, 43.8000,  255, 165, 0
L 752.8000, -375.6000, -1.2000,  754.3000, -376.6000, 0.0000,  255, 165, 0
L 776.4000, -396.2000, 0.0000,  766.5000, -397.9000, 0.0000,  0, 0, 0
L 773.5000, -409.2000, 0.0000,  793.6000, -380.5000, 0.0000,  127, 64, 0
L 767.9000, -386.5000, 0.0000,  767.7000, -384.2000, 0.0000,  0, 0, 0
L 772.3000, -372.5000, 0.0000,  780.4000, -378.3000, 0.0000,  0, 0, 0
L 766.5000, -397.9000, 0.0000,  758.3000, -392.1000, 0.0000,  0, 0, 0
L 757.8000, -371.5000, 0.0000,  754.3000, -376.6000, 0.0000,  255, 165, 0
L 754.9000, -369.5000, -2.3000,  751.4000, -374.6000, -2.3000,  255, 165, 0
L 793.6000, -380.5000, 0.0000,  765.0000, -360.9000, 0.0000,  127, 64, 0
L 756.4000, -370.5000, -1.2000,  757.8000, -371.5000, 0.0000,  255, 165, 0
L 782.2000, -388.1000, 0.0000,  776.4000, -396.2000, 0.0000,  0, 0, 0
L 780.4000, -378.3000, 0.0000,  782.2000, -388.1000, 0.0000,  0, 0, 0
L 749.9000, -373.6000, -3.4000,  751.4000, -374.6000, -2.3000,  255, 165, 0
L 767.7000, -384.2000, 0.0000,  769.8000, -383.2000, 0.0000,  0, 0, 0
L 748.6000, -372.6000, -4.5000,  752.1000, -367.5000, -4.5000,  255, 165, 0
L 754.3000, -376.6000, 0.0000,  746.0000, -388.9000, 0.0000,  127, 64, 0
L 762.2000, -374.4000, 0.0000,  772.3000, -372.5000, 0.0000,  0, 0, 0
L 769.8000, -383.2000, 0.0000,  771.4000, -385.0000, 0.0000,  0, 0, 0
L 758.3000, -392.1000, 0.0000,  757.1000, -381.2000, 0.0000,  0, 0, 0
L 756.4000, -370.5000, -1.2000,  752.8000, -375.6000, -1.2000,  255, 165, 0
L 746.0000, -388.9000, 0.0000,  773.5000, -409.2000, 0.0000,  127, 64, 0
L 771.4000, -385.0000, 0.0000,  770.2000, -387.0000, 0.0000,  0, 0, 0
L 770.2000, -387.0000, 0.0000,  767.9000, -386.5000, 0.0000,  0, 0, 0
L 754.9000, -369.5000, -2.3000,  756.4000, -370.5000, -1.2000,  255, 165, 0
L 748.6000, -372.6000, -4.5000,  749.9000, -373.6000, -3.4000,  255, 165, 0
L 751.4000, -374.6000, -2.3000,  752.8000, -375.6000, -1.2000,  255, 165, 0
L 765.0000, -360.9000, 0.0000,  757.8000, -371.5000, 0.0000,  127, 64, 0
L 753.5000, -368.5000, -3.4000,  749.9000, -373.6000, -3.4000,  255, 165, 0
L 739.1000, -429.5000, -1.0000,  741.5000, -429.6000, -1.0000,  0, 0, 0
L 746.8000, -448.5000, -1.0000,  747.6000, -446.4000, -1.0000,  0, 0, 0
L 742.1000, -431.9000, -1.0000,  740.1000, -433.2000, -1.0000,  0, 0, 0
L 741.5000, -429.6000, -1.0000,  742.1000, -431.9000, -1.0000,  0, 0, 0
L 723.0000, -403.5000, -13.9000,  728.6000, -400.7000, -13.9000,  255, 165, 0
L 767.0000, -446.0000, -1.0000,  735.2000, -461.5000, -1.0000,  127, 64, 0
L 727.6000, -412.8000, -1.0000,  714.5000, -419.2000, -1.0000,  127, 64, 0
L 724.1000, -405.8000, -10.7000,  723.0000, -403.5000, -13.9000,  255, 165, 0
L 738.2000, -431.7000, -1.0000,  739.1000, -429.5000, -1.0000,  0, 0, 0
L 735.2000, -461.5000, -1.0000,  714.5000, -419.2000, -1.0000,  127, 64, 0
L 730.9000, -405.4000, -7.4000,  729.8000, -403.1000, -10.7000,  255, 165, 0
L 721.7000, -421.7000, -1.0000,  739.4000, -457.9000, -1.0000,  0, 0, 0
L 750.6000, -448.8000, -1.0000,  748.5000, -450.1000, -1.0000,  0, 0, 0
L 739.4000, -457.9000, -1.0000,  761.5000, -447.1000, -1.0000,  0, 0, 0
L 732.1000, -407.7000, -4.2000,  730.9000, -405.4000, -7.4000,  255, 165, 0
L 750.0000, -446.5000, -1.0000,  750.6000, -448.8000, -1.0000,  0, 0, 0
L 739.5000, -432.7000, -1.0000,  738.2000, -431.7000, -1.0000,  0, 0, 0
L 743.8000, -410.9000, -1.0000,  738.9000, -413.3000, -1.0000,  0, 0, 0
L 725.3000, -408.2000, -7.4000,  724.1000, -405.8000, -10.7000,  255, 165, 0
L 729.8000, -403.1000, -10.7000,  728.6000, -400.7000, -13.9000,  255, 165, 0
L 739.4000, -432.9000, -1.0000,  739.5000, -432.7000, -1.0000,  0, 0, 0
L 726.7000, -419.3000, -1.0000,  721.7000, -421.7000, -1.0000,  0, 0, 0
L 727.6000, -412.8000, -1.0000,  726.4000, -410.5000, -4.2000,  255, 165, 0
L 767.0000, -446.0000, -1.0000,  746.3000, -403.7000, -1.0000,  127, 64, 0
L 733.2000, -410.1000, -1.0000,  732.1000, -407.7000, -4.2000,  255, 165, 0
L 730.9000, -405.4000, -7.4000,  725.3000, -408.2000, -7.4000,  255, 165, 0
L 761.5000, -447.1000, -1.0000,  743.8000, -410.9000, -1.0000,  0, 0, 0
L 726.4000, -410.5000, -4.2000,  725.3000, -408.2000, -7.4000,  255, 165, 0
L 732.1000, -407.7000, -4.2000,  726.4000, -410.5000, -4.2000,  255, 165, 0
L 747.6000, -446.4000, -1.0000,  750.0000, -446.5000, -1.0000,  0, 0, 0
L 733.2000, -410.1000, -1.0000,  727.6000, -412.8000, -1.0000,  255, 165, 0
L 729.8000, -403.1000, -10.7000,  724.1000, -405.8000, -10.7000,  255, 165, 0
L 740.1000, -433.2000, -1.0000,  739.5000, -432.7000, -1.0000,  0, 0, 0
L 746.3000, -403.7000, -1.0000,  733.2000, -410.1000, -1.0000,  127, 64, 0
L 748.5000, -450.1000, -1.0000,  746.8000, -448.5000, -1.0000,  0, 0, 0
L -100.2000, -309.2000, 4.0000,  -102.7000, -309.0000, 4.0000,  0, 0, 0
L -108.3000, -290.2000, 4.0000,  -109.1000, -292.4000, 4.0000,  0, 0, 0
L -103.3000, -306.8000, 4.0000,  -101.3000, -305.4000, 4.0000,  0, 0, 0
L -83.6000, -334.8000, -8.9000,  -89.2000, -337.6000, -8.9000,  255, 165, 0
L -128.5000, -293.2000, 4.0000,  -97.0000, -277.0000, 4.0000,  127, 64, 0
L -102.7000, -309.0000, 4.0000,  -103.3000, -306.8000, 4.0000,  0, 0, 0
L -88.3000, -325.5000, 4.0000,  -75.4000, -318.9000, 4.0000,  127, 64, 0
L -78.0000, -374.5000, -7.0000,  -71.6000, -366.9000, -7.0000,  0, 0, 0
L -99.4000, -306.9000, 4.0000,  -100.2000, -309.2000, 4.0000,  0, 0, 0
L -51.0000, -368.1000, -7.0000,  -55.8000, -364.2000, -7.0000,  255, 165, 0
L -87.6000, -319.1000, 4.0000,  -82.7000, -316.5000, 4.0000,  0, 0, 0
L -97.0000, -277.0000, 4.0000,  -75.4000, -318.9000, 4.0000,  127, 64, 0
L -48.7000, -365.4000, -9.3000,  -53.5000, -361.5000, -9.3000,  255, 165, 0
L -63.0000, -403.0000, -7.0000,  -41.1000, -376.2000, -7.0000,  127, 64, 0
L -90.4000, -335.3000, -5.7000,  -89.2000, -337.6000, -8.9000,  255, 165, 0
L -66.8000, -376.8000, -7.0000,  -64.4000, -376.9000, -7.0000,  0, 0, 0
L -101.2000, -280.7000, 4.0000,  -123.0000, -292.0000, 4.0000,  0, 0, 0
L -51.2000, -358.8000, -11.5000,  -46.5000, -362.8000, -11.5000,  255, 165, 0
L -49.9000, -366.8000, -8.2000,  -51.0000, -368.1000, -7.0000,  255, 165, 0
L -59.7000, -390.1000, -7.0000,  -69.6000, -391.0000, -7.0000,  0, 0, 0
L -112.1000, -290.1000, 4.0000,  -110.1000, -288.7000, 4.0000,  0, 0, 0
L -86.0000, -330.1000, -2.4000,  -84.8000, -332.4000, -5.7000,  255, 165, 0
L -100.6000, -305.8000, 4.0000,  -100.7000, -305.9000, 4.0000,  0, 0, 0
L -82.7000, -316.5000, 4.0000,  -101.2000, -280.7000, 4.0000,  0, 0, 0
L -91.6000, -333.0000, -2.4000,  -90.4000, -335.3000, -5.7000,  255, 165, 0
L -104.6000, -327.8000, 4.0000,  -99.7000, -325.3000, 4.0000,  0, 0, 0
L -92.7000, -330.7000, 0.8000,  -91.6000, -333.0000, -2.4000,  255, 165, 0
L -54.2000, -372.3000, -7.0000,  -53.2000, -382.5000, -7.0000,  0, 0, 0
L -55.8000, -364.2000, -7.0000,  -67.2000, -354.8000, -7.0000,  127, 64, 0
L -69.6000, -391.0000, -7.0000,  -77.2000, -384.5000, -7.0000,  0, 0, 0
L -111.5000, -292.3000, 4.0000,  -112.1000, -290.1000, 4.0000,  0, 0, 0
L -63.7000, -379.1000, -7.0000,  -65.6000, -380.5000, -7.0000,  0, 0, 0
L -89.9000, -380.5000, -7.0000,  -63.0000, -403.0000, -7.0000,  127, 64, 0
L -77.2000, -384.5000, -7.0000,  -78.0000, -374.5000, -7.0000,  0, 0, 0
L -88.3000, -325.5000, 4.0000,  -87.1000, -327.8000, 0.8000,  255, 165, 0
L -64.4000, -376.9000, -7.0000,  -63.7000, -379.1000, -7.0000,  0, 0, 0
L -54.6000, -362.8000, -8.2000,  -55.8000, -364.2000, -7.0000,  255, 165, 0
L -100.7000, -305.9000, 4.0000,  -99.4000, -306.9000, 4.0000,  0, 0, 0
L -84.8000, -332.4000, -5.7000,  -83.6000, -334.8000, -8.9000,  255, 165, 0
L -51.2000, -358.8000, -11.5000,  -52.3000, -360.1000, -10.4000,  255, 165, 0
L -106.9000, -335.1000, 4.0000,  -93.9000, -328.4000, 4.0000,  127, 64, 0
L -53.5000, -361.5000, -9.3000,  -54.6000, -362.8000, -8.2000,  255, 165, 0
L -123.0000, -292.0000, 4.0000,  -104.6000, -327.8000, 4.0000,  0, 0, 0
L -71.6000, -366.9000, -7.0000,  -60.5000, -366.5000, -7.0000,  0, 0, 0
L -47.6000, -364.1000, -10.4000,  -52.3000, -360.1000, -10.4000,  255, 165, 0
L -110.1000, -288.7000, 4.0000,  -108.3000, -290.2000, 4.0000,  0, 0, 0
L -53.2000, -382.5000, -7.0000,  -59.7000, -390.1000, -7.0000,  0, 0, 0
L -101.3000, -305.4000, 4.0000,  -100.7000, -305.9000, 4.0000,  0, 0, 0
L -91.6000, -333.0000, -2.4000,  -86.0000, -330.1000, -2.4000,  255, 165, 0
L -109.1000, -292.4000, 4.0000,  -111.5000, -292.3000, 4.0000,  0, 0, 0
L -41.1000, -376.2000, -7.0000,  -51.0000, -368.1000, -7.0000,  127, 64, 0
L -52.3000, -360.1000, -10.4000,  -53.5000, -361.5000, -9.3000,  255, 165, 0
L -93.9000, -328.4000, 4.0000,  -92.7000, -330.7000, 0.8000,  255, 165, 0
L -67.5000, -379.1000, -7.0000,  -66.8000, -376.8000, -7.0000,  0, 0, 0
L -46.5000, -362.8000, -11.5000,  -47.6000, -364.1000, -10.4000,  255, 165, 0
L -90.4000, -335.3000, -5.7000,  -84.8000, -332.4000, -5.7000,  255, 165, 0
L -67.2000, -354.8000, -7.0000,  -89.9000, -380.5000, -7.0000,  127, 64, 0
L -87.1000, -327.8000, 0.8000,  -86.0000, -330.1000, -2.4000,  255, 165, 0
L -93.9000, -328.4000, 4.0000,  -88.3000, -325.5000, 4.0000,  255, 165, 0
L -128.5000, -293.2000, 4.0000,  -106.9000, -335.1000, 4.0000,  127, 64, 0
L -65.6000, -380.5000, -7.0000,  -67.5000, -379.1000, -7.0000,  0, 0, 0
L -48.7000, -365.4000, -9.3000,  -49.9000, -366.8000, -8.2000,  255, 165, 0
L -49.9000, -366.8000, -8.2000,  -54.6000, -362.8000, -8.2000,  255, 165, 0
L -47.6000, -364.1000, -10.4000,  -48.7000, -365.4000, -9.3000,  255, 165, 0
L -92.7000, -330.7000, 0.8000,  -87.1000, -327.8000, 0.8000,  255, 165, 0
L -170.8000, -990.2000, 0.0000,  -171.0000, -992.7000, 0.0000,  0, 0, 0
L -173.2000, -993.3000, 0.0000,  -174.6000, -991.3000, 0.0000,  0, 0, 0
L -145.2000, -973.6000, -12.9000,  -142.4000, -979.2000, -12.9000,  255, 165, 0
L -189.8000, -998.3000, 0.0000,  -187.6000, -999.1000, 0.0000,  0, 0, 0
L -186.8000, -1018.5000, 0.0000,  -203.0000, -987.0000, 0.0000,  127, 64, 0
L -149.3000, -982.7000, -3.2000,  -147.0000, -981.6000, -6.4000,  255, 165, 0
L -154.5000, -978.3000, 0.0000,  -152.2000, -977.1000, -3.2000,  255, 165, 0
L -117.6000, -998.3000, -2.2000,  -118.1000, -1000.1000, -1.0000,  255, 165, 0
L -147.0000, -981.6000, -6.4000,  -144.7000, -980.4000, -9.7000,  255, 165, 0
L -174.1000, -990.7000, 0.0000,  -173.1000, -989.4000, 0.0000,  0, 0, 0
L -147.6000, -974.8000, -9.7000,  -145.2000, -973.6000, -12.9000,  255, 165, 0
L -116.4000, -993.3000, -5.5000,  -116.8000, -994.9000, -4.4000,  255, 165, 0
L -191.3000, -1000.1000, 0.0000,  -189.8000, -998.3000, 0.0000,  0, 0, 0
L -111.6000, -999.8000, -2.2000,  -117.6000, -998.3000, -2.2000,  255, 165, 0
L -174.6000, -991.3000, 0.0000,  -174.1000, -990.7000, 0.0000,  0, 0, 0
L -110.8000, -996.4000, -4.4000,  -111.2000, -998.0000, -3.3000,  255, 165, 0
L -174.2000, -990.6000, 0.0000,  -174.1000, -990.7000, 0.0000,  0, 0, 0
L -163.5000, -972.7000, 0.0000,  -199.3000, -991.2000, 0.0000,  0, 0, 0
L -189.9000, -1002.1000, 0.0000,  -191.3000, -1000.1000, 0.0000,  0, 0, 0
L -144.9000, -996.9000, 0.0000,  -151.6000, -983.9000, 0.0000,  127, 64, 0
L -160.9000, -977.6000, 0.0000,  -163.5000, -972.7000, 0.0000,  0, 0, 0
L -203.0000, -987.0000, 0.0000,  -161.1000, -965.4000, 0.0000,  127, 64, 0
L -187.7000, -1001.5000, 0.0000,  -189.9000, -1002.1000, 0.0000,  0, 0, 0
L -171.0000, -992.7000, 0.0000,  -173.2000, -993.3000, 0.0000,  0, 0, 0
L -118.3000, -1030.2000, -1.0000,  -128.0000, -1027.9000, -1.0000,  0, 0, 0
L -187.6000, -999.1000, 0.0000,  -187.7000, -1001.5000, 0.0000,  0, 0, 0
L -152.2000, -994.6000, 0.0000,  -154.7000, -989.7000, 0.0000,  0, 0, 0
L -116.8000, -994.9000, -4.4000,  -117.2000, -996.7000, -3.3000,  255, 165, 0
L -118.4000, -1017.0000, -1.0000,  -119.4000, -1019.1000, -1.0000,  0, 0, 0
L -151.6000, -983.9000, 0.0000,  -149.3000, -982.7000, -3.2000,  255, 165, 0
L -118.1000, -1000.1000, -1.0000,  -132.5000, -996.9000, -1.0000,  127, 64, 0
L -133.3000, -1019.4000, -1.0000,  -130.9000, -1009.6000, -1.0000,  0, 0, 0
L -99.5000, -1004.2000, -1.0000,  -112.0000, -1001.4000, -1.0000,  127, 64, 0
L -154.5000, -978.3000, 0.0000,  -161.1000, -965.4000, 0.0000,  127, 64, 0
L -121.8000, -1018.7000, -1.0000,  -122.2000, -1016.4000, -1.0000,  0, 0, 0
L -132.5000, -996.9000, -1.0000,  -141.2000, -1030.0000, -1.0000,  127, 64, 0
L -147.0000, -981.6000, -6.4000,  -149.9000, -976.0000, -6.4000,  255, 165, 0
L -111.2000, -998.0000, -3.3000,  -117.2000, -996.7000, -3.3000,  255, 165, 0
L -111.2000, -998.0000, -3.3000,  -111.6000, -999.8000, -2.2000,  255, 165, 0
L -117.2000, -996.7000, -3.3000,  -117.6000, -998.3000, -2.2000,  255, 165, 0
L -113.0000, -1006.6000, -1.0000,  -107.5000, -1015.3000, -1.0000,  0, 0, 0
L -120.1000, -1015.3000, -1.0000,  -118.4000, -1017.0000, -1.0000,  0, 0, 0
L -107.0000, -1038.0000, -1.0000,  -99.5000, -1004.2000, -1.0000,  127, 64, 0
L -152.2000, -977.1000, -3.2000,  -149.9000, -976.0000, -6.4000,  255, 165, 0
L -186.8000, -1018.5000, 0.0000,  -144.9000, -996.9000, 0.0000,  127, 64, 0
L -173.1000, -989.4000, 0.0000,  -170.8000, -990.2000, 0.0000,  0, 0, 0
L -144.7000, -980.4000, -9.7000,  -142.4000, -979.2000, -12.9000,  255, 165, 0
L -110.4000, -994.7000, -5.5000,  -110.8000, -996.4000, -4.4000,  255, 165, 0
L -110.8000, -996.4000, -4.4000,  -116.8000, -994.9000, -4.4000,  255, 165, 0
L -107.5000, -1015.3000, -1.0000,  -109.8000, -1025.0000, -1.0000,  0, 0, 0
L -141.2000, -1030.0000, -1.0000,  -107.0000, -1038.0000, -1.0000,  127, 64, 0
L -144.7000, -980.4000, -9.7000,  -147.6000, -974.8000, -9.7000,  255, 165, 0
L -112.0000, -1001.4000, -1.0000,  -118.1000, -1000.1000, -1.0000,  255, 165, 0
L -122.2000, -1016.4000, -1.0000,  -120.1000, -1015.3000, -1.0000,  0, 0, 0
L -109.8000, -1025.0000, -1.0000,  -118.3000, -1030.2000, -1.0000,  0, 0, 0
L -199.3000, -991.2000, 0.0000,  -188.0000, -1013.0000, 0.0000,  0, 0, 0
L -111.6000, -999.8000, -2.2000,  -112.0000, -1001.4000, -1.0000,  255, 165, 0
L -188.0000, -1013.0000, 0.0000,  -152.2000, -994.6000, 0.0000,  0, 0, 0
L -151.6000, -983.9000, 0.0000,  -154.5000, -978.3000, 0.0000,  255, 165, 0
L -116.4000, -993.3000, -5.5000,  -110.4000, -994.7000, -5.5000,  255, 165, 0
L -130.9000, -1009.6000, -1.0000,  -121.2000, -1004.3000, -1.0000,  0, 0, 0
L -119.4000, -1019.1000, -1.0000,  -121.8000, -1018.7000, -1.0000,  0, 0, 0
L -149.3000, -982.7000, -3.2000,  -152.2000, -977.1000, -3.2000,  255, 165, 0
L -128.0000, -1027.9000, -1.0000,  -133.3000, -1019.4000, -1.0000,  0, 0, 0
L -149.9000, -976.0000, -6.4000,  -147.6000, -974.8000, -9.7000,  255, 165, 0
L -1189.7000, 116.7000, 27.0000,  -1189.0000, 117.0000, 27.0000,  0, 0, 0
L -1214.0000, 132.0000, 27.0000,  -1167.0000, 134.9000, 27.0000,  127, 64, 0
L -1205.8000, 112.6000, 27.0000,  -1208.1000, 112.9000, 27.0000,  0, 0, 0
L -1173.4000, 51.8000, 19.0000,  -1175.7000, 51.2000, 19.0000,  0, 0, 0
L -1166.1000, 120.4000, 27.0000,  -1163.5000, 120.6000, 23.8000,  255, 165, 0
L -1158.6000, 63.1000, 17.8000,  -1160.2000, 62.3000, 19.0000,  255, 165, 0
L -1152.7000, 59.1000, 15.6000,  -1154.2000, 58.4000, 16.7000,  255, 165, 0
L -1158.3000, 120.9000, 17.3000,  -1155.7000, 121.1000, 14.1000,  255, 165, 0
L -1185.9000, 116.1000, 27.0000,  -1186.9000, 113.9000, 27.0000,  0, 0, 0
L -1170.5000, 104.6000, 27.0000,  -1170.9000, 110.1000, 27.0000,  0, 0, 0
L -1204.7000, 114.7000, 27.0000,  -1205.8000, 112.6000, 27.0000,  0, 0, 0
L -1160.5000, 114.5000, 20.6000,  -1157.9000, 114.6000, 17.3000,  255, 165, 0
L -1189.3000, 114.3000, 27.0000,  -1189.7000, 116.7000, 27.0000,  0, 0, 0
L -1163.1000, 114.3000, 23.8000,  -1160.5000, 114.5000, 20.6000,  255, 165, 0
L -1208.6000, 115.3000, 27.0000,  -1206.4000, 116.3000, 27.0000,  0, 0, 0
L -1164.8000, 99.6000, 27.0000,  -1165.7000, 114.1000, 27.0000,  127, 64, 0
L -1160.2000, 62.3000, 19.0000,  -1167.0000, 75.5000, 19.0000,  127, 64, 0
L -1189.0000, 117.0000, 27.0000,  -1187.6000, 117.8000, 27.0000,  0, 0, 0
L -1186.9000, 113.9000, 27.0000,  -1189.3000, 114.3000, 27.0000,  0, 0, 0
L -1208.1000, 112.9000, 27.0000,  -1208.6000, 115.3000, 27.0000,  0, 0, 0
L -1183.6000, 43.2000, 19.0000,  -1188.0000, 52.2000, 19.0000,  0, 0, 0
L -1189.1000, 117.1000, 27.0000,  -1189.0000, 117.0000, 27.0000,  0, 0, 0
L -1155.7000, 121.1000, 14.1000,  -1155.3000, 114.8000, 14.1000,  255, 165, 0
L -1165.7000, 114.1000, 27.0000,  -1163.1000, 114.3000, 23.8000,  255, 165, 0
L -1171.7000, 123.7000, 27.0000,  -1172.0000, 129.2000, 27.0000,  0, 0, 0
L -1155.4000, 64.7000, 15.6000,  -1157.1000, 63.9000, 16.7000,  255, 165, 0
L -1211.8000, 96.7000, 27.0000,  -1214.0000, 132.0000, 27.0000,  127, 64, 0
L -1153.9000, 65.4000, 14.5000,  -1155.4000, 64.7000, 15.6000,  255, 165, 0
L -1206.4000, 116.3000, 27.0000,  -1204.7000, 114.7000, 27.0000,  0, 0, 0
L -1155.8000, 57.6000, 17.8000,  -1158.6000, 63.1000, 17.8000,  255, 165, 0
L -1172.0000, 129.2000, 27.0000,  -1212.3000, 126.7000, 27.0000,  0, 0, 0
L -1167.0000, 75.5000, 19.0000,  -1198.0000, 61.0000, 19.0000,  127, 64, 0
L -1154.2000, 58.4000, 16.7000,  -1157.1000, 63.9000, 16.7000,  255, 165, 0
L -1154.2000, 58.4000, 16.7000,  -1155.8000, 57.6000, 17.8000,  255, 165, 0
L -1152.7000, 59.1000, 15.6000,  -1155.4000, 64.7000, 15.6000,  255, 165, 0
L -1163.1000, 114.3000, 23.8000,  -1163.5000, 120.6000, 23.8000,  255, 165, 0
L -1157.1000, 63.9000, 16.7000,  -1158.6000, 63.1000, 17.8000,  255, 165, 0
L -1165.1000, 44.5000, 19.0000,  -1174.1000, 40.1000, 19.0000,  0, 0, 0
L -1173.2000, 54.1000, 19.0000,  -1173.4000, 51.8000, 19.0000,  0, 0, 0
L -1175.4000, 55.1000, 19.0000,  -1173.2000, 54.1000, 19.0000,  0, 0, 0
L -1211.8000, 96.7000, 27.0000,  -1164.8000, 99.6000, 27.0000,  127, 64, 0
L -1157.9000, 114.6000, 17.3000,  -1158.3000, 120.9000, 17.3000,  255, 165, 0
L -1187.6000, 117.8000, 27.0000,  -1185.9000, 116.1000, 27.0000,  0, 0, 0
L -1188.0000, 52.2000, 19.0000,  -1184.8000, 61.7000, 19.0000,  0, 0, 0
L -1160.9000, 120.8000, 20.6000,  -1158.3000, 120.9000, 17.3000,  255, 165, 0
L -1160.5000, 114.5000, 20.6000,  -1160.9000, 120.8000, 20.6000,  255, 165, 0
L -1182.3000, 29.6000, 19.0000,  -1151.5000, 45.4000, 19.0000,  127, 64, 0
L -1184.8000, 61.7000, 19.0000,  -1175.8000, 66.1000, 19.0000,  0, 0, 0
L -1163.5000, 120.6000, 23.8000,  -1160.9000, 120.8000, 20.6000,  255, 165, 0
L -1151.2000, 59.9000, 14.5000,  -1152.7000, 59.1000, 15.6000,  255, 165, 0
L -1174.1000, 40.1000, 19.0000,  -1183.6000, 43.2000, 19.0000,  0, 0, 0
L -1212.3000, 126.7000, 27.0000,  -1210.8000, 102.1000, 27.0000,  0, 0, 0
L -1157.4000, 56.8000, 19.0000,  -1160.2000, 62.3000, 19.0000,  255, 165, 0
L -1155.8000, 57.6000, 17.8000,  -1157.4000, 56.8000, 19.0000,  255, 165, 0
L -1165.7000, 114.1000, 27.0000,  -1166.1000, 120.4000, 27.0000,  255, 165, 0
L -1210.8000, 102.1000, 27.0000,  -1170.5000, 104.6000, 27.0000,  0, 0, 0
L -1162.0000, 54.3000, 19.0000,  -1165.1000, 44.5000, 19.0000,  0, 0, 0
L -1153.9000, 65.4000, 14.5000,  -1151.2000, 59.9000, 14.5000,  255, 165, 0
L -1198.0000, 61.0000, 19.0000,  -1182.3000, 29.6000, 19.0000,  127, 64, 0
L -1175.8000, 66.1000, 19.0000,  -1165.5000, 62.0000, 19.0000,  0, 0, 0
L -1151.5000, 45.4000, 19.0000,  -1157.4000, 56.8000, 19.0000,  127, 64, 0
L -1176.9000, 53.3000, 19.0000,  -1175.4000, 55.1000, 19.0000,  0, 0, 0
L -1166.1000, 120.4000, 27.0000,  -1167.0000, 134.9000, 27.0000,  127, 64, 0
L -1175.7000, 51.2000, 19.0000,  -1176.9000, 53.3000, 19.0000,  0, 0, 0
L -1157.9000, 114.6000, 17.3000,  -1155.3000, 114.8000, 14.1000,  255, 165, 0
L -1073.8000, 1119.9000, 19.0000,  -1071.8000, 1118.7000, 19.0000,  0, 0, 0
L -1065.9000, 1099.9000, 17.8000,  -1060.9000, 1103.6000, 17.8000,  255, 165, 0
L -1064.9000, 1098.5000, 16.7000,  -1059.9000, 1102.2000, 16.7000,  255, 165, 0
L -1070.0000, 1142.0000, 19.0000,  -1098.1000, 1121.0000, 19.0000,  127, 64, 0
L -1058.9000, 1100.8000, 15.6000,  -1059.9000, 1102.2000, 16.7000,  255, 165, 0
L -1065.9000, 1099.9000, 17.8000,  -1066.9000, 1101.3000, 19.0000,  255, 165, 0
L -1060.9000, 1103.6000, 17.8000,  -1062.0000, 1105.0000, 19.0000,  255, 165, 0
L -1076.9000, 1130.6000, 19.0000,  -1066.9000, 1129.1000, 19.0000,  0, 0, 0
L -1066.9000, 1129.1000, 19.0000,  -1061.0000, 1121.0000, 19.0000,  0, 0, 0
L -1061.0000, 1121.0000, 19.0000,  -1063.2000, 1110.2000, 19.0000,  0, 0, 0
L -1064.9000, 1098.5000, 16.7000,  -1065.9000, 1099.9000, 17.8000,  255, 165, 0
L -1071.8000, 1118.7000, 19.0000,  -1072.4000, 1116.4000, 19.0000,  0, 0, 0
L -1066.9000, 1101.3000, 19.0000,  -1062.0000, 1105.0000, 19.0000,  255, 165, 0
L -1063.8000, 1097.1000, 15.6000,  -1058.9000, 1100.8000, 15.6000,  255, 165, 0
L -1057.8000, 1099.4000, 14.5000,  -1062.8000, 1095.7000, 14.5000,  255, 165, 0
L -1059.9000, 1102.2000, 16.7000,  -1060.9000, 1103.6000, 17.8000,  255, 165, 0
L -1080.4000, 1106.7000, 19.0000,  -1086.3000, 1114.8000, 19.0000,  0, 0, 0
L -1074.7000, 1116.2000, 19.0000,  -1075.7000, 1118.3000, 19.0000,  0, 0, 0
L -1084.9000, 1124.7000, 19.0000,  -1076.9000, 1130.6000, 19.0000,  0, 0, 0
L -1050.3000, 1114.1000, 19.0000,  -1070.0000, 1142.0000, 19.0000,  127, 64, 0
L -1077.1000, 1093.5000, 19.0000,  -1066.9000, 1101.3000, 19.0000,  127, 64, 0
L -1072.4000, 1116.4000, 19.0000,  -1074.7000, 1116.2000, 19.0000,  0, 0, 0
L -1063.8000, 1097.1000, 15.6000,  -1064.9000, 1098.5000, 16.7000,  255, 165, 0
L -1057.8000, 1099.4000, 14.5000,  -1058.9000, 1100.8000, 15.6000,  255, 165, 0
L -1062.0000, 1105.0000, 19.0000,  -1050.3000, 1114.1000, 19.0000,  127, 64, 0
L -1070.2000, 1105.4000, 19.0000,  -1080.4000, 1106.7000, 19.0000,  0, 0, 0
L -1086.3000, 1114.8000, 19.0000,  -1084.9000, 1124.7000, 19.0000,  0, 0, 0
L -1075.7000, 1118.3000, 19.0000,  -1073.8000, 1119.9000, 19.0000,  0, 0, 0
L -1098.1000, 1121.0000, 19.0000,  -1077.1000, 1093.5000, 19.0000,  127, 64, 0
L -1062.8000, 1095.7000, 14.5000,  -1063.8000, 1097.1000, 15.6000,  255, 165, 0
L -1119.7000, 1059.3000, 22.0000,  -1119.0000, 1059.6000, 22.0000,  0, 0, 0
L -1095.6000, 1011.7000, 14.5000,  -1096.8000, 1010.6000, 15.6000,  255, 165, 0
L -1136.4000, 1059.9000, 22.0000,  -1134.8000, 1058.2000, 22.0000,  0, 0, 0
L -1095.4000, 1003.6000, 17.8000,  -1099.5000, 1008.2000, 17.8000,  255, 165, 0
L -1143.0000, 1076.0000, 22.0000,  -1095.9000, 1076.1000, 22.0000,  127, 64, 0
L -1090.6000, 1055.3000, 15.6000,  -1088.0000, 1055.3000, 12.3000,  255, 165, 0
L -1095.8000, 1055.3000, 22.0000,  -1093.2000, 1055.3000, 18.8000,  255, 165, 0
L -1101.2000, 1046.1000, 22.0000,  -1101.2000, 1051.6000, 22.0000,  0, 0, 0
L -1101.3000, 1065.2000, 22.0000,  -1101.3000, 1070.7000, 22.0000,  0, 0, 0
L -1136.0000, 1056.1000, 22.0000,  -1138.3000, 1056.6000, 22.0000,  0, 0, 0
L -1119.4000, 1056.9000, 22.0000,  -1119.7000, 1059.3000, 22.0000,  0, 0, 0
L -1101.3000, 1070.7000, 22.0000,  -1141.6000, 1070.6000, 22.0000,  0, 0, 0
L -1138.3000, 1056.6000, 22.0000,  -1138.6000, 1059.0000, 22.0000,  0, 0, 0
L -1110.9000, 993.5000, 19.0000,  -1112.9000, 992.3000, 19.0000,  0, 0, 0
L -1093.2000, 1055.3000, 18.8000,  -1090.6000, 1055.3000, 15.6000,  255, 165, 0
L -1119.0000, 1059.6000, 22.0000,  -1117.5000, 1060.3000, 22.0000,  0, 0, 0
L -1096.8000, 1010.6000, 15.6000,  -1098.2000, 1009.4000, 16.7000,  255, 165, 0
L -1099.5000, 1008.2000, 17.8000,  -1100.8000, 1007.1000, 19.0000,  255, 165, 0
L -1119.1000, 1059.7000, 22.0000,  -1119.0000, 1059.6000, 22.0000,  0, 0, 0
L -1115.9000, 1058.5000, 22.0000,  -1117.1000, 1056.4000, 22.0000,  0, 0, 0
L -1094.0000, 1004.8000, 16.7000,  -1098.2000, 1009.4000, 16.7000,  255, 165, 0
L -1134.8000, 1058.2000, 22.0000,  -1136.0000, 1056.1000, 22.0000,  0, 0, 0
L -1092.8000, 1005.9000, 15.6000,  -1096.8000, 1010.6000, 15.6000,  255, 165, 0
L -1142.9000, 1040.6000, 22.0000,  -1143.0000, 1076.0000, 22.0000,  127, 64, 0
L -1085.5000, 1061.6000, 9.1000,  -1085.4000, 1055.3000, 9.1000,  255, 165, 0
L -1117.1000, 1056.4000, 22.0000,  -1119.4000, 1056.9000, 22.0000,  0, 0, 0
L -1138.6000, 1059.0000, 22.0000,  -1136.4000, 1059.9000, 22.0000,  0, 0, 0
L -1094.0000, 1004.8000, 16.7000,  -1095.4000, 1003.6000, 17.8000,  255, 165, 0
L -1095.9000, 1061.6000, 22.0000,  -1093.3000, 1061.6000, 18.8000,  255, 165, 0
L -1092.8000, 1005.9000, 15.6000,  -1094.0000, 1004.8000, 16.7000,  255, 165, 0
L -1110.8000, 1018.0000, 19.0000,  -1137.0000, 996.0000, 19.0000,  127, 64, 0
L -1100.8000, 1007.1000, 19.0000,  -1110.8000, 1018.0000, 19.0000,  127, 64, 0
L -1095.8000, 1040.7000, 22.0000,  -1095.8000, 1055.3000, 22.0000,  127, 64, 0
L -1118.5000, 982.6000, 19.0000,  -1125.1000, 990.1000, 19.0000,  0, 0, 0
L -1088.1000, 1061.6000, 12.3000,  -1085.5000, 1061.6000, 9.1000,  255, 165, 0
L -1093.2000, 1055.3000, 18.8000,  -1093.3000, 1061.6000, 18.8000,  255, 165, 0
L -1098.2000, 1009.4000, 16.7000,  -1099.5000, 1008.2000, 17.8000,  255, 165, 0
L -1113.6000, 996.1000, 19.0000,  -1111.3000, 995.8000, 19.0000,  0, 0, 0
L -1142.9000, 1040.6000, 22.0000,  -1095.8000, 1040.7000, 22.0000,  127, 64, 0
L -1141.6000, 1070.6000, 22.0000,  -1141.5000, 1046.0000, 22.0000,  0, 0, 0
L -1096.7000, 1002.5000, 19.0000,  -1100.8000, 1007.1000, 19.0000,  255, 165, 0
L -1095.4000, 1003.6000, 17.8000,  -1096.7000, 1002.5000, 19.0000,  255, 165, 0
L -1095.8000, 1055.3000, 22.0000,  -1095.9000, 1061.6000, 22.0000,  255, 165, 0
L -1141.5000, 1046.0000, 22.0000,  -1101.2000, 1046.1000, 22.0000,  0, 0, 0
L -1088.0000, 1055.3000, 12.3000,  -1088.1000, 1061.6000, 12.3000,  255, 165, 0
L -1100.5000, 998.8000, 19.0000,  -1101.0000, 988.6000, 19.0000,  0, 0, 0
L -1125.1000, 990.1000, 19.0000,  -1124.4000, 1000.1000, 19.0000,  0, 0, 0
L -1101.0000, 988.6000, 19.0000,  -1108.5000, 982.0000, 19.0000,  0, 0, 0
L -1095.6000, 1011.7000, 14.5000,  -1091.5000, 1007.0000, 14.5000,  255, 165, 0
L -1137.0000, 996.0000, 19.0000,  -1113.7000, 969.7000, 19.0000,  127, 64, 0
L -1124.4000, 1000.1000, 19.0000,  -1116.9000, 1006.7000, 19.0000,  0, 0, 0
L -1116.9000, 1006.7000, 19.0000,  -1105.9000, 1005.4000, 19.0000,  0, 0, 0
L -1090.7000, 1061.6000, 15.6000,  -1088.1000, 1061.6000, 12.3000,  255, 165, 0
L -1088.1000, 993.0000, 19.0000,  -1096.7000, 1002.5000, 19.0000,  127, 64, 0
L -1114.7000, 994.0000, 19.0000,  -1113.6000, 996.1000, 19.0000,  0, 0, 0
L -1111.3000, 995.8000, 19.0000,  -1110.9000, 993.5000, 19.0000,  0, 0, 0
L -1093.3000, 1061.6000, 18.8000,  -1090.7000, 1061.6000, 15.6000,  255, 165, 0
L -1095.9000, 1061.6000, 22.0000,  -1095.9000, 1076.1000, 22.0000,  127, 64, 0
L -1112.9000, 992.3000, 19.0000,  -1114.7000, 994.0000, 19.0000,  0, 0, 0
L -1088.0000, 1055.3000, 12.3000,  -1085.4000, 1055.3000, 9.1000,  255, 165, 0
L -1108.5000, 982.0000, 19.0000,  -1118.5000, 982.6000, 19.0000,  0, 0, 0
L -1117.5000, 1060.3000, 22.0000,  -1115.9000, 1058.5000, 22.0000,  0, 0, 0
L -1113.7000, 969.7000, 19.0000,  -1088.1000, 993.0000, 19.0000,  127, 64, 0
L -1091.5000, 1007.0000, 14.5000,  -1092.8000, 1005.9000, 15.6000,  255, 165, 0
L -1090.6000, 1055.3000, 15.6000,  -1090.7000, 1061.6000, 15.6000,  255, 165, 0
L -605.0000, 732.9000, -22.0000,  -602.8000, 732.3000, -22.0000,  0, 0, 0
L -568.5000, 719.0000, -22.0000,  -600.2000, 743.9000, -22.0000,  0, 0, 0
L -602.8000, 732.3000, -22.0000,  -602.5000, 729.9000, -22.0000,  0, 0, 0
L -536.3000, 668.1000, -29.4000,  -536.1000, 666.5000, -28.3000,  255, 165, 0
L -569.7000, 700.3000, -28.4000,  -567.7000, 698.7000, -31.7000,  255, 165, 0
L -542.0000, 663.9000, -27.2000,  -541.8000, 662.1000, -26.0000,  255, 165, 0
L -573.8000, 703.6000, -22.0000,  -571.8000, 701.9000, -25.2000,  255, 165, 0
L -569.9000, 708.5000, -22.0000,  -567.9000, 706.9000, -25.2000,  255, 165, 0
L -591.3000, 719.3000, -22.0000,  -590.0000, 721.4000, -22.0000,  0, 0, 0
L -561.7000, 702.1000, -34.9000,  -565.6000, 697.1000, -34.9000,  255, 165, 0
L -606.3000, 730.8000, -22.0000,  -605.0000, 732.9000, -22.0000,  0, 0, 0
L -583.7000, 699.7000, -22.0000,  -580.3000, 704.0000, -22.0000,  0, 0, 0
L -589.8000, 717.5000, -22.0000,  -591.3000, 719.3000, -22.0000,  0, 0, 0
L -535.9000, 664.7000, -27.2000,  -542.0000, 663.9000, -27.2000,  255, 165, 0
L -589.3000, 721.2000, -22.0000,  -587.7000, 720.8000, -22.0000,  0, 0, 0
L -604.8000, 729.0000, -22.0000,  -606.3000, 730.8000, -22.0000,  0, 0, 0
L -542.7000, 669.1000, -30.5000,  -542.5000, 667.4000, -29.4000,  255, 165, 0
L -542.5000, 667.4000, -29.4000,  -542.2000, 665.6000, -28.3000,  255, 165, 0
L -602.5000, 729.9000, -22.0000,  -604.8000, 729.0000, -22.0000,  0, 0, 0
L -589.3000, 721.3000, -22.0000,  -589.3000, 721.2000, -22.0000,  0, 0, 0
L -587.6000, 718.4000, -22.0000,  -589.8000, 717.5000, -22.0000,  0, 0, 0
L -536.3000, 668.1000, -29.4000,  -542.5000, 667.4000, -29.4000,  255, 165, 0
L -571.9000, 714.7000, -22.0000,  -568.5000, 719.0000, -22.0000,  0, 0, 0
L -536.1000, 666.5000, -28.3000,  -535.9000, 664.7000, -27.2000,  255, 165, 0
L -619.9000, 721.2000, -22.0000,  -598.0000, 749.0000, -22.0000,  127, 64, 0
L -590.0000, 721.4000, -22.0000,  -589.3000, 721.2000, -22.0000,  0, 0, 0
L -541.8000, 662.1000, -26.0000,  -556.5000, 660.0000, -26.0000,  127, 64, 0
L -536.1000, 666.5000, -28.3000,  -542.2000, 665.6000, -28.3000,  255, 165, 0
L -598.0000, 749.0000, -22.0000,  -561.0000, 719.9000, -22.0000,  127, 64, 0
L -571.8000, 701.9000, -25.2000,  -569.7000, 700.3000, -28.4000,  255, 165, 0
L -536.2000, 646.2000, -26.0000,  -536.5000, 643.8000, -26.0000,  0, 0, 0
L -582.8000, 692.1000, -22.0000,  -573.8000, 703.6000, -22.0000,  127, 64, 0
L -556.5000, 660.0000, -26.0000,  -553.0000, 626.0000, -26.0000,  127, 64, 0
L -573.8000, 703.6000, -22.0000,  -569.9000, 708.5000, -22.0000,  255, 165, 0
L -615.4000, 724.5000, -22.0000,  -583.7000, 699.7000, -22.0000,  0, 0, 0
L -567.7000, 698.7000, -31.7000,  -563.8000, 703.7000, -31.7000,  255, 165, 0
L -549.3000, 638.7000, -26.0000,  -550.5000, 648.7000, -26.0000,  0, 0, 0
L -550.5000, 648.7000, -26.0000,  -543.3000, 657.0000, -26.0000,  0, 0, 0
L -523.0000, 664.7000, -26.0000,  -535.7000, 663.0000, -26.0000,  127, 64, 0
L -534.8000, 657.8000, -26.0000,  -526.6000, 651.6000, -26.0000,  0, 0, 0
L -538.8000, 643.4000, -26.0000,  -540.0000, 645.4000, -26.0000,  0, 0, 0
L -538.4000, 647.1000, -26.0000,  -536.2000, 646.2000, -26.0000,  0, 0, 0
L -565.8000, 705.3000, -28.4000,  -563.8000, 703.7000, -31.7000,  255, 165, 0
L -541.4000, 632.6000, -26.0000,  -549.3000, 638.7000, -26.0000,  0, 0, 0
L -526.6000, 651.6000, -26.0000,  -525.4000, 641.7000, -26.0000,  0, 0, 0
L -567.9000, 706.9000, -25.2000,  -565.8000, 705.3000, -28.4000,  255, 165, 0
L -569.9000, 708.5000, -22.0000,  -561.0000, 719.9000, -22.0000,  127, 64, 0
L -536.5000, 643.8000, -26.0000,  -538.8000, 643.4000, -26.0000,  0, 0, 0
L -567.7000, 698.7000, -31.7000,  -565.6000, 697.1000, -34.9000,  255, 165, 0
L -525.4000, 641.7000, -26.0000,  -531.5000, 633.8000, -26.0000,  0, 0, 0
L -518.2000, 630.5000, -26.0000,  -523.0000, 664.7000, -26.0000,  127, 64, 0
L -536.5000, 669.8000, -30.5000,  -536.3000, 668.1000, -29.4000,  255, 165, 0
L -569.7000, 700.3000, -28.4000,  -565.8000, 705.3000, -28.4000,  255, 165, 0
L -535.9000, 664.7000, -27.2000,  -535.7000, 663.0000, -26.0000,  255, 165, 0
L -553.0000, 626.0000, -26.0000,  -518.2000, 630.5000, -26.0000,  127, 64, 0
L -531.5000, 633.8000, -26.0000,  -541.4000, 632.6000, -26.0000,  0, 0, 0
L -540.0000, 645.4000, -26.0000,  -538.4000, 647.1000, -26.0000,  0, 0, 0
L -563.8000, 703.7000, -31.7000,  -561.7000, 702.1000, -34.9000,  255, 165, 0
L -619.9000, 721.2000, -22.0000,  -582.8000, 692.1000, -22.0000,  127, 64, 0
L -587.7000, 720.8000, -22.0000,  -587.6000, 718.4000, -22.0000,  0, 0, 0
L -600.2000, 743.9000, -22.0000,  -615.4000, 724.5000, -22.0000,  0, 0, 0
L -571.8000, 701.9000, -25.2000,  -567.9000, 706.9000, -25.2000,  255, 165, 0
L -535.7000, 663.0000, -26.0000,  -541.8000, 662.1000, -26.0000,  255, 165, 0
L -542.7000, 669.1000, -30.5000,  -536.5000, 669.8000, -30.5000,  255, 165, 0
L -542.2000, 665.6000, -28.3000,  -542.0000, 663.9000, -27.2000,  255, 165, 0
L -435.1000, 1204.3000, 8.6000,  -433.7000, 1205.2000, 9.7000,  255, 165, 0
L -435.1000, 1204.3000, 8.6000,  -431.6000, 1199.2000, 8.6000,  255, 165, 0
L -436.5000, 1203.3000, 7.5000,  -435.1000, 1204.3000, 8.6000,  255, 165, 0
L -415.5000, 1212.2000, 12.0000,  -415.7000, 1214.5000, 12.0000,  0, 0, 0
L -424.9000, 1220.5000, 12.0000,  -416.7000, 1226.2000, 12.0000,  0, 0, 0
L -411.2000, 1200.7000, 12.0000,  -422.0000, 1203.2000, 12.0000,  0, 0, 0
L -433.0000, 1198.2000, 7.5000,  -431.6000, 1199.2000, 8.6000,  255, 165, 0
L -418.5000, 1190.2000, 12.0000,  -390.0000, 1209.0000, 12.0000,  127, 64, 0
L -431.6000, 1199.2000, 8.6000,  -430.1000, 1200.2000, 9.7000,  255, 165, 0
L -427.2000, 1202.2000, 12.0000,  -418.5000, 1190.2000, 12.0000,  127, 64, 0
L -413.3000, 1211.5000, 12.0000,  -415.5000, 1212.2000, 12.0000,  0, 0, 0
L -403.0000, 1206.4000, 12.0000,  -411.2000, 1200.7000, 12.0000,  0, 0, 0
L -416.7000, 1226.2000, 12.0000,  -406.9000, 1224.5000, 12.0000,  0, 0, 0
L -428.7000, 1201.1000, 10.8000,  -427.2000, 1202.2000, 12.0000,  255, 165, 0
L -432.2000, 1206.2000, 10.8000,  -430.8000, 1207.2000, 12.0000,  255, 165, 0
L -410.1000, 1237.8000, 12.0000,  -438.2000, 1217.6000, 12.0000,  127, 64, 0
L -433.0000, 1198.2000, 7.5000,  -436.5000, 1203.3000, 7.5000,  255, 165, 0
L -406.9000, 1224.5000, 12.0000,  -401.2000, 1216.2000, 12.0000,  0, 0, 0
L -430.1000, 1200.2000, 9.7000,  -428.7000, 1201.1000, 10.8000,  255, 165, 0
L -390.0000, 1209.0000, 12.0000,  -410.1000, 1237.8000, 12.0000,  127, 64, 0
L -438.2000, 1217.6000, 12.0000,  -430.8000, 1207.2000, 12.0000,  127, 64, 0
L -426.6000, 1210.4000, 12.0000,  -424.9000, 1220.5000, 12.0000,  0, 0, 0
L -415.7000, 1214.5000, 12.0000,  -413.5000, 1215.4000, 12.0000,  0, 0, 0
L -412.0000, 1213.5000, 12.0000,  -413.3000, 1211.5000, 12.0000,  0, 0, 0
L -413.5000, 1215.4000, 12.0000,  -412.0000, 1213.5000, 12.0000,  0, 0, 0
L -401.2000, 1216.2000, 12.0000,  -403.0000, 1206.4000, 12.0000,  0, 0, 0
L -433.7000, 1205.2000, 9.7000,  -430.1000, 1200.2000, 9.7000,  255, 165, 0
L -430.8000, 1207.2000, 12.0000,  -427.2000, 1202.2000, 12.0000,  255, 165, 0
L -432.2000, 1206.2000, 10.8000,  -428.7000, 1201.1000, 10.8000,  255, 165, 0
L -433.7000, 1205.2000, 9.7000,  -432.2000, 1206.2000, 10.8000,  255, 165, 0
L -461.2000, 1261.2000, 17.0000,  -460.7000, 1263.5000, 17.0000,  0, 0, 0
L -483.6000, 1195.6000, 11.8000,  -481.0000, 1201.2000, 11.8000,  255, 165, 0
L -458.0000, 1263.1000, 17.0000,  -457.3000, 1261.6000, 17.0000,  0, 0, 0
L -458.3000, 1263.8000, 17.0000,  -458.0000, 1263.1000, 17.0000,  0, 0, 0
L -480.5000, 1194.1000, 9.6000,  -482.0000, 1194.8000, 10.7000,  255, 165, 0
L -477.0000, 1287.0000, 17.0000,  -441.6000, 1287.2000, 17.0000,  127, 64, 0
L -460.7000, 1263.5000, 17.0000,  -458.3000, 1263.8000, 17.0000,  0, 0, 0
L -480.5000, 1194.1000, 9.6000,  -477.8000, 1199.7000, 9.6000,  255, 165, 0
L -482.0000, 1194.8000, 10.7000,  -483.6000, 1195.6000, 11.8000,  255, 165, 0
L -455.8000, 1229.6000, 4.1000,  -462.1000, 1229.6000, 4.1000,  255, 165, 0
L -462.2000, 1240.0000, 17.0000,  -462.2000, 1237.4000, 13.8000,  255, 165, 0
L -476.3000, 1199.0000, 8.5000,  -477.8000, 1199.7000, 9.6000,  255, 165, 0
L -477.8000, 1199.7000, 9.6000,  -479.4000, 1200.5000, 10.7000,  255, 165, 0
L -482.6000, 1202.0000, 13.0000,  -476.5000, 1215.5000, 13.0000,  127, 64, 0
L -455.9000, 1240.0000, 17.0000,  -455.9000, 1237.4000, 13.8000,  255, 165, 0
L -471.4000, 1245.3000, 17.0000,  -465.9000, 1245.4000, 17.0000,  0, 0, 0
L -457.9000, 1263.2000, 17.0000,  -458.0000, 1263.1000, 17.0000,  0, 0, 0
L -462.2000, 1234.8000, 10.6000,  -462.1000, 1232.2000, 7.3000,  255, 165, 0
L -461.5000, 1280.1000, 17.0000,  -461.0000, 1282.4000, 17.0000,  0, 0, 0
L -459.4000, 1278.9000, 17.0000,  -461.5000, 1280.1000, 17.0000,  0, 0, 0
L -481.0000, 1201.2000, 11.8000,  -482.6000, 1202.0000, 13.0000,  255, 165, 0
L -461.0000, 1282.4000, 17.0000,  -458.6000, 1282.7000, 17.0000,  0, 0, 0
L -452.3000, 1245.4000, 17.0000,  -446.8000, 1245.4000, 17.0000,  0, 0, 0
L -459.1000, 1260.0000, 17.0000,  -461.2000, 1261.2000, 17.0000,  0, 0, 0
L -458.6000, 1282.7000, 17.0000,  -457.7000, 1280.5000, 17.0000,  0, 0, 0
L -446.8000, 1245.4000, 17.0000,  -447.0000, 1285.7000, 17.0000,  0, 0, 0
L -457.7000, 1280.5000, 17.0000,  -459.4000, 1278.9000, 17.0000,  0, 0, 0
L -457.3000, 1261.6000, 17.0000,  -459.1000, 1260.0000, 17.0000,  0, 0, 0
L -476.3000, 1199.0000, 8.5000,  -478.9000, 1193.4000, 8.5000,  255, 165, 0
L -478.9000, 1193.4000, 8.5000,  -480.5000, 1194.1000, 9.6000,  255, 165, 0
L -485.2000, 1196.3000, 13.0000,  -482.6000, 1202.0000, 13.0000,  255, 165, 0
L -483.6000, 1195.6000, 11.8000,  -485.2000, 1196.3000, 13.0000,  255, 165, 0
L -512.1000, 1208.5000, 13.0000,  -507.8000, 1217.5000, 13.0000,  0, 0, 0
L -462.2000, 1234.8000, 10.6000,  -455.9000, 1234.8000, 10.6000,  255, 165, 0
L -522.0000, 1199.0000, 13.0000,  -490.5000, 1184.7000, 13.0000,  127, 64, 0
L -479.4000, 1200.5000, 10.7000,  -481.0000, 1201.2000, 11.8000,  255, 165, 0
L -455.8000, 1232.2000, 7.3000,  -455.8000, 1229.6000, 4.1000,  255, 165, 0
L -477.0000, 1287.0000, 17.0000,  -476.8000, 1239.9000, 17.0000,  127, 64, 0
L -447.0000, 1285.7000, 17.0000,  -471.6000, 1285.6000, 17.0000,  0, 0, 0
L -462.2000, 1237.4000, 13.8000,  -455.9000, 1237.4000, 13.8000,  255, 165, 0
L -497.7000, 1209.4000, 13.0000,  -497.1000, 1207.1000, 13.0000,  0, 0, 0
L -507.1000, 1230.8000, 13.0000,  -522.0000, 1199.0000, 13.0000,  127, 64, 0
L -476.8000, 1239.9000, 17.0000,  -462.2000, 1240.0000, 17.0000,  127, 64, 0
L -490.5000, 1184.7000, 13.0000,  -485.2000, 1196.3000, 13.0000,  127, 64, 0
L -490.1000, 1198.4000, 13.0000,  -499.6000, 1194.8000, 13.0000,  0, 0, 0
L -476.5000, 1215.5000, 13.0000,  -507.1000, 1230.8000, 13.0000,  127, 64, 0
L -482.0000, 1194.8000, 10.7000,  -479.4000, 1200.5000, 10.7000,  255, 165, 0
L -462.2000, 1240.0000, 17.0000,  -455.9000, 1240.0000, 17.0000,  255, 165, 0
L -441.6000, 1287.2000, 17.0000,  -441.4000, 1240.1000, 17.0000,  127, 64, 0
L -462.1000, 1232.2000, 7.3000,  -455.8000, 1232.2000, 7.3000,  255, 165, 0
L -498.3000, 1220.9000, 13.0000,  -489.3000, 1216.6000, 13.0000,  0, 0, 0
L -462.2000, 1237.4000, 13.8000,  -462.2000, 1234.8000, 10.6000,  255, 165, 0
L -489.3000, 1216.6000, 13.0000,  -486.1000, 1206.0000, 13.0000,  0, 0, 0
L -471.6000, 1285.6000, 17.0000,  -471.4000, 1245.3000, 17.0000,  0, 0, 0
L -499.1000, 1205.8000, 13.0000,  -500.9000, 1207.3000, 13.0000,  0, 0, 0
L -455.9000, 1240.0000, 17.0000,  -441.4000, 1240.1000, 17.0000,  127, 64, 0
L -500.9000, 1207.3000, 13.0000,  -500.1000, 1209.5000, 13.0000,  0, 0, 0
L -508.7000, 1199.1000, 13.0000,  -512.1000, 1208.5000, 13.0000,  0, 0, 0
L -500.1000, 1209.5000, 13.0000,  -497.7000, 1209.4000, 13.0000,  0, 0, 0
L -462.1000, 1232.2000, 7.3000,  -462.1000, 1229.6000, 4.1000,  255, 165, 0
L -497.1000, 1207.1000, 13.0000,  -499.1000, 1205.8000, 13.0000,  0, 0, 0
L -455.9000, 1234.8000, 10.6000,  -455.8000, 1232.2000, 7.3000,  255, 165, 0
L -507.8000, 1217.5000, 13.0000,  -498.3000, 1220.9000, 13.0000,  0, 0, 0
L -499.6000, 1194.8000, 13.0000,  -508.7000, 1199.1000, 13.0000,  0, 0, 0
L -455.9000, 1237.4000, 13.8000,  -455.9000, 1234.8000, 10.6000,  255, 165, 0
L 125.0000, 1210.5000, 0.0000,  128.9000, 1205.6000, 0.0000,  255, 165, 0
L 95.9000, 1199.0000, -4.5000,  94.4000, 1198.3000, -3.4000,  255, 165, 0
L 75.3000, 1174.0000, 0.0000,  65.9000, 1177.3000, 0.0000,  0, 0, 0
L 159.2000, 1235.6000, 0.0000,  161.0000, 1233.9000, 0.0000,  0, 0, 0
L 157.1000, 1234.5000, 0.0000,  159.2000, 1235.6000, 0.0000,  0, 0, 0
L 95.5000, 1192.0000, -2.3000,  92.8000, 1197.5000, -2.3000,  255, 165, 0
L 89.6000, 1196.0000, 0.0000,  83.0000, 1209.3000, 0.0000,  127, 64, 0
L 128.9000, 1205.6000, 0.0000,  126.9000, 1203.9000, -3.2000,  255, 165, 0
L 97.1000, 1192.7000, -3.4000,  94.4000, 1198.3000, -3.4000,  255, 165, 0
L 93.9000, 1191.2000, -1.2000,  91.2000, 1196.8000, -1.2000,  255, 165, 0
L 94.4000, 1198.3000, -3.4000,  92.8000, 1197.5000, -2.3000,  255, 165, 0
L 161.0000, 1233.9000, 0.0000,  159.8000, 1231.8000, 0.0000,  0, 0, 0
L 146.2000, 1222.0000, 0.0000,  145.8000, 1221.4000, 0.0000,  0, 0, 0
L 95.9000, 1199.0000, -4.5000,  98.6000, 1193.4000, -4.5000,  255, 165, 0
L 170.5000, 1226.6000, 0.0000,  155.3000, 1245.9000, 0.0000,  0, 0, 0
L 87.6000, 1188.0000, 0.0000,  84.4000, 1178.3000, 0.0000,  0, 0, 0
L 125.0000, 1210.5000, 0.0000,  123.0000, 1208.9000, -3.2000,  255, 165, 0
L 120.9000, 1207.3000, -6.4000,  124.8000, 1202.3000, -6.4000,  255, 165, 0
L 145.8000, 1221.4000, 0.0000,  145.1000, 1219.9000, 0.0000,  0, 0, 0
L 146.0000, 1221.4000, 0.0000,  145.8000, 1221.4000, 0.0000,  0, 0, 0
L 157.5000, 1232.2000, 0.0000,  157.1000, 1234.5000, 0.0000,  0, 0, 0
L 145.1000, 1219.9000, 0.0000,  142.7000, 1220.3000, 0.0000,  0, 0, 0
L 91.2000, 1196.8000, -1.2000,  89.6000, 1196.0000, 0.0000,  255, 165, 0
L 92.3000, 1190.5000, 0.0000,  89.6000, 1196.0000, 0.0000,  255, 165, 0
L 118.9000, 1205.7000, -9.7000,  122.8000, 1200.7000, -9.7000,  255, 165, 0
L 135.4000, 1206.1000, 0.0000,  138.8000, 1201.7000, 0.0000,  0, 0, 0
L 116.0000, 1222.0000, 0.0000,  125.0000, 1210.5000, 0.0000,  127, 64, 0
L 92.8000, 1197.5000, -2.3000,  91.2000, 1196.8000, -1.2000,  255, 165, 0
L 65.9000, 1177.3000, 0.0000,  61.7000, 1186.4000, 0.0000,  0, 0, 0
L 155.3000, 1245.9000, 0.0000,  123.6000, 1221.1000, 0.0000,  0, 0, 0
L 122.8000, 1200.7000, -9.7000,  120.7000, 1199.1000, -12.9000,  255, 165, 0
L 65.0000, 1195.8000, 0.0000,  74.1000, 1200.1000, 0.0000,  0, 0, 0
L 138.8000, 1201.7000, 0.0000,  170.5000, 1226.6000, 0.0000,  0, 0, 0
L 98.6000, 1193.4000, -4.5000,  97.1000, 1192.7000, -3.4000,  255, 165, 0
L 73.9000, 1185.2000, 0.0000,  72.7000, 1187.3000, 0.0000,  0, 0, 0
L 159.8000, 1231.8000, 0.0000,  157.5000, 1232.2000, 0.0000,  0, 0, 0
L 174.9000, 1223.2000, 0.0000,  137.8000, 1194.1000, 0.0000,  127, 64, 0
L 61.7000, 1186.4000, 0.0000,  65.0000, 1195.8000, 0.0000,  0, 0, 0
L 95.5000, 1192.0000, -2.3000,  93.9000, 1191.2000, -1.2000,  255, 165, 0
L 118.9000, 1205.7000, -9.7000,  116.8000, 1204.1000, -12.9000,  255, 165, 0
L 142.4000, 1222.7000, 0.0000,  144.5000, 1223.8000, 0.0000,  0, 0, 0
L 84.4000, 1178.3000, 0.0000,  75.3000, 1174.0000, 0.0000,  0, 0, 0
L 74.3000, 1189.1000, 0.0000,  76.5000, 1188.1000, 0.0000,  0, 0, 0
L 126.9000, 1203.9000, -3.2000,  124.8000, 1202.3000, -6.4000,  255, 165, 0
L 153.1000, 1251.1000, 0.0000,  174.9000, 1223.2000, 0.0000,  127, 64, 0
L 74.1000, 1200.1000, 0.0000,  84.3000, 1195.9000, 0.0000,  0, 0, 0
L 128.9000, 1205.6000, 0.0000,  137.8000, 1194.1000, 0.0000,  127, 64, 0
L 120.9000, 1207.3000, -6.4000,  118.9000, 1205.7000, -9.7000,  255, 165, 0
L 123.0000, 1208.9000, -3.2000,  120.9000, 1207.3000, -6.4000,  255, 165, 0
L 153.1000, 1251.1000, 0.0000,  116.0000, 1222.0000, 0.0000,  127, 64, 0
L 97.1000, 1192.7000, -3.4000,  95.5000, 1192.0000, -2.3000,  255, 165, 0
L 123.6000, 1221.1000, 0.0000,  127.0000, 1216.8000, 0.0000,  0, 0, 0
L 144.5000, 1223.8000, 0.0000,  146.2000, 1222.0000, 0.0000,  0, 0, 0
L 93.9000, 1191.2000, -1.2000,  92.3000, 1190.5000, 0.0000,  255, 165, 0
L 123.0000, 1208.9000, -3.2000,  126.9000, 1203.9000, -3.2000,  255, 165, 0
L 142.7000, 1220.3000, 0.0000,  142.4000, 1222.7000, 0.0000,  0, 0, 0
L 120.7000, 1199.1000, -12.9000,  116.8000, 1204.1000, -12.9000,  255, 165, 0
L 76.5000, 1188.1000, 0.0000,  76.2000, 1185.7000, 0.0000,  0, 0, 0
L 98.0000, 1179.0000, 0.0000,  92.3000, 1190.5000, 0.0000,  127, 64, 0
L 72.7000, 1187.3000, 0.0000,  74.3000, 1189.1000, 0.0000,  0, 0, 0
L 76.2000, 1185.7000, 0.0000,  73.9000, 1185.2000, 0.0000,  0, 0, 0
L 51.8000, 1195.3000, 0.0000,  67.0000, 1163.7000, 0.0000,  127, 64, 0
L 124.8000, 1202.3000, -6.4000,  122.8000, 1200.7000, -9.7000,  255, 165, 0
L 83.0000, 1209.3000, 0.0000,  51.8000, 1195.3000, 0.0000,  127, 64, 0
L 67.0000, 1163.7000, 0.0000,  98.0000, 1179.0000, 0.0000,  127, 64, 0
L 748.0000, -1227.0000, 50.0000,  802.0000, -1216.0000, 52.0000,  150, 150, 150
L 722.0000, -1227.0000, 47.0000,  748.0000, -1227.0000, 50.0000,  150, 150, 150
L 665.0000, -1203.0000, 43.0000,  722.0000, -1227.0000, 47.0000,  150, 150, 150
L 591.0000, -1159.0000, 40.0000,  665.0000, -1203.0000, 43.0000,  150, 150, 150
L 506.0000, -1067.0000, 39.0000,  591.0000, -1159.0000, 40.0000,  150, 150, 150
L 384.0000, -1015.0000, 35.0000,  506.0000, -1067.0000, 39.0000,  150, 150, 150
L 319.0000, -970.0000, 32.0000,  384.0000, -1015.0000, 35.0000,  150, 150, 150
L 309.0000, -943.0000, 32.0000,  319.0000, -970.0000, 32.0000,  150, 150, 150
L 311.0000, -914.0000, 28.0000,  309.0000, -943.0000, 32.0000,  150, 150, 150
L 330.0000, -881.0000, 24.0000,  311.0000, -914.0000, 28.0000,  150, 150, 150
L 367.0000, -873.0000, 26.0000,  330.0000, -881.0000, 24.0000,  150, 150, 150
L 402.0000, -885.0000, 26.0000,  367.0000, -873.0000, 26.0000,  150, 150, 150
L 431.0000, -896.0000, 25.0000,  402.0000, -885.0000, 26.0000,  150, 150, 150
L 604.0000, -944.0000, 30.0000,  431.0000, -896.0000, 25.0000,  150, 150, 150
L 654.0000, -955.0000, 25.0000,  604.0000, -944.0000, 30.0000,  150, 150, 150
L 699.0000, -982.0000, 28.0000,  654.0000, -955.0000, 25.0000,  150, 150, 150
L 736.0000, -1002.0000, 43.0000,  699.0000, -982.0000, 28.0000,  150, 150, 150
L -365.0000, -280.0000, 23.0000,  -512.0000, -336.5000, 42.5000,  150, 150, 150
L -279.0000, -295.0000, 12.0000,  -365.0000, -280.0000, 23.0000,  150, 150, 150
L -195.0000, -325.0000, 4.0000,  -279.0000, -295.0000, 12.0000,  150, 150, 150
L -186.0000, -333.0000, 3.0000,  -195.0000, -325.0000, 4.0000,  150, 150, 150
L -146.0000, -375.0000, 2.0000,  -186.0000, -333.0000, 3.0000,  150, 150, 150
L -125.0000, -388.0000, 3.0000,  -146.0000, -375.0000, 2.0000,  150, 150, 150
L -97.0000, -426.0000, 4.0000,  -125.0000, -388.0000, 3.0000,  150, 150, 150
L -35.0000, -484.0000, -2.0000,  -97.0000, -426.0000, 4.0000,  150, 150, 150
L -11.0000, -522.0000, 0.0000,  -35.0000, -484.0000, -2.0000,  150, 150, 150
L 1.0000, -559.0000, 1.0000,  -11.0000, -522.0000, 0.0000,  150, 150, 150
L 3.0000, -570.0000, 2.0000,  1.0000, -559.0000, 1.0000,  150, 150, 150
L -6.0000, -616.0000, 9.0000,  3.0000, -570.0000, 2.0000,  150, 150, 150
L -54.0000, -668.0000, 9.0000,  -6.0000, -616.0000, 9.0000,  150, 150, 150
L -59.0000, -677.0000, 8.0000,  -54.0000, -668.0000, 9.0000,  150, 150, 150
L -113.0000, -684.0000, 4.0000,  -59.0000, -677.0000, 8.0000,  150, 150, 150
L -167.0000, -664.0000, -1.0000,  -113.0000, -684.0000, 4.0000,  150, 150, 150
L -234.0000, -635.0000, -2.0000,  -167.0000, -664.0000, -1.0000,  150, 150, 150
L -338.0000, -611.0000, -5.0000,  -234.0000, -635.0000, -2.0000,  150, 150, 150
L -393.0000, -582.0000, -5.0000,  -338.0000, -611.0000, -5.0000,  150, 150, 150
L -447.0000, -558.0000, -1.0000,  -393.0000, -582.0000, -5.0000,  150, 150, 150
L -573.0000, -540.0000, 1.0000,  -447.0000, -558.0000, -1.0000,  150, 150, 150
L -645.0000, -524.0000, 16.0000,  -573.0000, -540.0000, 1.0000,  150, 150, 150
L -663.0000, -495.0000, 26.0000,  -645.0000, -524.0000, 16.0000,  150, 150, 150
L -663.0000, -452.0000, 34.0000,  -663.0000, -495.0000, 26.0000,  150, 150, 150
L -639.0000, -413.0000, 42.0000,  -663.0000, -452.0000, 34.0000,  150, 150, 150
L -576.0000, -359.0000, 50.0000,  -639.0000, -413.0000, 42.0000,  150, 150, 150
L 314.0000, 828.0000, -9.0000,  290.0000, 823.0000, -8.0000,  150, 150, 150
L 338.0000, 868.0000, -9.0000,  314.0000, 828.0000, -9.0000,  150, 150, 150
L 329.0000, 919.0000, -8.0000,  338.0000, 868.0000, -9.0000,  150, 150, 150
L 313.0000, 961.0000, 0.0000,  329.0000, 919.0000, -8.0000,  150, 150, 150
L 256.0000, 984.0000, 12.0000,  313.0000, 961.0000, 0.0000,  150, 150, 150
L 197.0000, 996.0000, 13.0000,  256.0000, 984.0000, 12.0000,  150, 150, 150
L 152.0000, 994.0000, 12.0000,  197.0000, 996.0000, 13.0000,  150, 150, 150
L 131.0000, 994.0000, 9.0000,  152.0000, 994.0000, 12.0000,  150, 150, 150
L 65.0000, 980.0000, 0.0000,  131.0000, 994.0000, 9.0000,  150, 150, 150
L 34.0000, 973.0000, 0.0000,  65.0000, 980.0000, 0.0000,  150, 150, 150
L -11.0000, 960.0000, -5.0000,  34.0000, 973.0000, 0.0000,  150, 150, 150
L -91.0000, 950.0000, -9.0000,  -11.0000, 960.0000, -5.0000,  150, 150, 150
L -219.0000, 976.0000, 2.0000,  -91.0000, 950.0000, -9.0000,  150, 150, 150
L -256.0000, 983.0000, 5.0000,  -219.0000, 976.0000, 2.0000,  150, 150, 150
L -372.0000, 979.0000, 5.0000,  -256.0000, 983.0000, 5.0000,  150, 150, 150
L -439.0000, 918.0000, 10.0000,  -372.0000, 979.0000, 5.0000,  150, 150, 150
L -481.0000, 903.0000, 13.0000,  -439.0000, 918.0000, 10.0000,  150, 150, 150
L -535.0000, 865.0000, 10.0000,  -481.0000, 903.0000, 13.0000,  150, 150, 150
L -523.0000, 826.0000, 11.0000,  -535.0000, 865.0000, 10.0000,  150, 150, 150
L -466.0000, 801.0000, 7.0000,  -523.0000, 826.0000, 11.0000,  150, 150, 150
L -413.0000, 788.0000, 4.0000,  -466.0000, 801.0000, 7.0000,  150, 150, 150
L -263.0000, 773.0000, 8.0000,  -413.0000, 788.0000, 4.0000,  150, 150, 150
L -175.0000, 774.0000, 5.0000,  -263.0000, 773.0000, 8.0000,  150, 150, 150
L -127.0000, 776.0000, 5.0000,  -175.0000, 774.0000, 5.0000,  150, 150, 150
L -94.0000, 776.0000, 9.0000,  -127.0000, 776.0000, 5.0000,  150, 150, 150
L -34.0000, 759.0000, 15.0000,  -94.0000, 776.0000, 9.0000,  150, 150, 150
L -13.0000, 755.0000, 16.0000,  -34.0000, 759.0000, 15.0000,  150, 150, 150
L 71.0000, 766.0000, 3.0000,  -13.0000, 755.0000, 16.0000,  150, 150, 150
L 116.0000, 779.0000, 9.0000,  71.0000, 766.0000, 3.0000,  150, 150, 150
L 152.0000, 798.0000, 0.0000,  116.0000, 779.0000, 9.0000,  150, 150, 150
L 220.0000, 809.0000, -3.0000,  152.0000, 798.0000, 0.0000,  150, 150, 150
L 250.0000, 813.0000, -7.0000,  220.0000, 809.0000, -3.0000,  150, 150, 150
L 290.0000, 823.0000, -8.0000,  250.0000, 813.0000, -7.0000,  150, 150, 150
L 841.0000, 776.0000, -2.0000,  891.0000, 785.0000, -18.0000,  150, 150, 150
L 778.0000, 782.0000, 8.0000,  841.0000, 776.0000, -2.0000,  150, 150, 150
L 723.0000, 766.0000, 19.0000,  778.0000, 782.0000, 8.0000,  150, 150, 150
L 699.0000, 740.0000, 28.0000,  723.0000, 766.0000, 19.0000,  150, 150, 150
L 695.0000, 723.0000, 33.0000,  699.0000, 740.0000, 28.0000,  150, 150, 150
L 693.0000, 713.0000, 34.0000,  695.0000, 723.0000, 33.0000,  150, 150, 150
L 674.0000, 661.0000, 28.0000,  693.0000, 713.0000, 34.0000,  150, 150, 150
L 693.0000, 618.0000, 21.0000,  674.0000, 661.0000, 28.0000,  150, 150, 150
L 755.0000, 568.0000, 11.0000,  693.0000, 618.0000, 21.0000,  150, 150, 150
L 789.0000, 523.0000, 11.0000,  755.0000, 568.0000, 11.0000,  150, 150, 150
L 825.0000, 481.0000, 10.0000,  789.0000, 523.0000, 11.0000,  150, 150, 150
L 904.0000, 353.0000, 9.0000,  825.0000, 481.0000, 10.0000,  150, 150, 150
L 976.0000, 280.0000, 14.0000,  904.0000, 353.0000, 9.0000,  150, 150, 150
L 1090.0000, 227.0000, 18.0000,  976.0000, 280.0000, 14.0000,  150, 150, 150
L 1271.0000, 160.0000, 18.0000,  1090.0000, 227.0000, 18.0000,  150, 150, 150
L 1298.0000, 131.0000, 23.0000,  1271.0000, 160.0000, 18.0000,  150, 150, 150
L 1302.0000, 99.0000, 35.0000,  1298.0000, 131.0000, 23.0000,  150, 150, 150
L 1301.0000, 42.0000, 27.0000,  1302.0000, 99.0000, 35.0000,  150, 150, 150
L 1299.0000, 29.0000, 27.0000,  1301.0000, 42.0000, 27.0000,  150, 150, 150
L 1296.0000, 14.0000, 30.0000,  1299.0000, 29.0000, 27.0000,  150, 150, 150
L 1304.0000, -39.0000, 35.0000,  1296.0000, 14.0000, 30.0000,  150, 150, 150
L 1301.0000, -48.0000, 36.0000,  1304.0000, -39.0000, 35.0000,  150, 150, 150
L 1298.0000, -81.0000, 36.0000,  1301.0000, -48.0000, 36.0000,  150, 150, 150
L 1300.0000, -94.0000, 36.0000,  1298.0000, -81.0000, 36.0000,  150, 150, 150
L 1301.0000, -98.0000, 36.0000,  1300.0000, -94.0000, 36.0000,  150, 150, 150
L 1303.0000, -111.0000, 37.0000,  1301.0000, -98.0000, 36.0000,  150, 150, 150
L 1306.0000, -128.0000, 38.0000,  1303.0000, -111.0000, 37.0000,  150, 150, 150
L 1307.0000, -132.0000, 39.0000,  1306.0000, -128.0000, 38.0000,  150, 150, 150
L 1311.0000, -159.0000, 39.0000,  1307.0000, -132.0000, 39.0000,  150, 150, 150
L 1311.0000, -161.0000, 38.0000,  1311.0000, -159.0000, 39.0000,  150, 150, 150
L 1291.0000, -215.0000, 47.0000,  1311.0000, -161.0000, 38.0000,  150, 150, 150
L 1289.0000, -218.0000, 47.0000,  1291.0000, -215.0000, 47.0000,  150, 150, 150
L 1252.0000, -241.0000, 45.0000,  1289.0000, -218.0000, 47.0000,  150, 150, 150
L 1267.0000, -291.0000, 44.0000,  1252.0000, -241.0000, 45.0000,  150, 150, 150
L 1280.0000, -328.0000, 48.0000,  1267.0000, -291.0000, 44.0000,  150, 150, 150
L 1296.0000, -369.0000, 48.0000,  1280.0000, -328.0000, 48.0000,  150, 150, 150
L 1311.0000, -406.0000, 48.0000,  1296.0000, -369.0000, 48.0000,  150, 150, 150
L 1324.0000, -452.0000, 47.0000,  1311.0000, -406.0000, 48.0000,  150, 150, 150
L 1325.0000, -456.0000, 47.0000,  1324.0000, -452.0000, 47.0000,  150, 150, 150
L 1330.0000, -480.0000, 47.0000,  1325.0000, -456.0000, 47.0000,  150, 150, 150
L 1342.0000, -527.0000, 55.0000,  1330.0000, -480.0000, 47.0000,  150, 150, 150
L 1341.0000, -546.0000, 50.0000,  1342.0000, -527.0000, 55.0000,  150, 150, 150
L 1340.0000, -552.0000, 50.0000,  1341.0000, -546.0000, 50.0000,  150, 150, 150
L 1338.0000, -565.0000, 52.0000,  1340.0000, -552.0000, 50.0000,  150, 150, 150
L 1336.0000, -579.0000, 54.0000,  1338.0000, -565.0000, 52.0000,  150, 150, 150
L 1312.0000, -611.0000, 53.0000,  1336.0000, -579.0000, 54.0000,  150, 150, 150
L 1252.0000, -644.0000, 52.0000,  1312.0000, -611.0000, 53.0000,  150, 150, 150
L 1214.0000, -649.0000, 45.0000,  1252.0000, -644.0000, 52.0000,  150, 150, 150
L 1143.0000, -636.0000, 48.0000,  1214.0000, -649.0000, 45.0000,  150, 150, 150
L 1104.0000, -609.0000, 49.0000,  1143.0000, -636.0000, 48.0000,  150, 150, 150
L 1065.0000, -539.0000, 44.0000,  1104.0000, -609.0000, 49.0000,  150, 150, 150
L 1062.0000, -524.0000, 41.0000,  1065.0000, -539.0000, 44.0000,  150, 150, 150
L 1059.0000, -501.0000, 33.0000,  1062.0000, -524.0000, 41.0000,  150, 150, 150
L 1058.0000, -496.0000, 32.0000,  1059.0000, -501.0000, 33.0000,  150, 150, 150
L 1050.0000, -456.0000, 32.0000,  1058.0000, -496.0000, 32.0000,  150, 150, 150
L 1046.0000, -438.0000, 34.0000,  1050.0000, -456.0000, 32.0000,  150, 150, 150
L 1044.0000, -420.0000, 31.0000,  1046.0000, -438.0000, 34.0000,  150, 150, 150
L 1043.0000, -413.0000, 31.0000,  1044.0000, -420.0000, 31.0000,  150, 150, 150
L 983.0000, -297.0000, 24.0000,  1043.0000, -413.0000, 31.0000,  150, 150, 150
L 936.0000, -239.0000, 15.0000,  983.0000, -297.0000, 24.0000,  150, 150, 150
L 921.0000, -210.0000, 15.0000,  936.0000, -239.0000, 15.0000,  150, 150, 150
L 913.0000, -196.0000, 18.0000,  921.0000, -210.0000, 15.0000,  150, 150, 150
L 869.0000, -176.0000, 24.0000,  913.0000, -196.0000, 18.0000,  150, 150, 150
L 868.0000, -177.0000, 24.0000,  869.0000, -176.0000, 24.0000,  150, 150, 150
L 828.0000, -238.0000, 24.0000,  868.0000, -177.0000, 24.0000,  150, 150, 150
L 826.0000, -243.0000, 23.0000,  828.0000, -238.0000, 24.0000,  150, 150, 150
L 820.0000, -312.0000, 17.0000,  826.0000, -243.0000, 23.0000,  150, 150, 150
L 809.0000, -343.0000, 10.0000,  820.0000, -312.0000, 17.0000,  150, 150, 150
L 808.0000, -351.0000, 9.0000,  809.0000, -343.0000, 10.0000,  150, 150, 150
L 808.0000, -410.0000, 10.0000,  808.0000, -351.0000, 9.0000,  150, 150, 150
L 784.0000, -488.0000, 3.0000,  808.0000, -410.0000, 10.0000,  150, 150, 150
L 777.0000, -491.0000, 2.0000,  784.0000, -488.0000, 3.0000,  150, 150, 150
L 718.0000, -476.0000, 5.0000,  777.0000, -491.0000, 2.0000,  150, 150, 150
L 696.0000, -448.0000, 11.0000,  718.0000, -476.0000, 5.0000,  150, 150, 150
L 649.0000, -289.0000, 5.0000,  696.0000, -448.0000, 11.0000,  150, 150, 150
L 630.0000, -227.0000, 15.0000,  649.0000, -289.0000, 5.0000,  150, 150, 150
L 608.0000, -177.0000, 16.0000,  630.0000, -227.0000, 15.0000,  150, 150, 150
L 544.0000, -117.0000, 22.0000,  608.0000, -177.0000, 16.0000,  150, 150, 150
L 486.0000, -110.0000, 29.0000,  544.0000, -117.0000, 22.0000,  150, 150, 150
L 421.0000, -158.0000, 36.0000,  486.0000, -110.0000, 29.0000,  150, 150, 150
L 397.0000, -190.0000, 38.0000,  421.0000, -158.0000, 36.0000,  150, 150, 150
L 385.0000, -221.0000, 40.0000,  397.0000, -190.0000, 38.0000,  150, 150, 150
L 384.0000, -253.0000, 44.0000,  385.0000, -221.0000, 40.0000,  150, 150, 150
L 383.0000, -277.0000, 48.0000,  384.0000, -253.0000, 44.0000,  150, 150, 150
L 383.0000, -299.0000, 49.0000,  383.0000, -277.0000, 48.0000,  150, 150, 150
L 382.0000, -336.0000, 53.0000,  383.0000, -299.0000, 49.0000,  150, 150, 150
L 380.0000, -361.0000, 53.0000,  382.0000, -336.0000, 53.0000,  150, 150, 150
L 378.0000, -393.0000, 49.0000,  380.0000, -361.0000, 53.0000,  150, 150, 150
L 379.0000, -400.0000, 48.0000,  378.0000, -393.0000, 49.0000,  150, 150, 150
L 381.0000, -420.0000, 50.0000,  379.0000, -400.0000, 48.0000,  150, 150, 150
L 381.0000, -426.0000, 51.0000,  381.0000, -420.0000, 50.0000,  150, 150, 150
L 384.0000, -449.0000, 52.0000,  381.0000, -426.0000, 51.0000,  150, 150, 150
L 387.0000, -460.0000, 52.0000,  384.0000, -449.0000, 52.0000,  150, 150, 150
L 387.0000, -464.0000, 51.0000,  387.0000, -460.0000, 52.0000,  150, 150, 150
L 425.0000, -530.0000, 49.0000,  387.0000, -464.0000, 51.0000,  150, 150, 150
L 458.0000, -593.0000, 41.0000,  425.0000, -530.0000, 49.0000,  150, 150, 150
L 496.0000, -684.0000, 32.0000,  458.0000, -593.0000, 41.0000,  150, 150, 150
L 521.0000, -721.0000, 32.0000,  496.0000, -684.0000, 32.0000,  150, 150, 150
L 596.0000, -769.0000, 30.0000,  521.0000, -721.0000, 32.0000,  150, 150, 150
L 641.0000, -794.0000, 33.0000,  596.0000, -769.0000, 30.0000,  150, 150, 150
L 687.0000, -814.0000, 26.0000,  641.0000, -794.0000, 33.0000,  150, 150, 150
L 735.0000, -850.0000, 11.0000,  687.0000, -814.0000, 26.0000,  150, 150, 150
L 876.0000, -886.0000, 17.0000,  791.0000, -851.0000, 26.0000,  150, 150, 150
L 915.0000, -893.0000, 24.0000,  876.0000, -886.0000, 17.0000,  150, 150, 150
L 969.0000, -896.0000, 40.0000,  915.0000, -893.0000, 24.0000,  150, 150, 150
L 1000.0000, -918.0000, 34.0000,  969.0000, -896.0000, 40.0000,  150, 150, 150
L 1110.0000, -953.0000, 46.0000,  1000.0000, -918.0000, 34.0000,  150, 150, 150
L 1167.0000, -992.0000, 26.0000,  1110.0000, -953.0000, 46.0000,  150, 150, 150
L 1227.0000, -1080.0000, 28.0000,  1167.0000, -992.0000, 26.0000,  150, 150, 150
L 1245.0000, -1134.0000, 32.0000,  1227.0000, -1080.0000, 28.0000,  150, 150, 150
L 1246.0000, -1164.0000, 28.0000,  1245.0000, -1134.0000, 32.0000,  150, 150, 150
L 1247.0000, -1193.0000, 36.0000,  1246.0000, -1164.0000, 28.0000,  150, 150, 150
L 1245.0000, -1196.0000, 36.0000,  1247.0000, -1193.0000, 36.0000,  150, 150, 150
L 1161.0000, -1246.0000, 42.0000,  1245.0000, -1196.0000, 36.0000,  150, 150, 150
L 1116.0000, -1276.0000, 47.0000,  1161.0000, -1246.0000, 42.0000,  150, 150, 150
L 1067.0000, -1281.0000, 53.0000,  1116.0000, -1276.0000, 47.0000,  150, 150, 150
L 1002.0000, -1267.0000, 46.0000,  1067.0000, -1281.0000, 53.0000,  150, 150, 150
L 960.0000, -1293.0000, 58.0000,  1002.0000, -1267.0000, 46.0000,  150, 150, 150
L 933.0000, -1312.0000, 68.0000,  960.0000, -1293.0000, 58.0000,  150, 150, 150
L 858.0000, -1274.0000, 45.0000,  863.0000, -1298.0000, 57.0000,  150, 150, 150
L 855.0000, -1264.0000, 42.0000,  858.0000, -1274.0000, 45.0000,  150, 150, 150
L 842.0000, -1250.0000, 40.0000,  855.0000, -1264.0000, 42.0000,  150, 150, 150
L 799.0000, -1260.0000, 37.0000,  842.0000, -1250.0000, 40.0000,  150, 150, 150
L 735.0000, -1272.0000, 42.0000,  799.0000, -1260.0000, 37.0000,  150, 150, 150
L 696.0000, -1274.0000, 43.0000,  735.0000, -1272.0000, 42.0000,  150, 150, 150
L 559.0000, -1235.0000, 41.0000,  696.0000, -1274.0000, 43.0000,  150, 150, 150
L 502.0000, -1227.0000, 44.0000,  559.0000, -1235.0000, 41.0000,  150, 150, 150
L 456.0000, -1203.0000, 45.0000,  502.0000, -1227.0000, 44.0000,  150, 150, 150
L 392.0000, -1169.0000, 38.0000,  456.0000, -1203.0000, 45.0000,  150, 150, 150
L 340.0000, -1175.0000, 44.0000,  392.0000, -1169.0000, 38.0000,  150, 150, 150
L 293.0000, -1193.0000, 37.0000,  340.0000, -1175.0000, 44.0000,  150, 150, 150
L 206.0000, -1189.0000, 38.0000,  293.0000, -1193.0000, 37.0000,  150, 150, 150
L 99.0000, -1118.0000, 30.0000,  206.0000, -1189.0000, 38.0000,  150, 150, 150
L 53.0000, -1127.0000, 34.0000,  99.0000, -1118.0000, 30.0000,  150, 150, 150
L -9.0000, -1174.0000, 35.0000,  53.0000, -1127.0000, 34.0000,  150, 150, 150
L -77.0000, -1183.0000, 35.0000,  -9.0000, -1174.0000, 35.0000,  150, 150, 150
L -149.0000, -1189.0000, 39.0000,  -77.0000, -1183.0000, 35.0000,  150, 150, 150
L -217.0000, -1229.0000, 43.0000,  -149.0000, -1189.0000, 39.0000,  150, 150, 150
L -350.0000, -1257.0000, 39.0000,  -217.0000, -1229.0000, 43.0000,  150, 150, 150
L -359.0000, -1253.0000, 37.0000,  -350.0000, -1257.0000, 39.0000,  150, 150, 150
L -355.0000, -1228.0000, 37.0000,  -359.0000, -1253.0000, 37.0000,  150, 150, 150
L -280.0000, -1179.0000, 30.0000,  -355.0000, -1228.0000, 37.0000,  150, 150, 150
L -277.0000, -1177.0000, 30.0000,  -280.0000, -1179.0000, 30.0000,  150, 150, 150
L -258.0000, -1142.0000, 26.0000,  -277.0000, -1177.0000, 30.0000,  150, 150, 150
L -256.0000, -1119.0000, 20.0000,  -258.0000, -1142.0000, 26.0000,  150, 150, 150
L -294.0000, -1078.0000, 13.0000,  -256.0000, -1119.0000, 20.0000,  150, 150, 150
L -354.0000, -1090.0000, 21.0000,  -294.0000, -1078.0000, 13.0000,  150, 150, 150
L -406.0000, -1130.0000, 22.0000,  -354.0000, -1090.0000, 21.0000,  150, 150, 150
L -471.0000, -1178.0000, 26.0000,  -406.0000, -1130.0000, 22.0000,  150, 150, 150
L -542.0000, -1193.0000, 25.0000,  -471.0000, -1178.0000, 26.0000,  150, 150, 150
L -570.0000, -1190.0000, 28.0000,  -542.0000, -1193.0000, 25.0000,  150, 150, 150
L -616.0000, -1168.0000, 28.0000,  -570.0000, -1190.0000, 28.0000,  150, 150, 150
L -668.0000, -1155.0000, 27.0000,  -616.0000, -1168.0000, 28.0000,  150, 150, 150
L -670.0000, -1155.0000, 27.0000,  -668.0000, -1155.0000, 27.0000,  150, 150, 150
L -709.0000, -1114.0000, 28.0000,  -670.0000, -1155.0000, 27.0000,  150, 150, 150
L -737.0000, -1066.0000, 33.0000,  -709.0000, -1114.0000, 28.0000,  150, 150, 150
L -806.0000, -987.0000, 34.0000,  -737.0000, -1066.0000, 33.0000,  150, 150, 150
L -847.0000, -952.0000, 33.0000,  -806.0000, -987.0000, 34.0000,  150, 150, 150
L -925.0000, -914.0000, 38.0000,  -847.0000, -952.0000, 33.0000,  150, 150, 150
L -957.0000, -898.0000, 46.0000,  -925.0000, -914.0000, 38.0000,  150, 150, 150
L -987.0000, -877.0000, 53.0000,  -957.0000, -898.0000, 46.0000,  150, 150, 150
L -1023.0000, -843.0000, 69.0000,  -987.0000, -877.0000, 53.0000,  150, 150, 150
L -1012.0000, -779.0000, 53.0000,  -1046.0000, -824.0000, 71.0000,  150, 150, 150
L -964.0000, -758.0000, 51.0000,  -1012.0000, -779.0000, 53.0000,  150, 150, 150
L -996.0000, -709.0000, 44.0000,  -964.0000, -758.0000, 51.0000,  150, 150, 150
L -1024.0000, -687.0000, 35.0000,  -996.0000, -709.0000, 44.0000,  150, 150, 150
L -1062.0000, -617.0000, 31.0000,  -1024.0000, -687.0000, 35.0000,  150, 150, 150
L -1060.0000, -607.0000, 33.0000,  -1062.0000, -617.0000, 31.0000,  150, 150, 150
L -1015.0000, -567.0000, 35.0000,  -1060.0000, -607.0000, 33.0000,  150, 150, 150
L -980.0000, -519.0000, 32.0000,  -1015.0000, -567.0000, 35.0000,  150, 150, 150
L -940.0000, -487.0000, 36.0000,  -980.0000, -519.0000, 32.0000,  150, 150, 150
L -868.0000, -476.0000, 24.0000,  -940.0000, -487.0000, 36.0000,  150, 150, 150
L -842.0000, -431.0000, 31.0000,  -868.0000, -476.0000, 24.0000,  150, 150, 150
L -783.0000, -368.0000, 45.0000,  -842.0000, -431.0000, 31.0000,  150, 150, 150
L -691.0000, -319.0000, 44.0000,  -783.0000, -368.0000, 45.0000,  150, 150, 150
L -655.0000, -298.0000, 46.0000,  -691.0000, -319.0000, 44.0000,  150, 150, 150
L -622.0000, -277.0000, 46.0000,  -655.0000, -298.0000, 46.0000,  150, 150, 150
L -581.0000, -246.0000, 45.0000,  -622.0000, -277.0000, 46.0000,  150, 150, 150
L -517.0000, -204.0000, 36.0000,  -581.0000, -246.0000, 45.0000,  150, 150, 150
L -469.0000, -167.0000, 35.0000,  -517.0000, -204.0000, 36.0000,  150, 150, 150
L -421.0000, -150.0000, 22.0000,  -469.0000, -167.0000, 35.0000,  150, 150, 150
L -370.0000, -126.0000, 17.0000,  -421.0000, -150.0000, 22.0000,  150, 150, 150
L -335.0000, -108.0000, 19.0000,  -370.0000, -126.0000, 17.0000,  150, 150, 150
L -245.0000, -21.0000, 17.0000,  -335.0000, -108.0000, 19.0000,  150, 150, 150
L -222.0000, 58.0000, 15.0000,  -245.0000, -21.0000, 17.0000,  150, 150, 150
L -213.0000, 95.0000, 18.0000,  -222.0000, 58.0000, 15.0000,  150, 150, 150
L -197.0000, 111.0000, 20.0000,  -213.0000, 95.0000, 18.0000,  150, 150, 150
L -190.0000, 117.0000, 22.0000,  -197.0000, 111.0000, 20.0000,  150, 150, 150
L -182.0000, 134.0000, 27.0000,  -190.0000, 117.0000, 22.0000,  150, 150, 150
L -180.0000, 143.0000, 30.0000,  -182.0000, 134.0000, 27.0000,  150, 150, 150
L -177.0000, 163.0000, 29.0000,  -180.0000, 143.0000, 30.0000,  150, 150, 150
L -176.0000, 173.0000, 27.0000,  -177.0000, 163.0000, 29.0000,  150, 150, 150
L -173.0000, 192.0000, 23.0000,  -176.0000, 173.0000, 27.0000,  150, 150, 150
L -169.0000, 215.0000, 19.0000,  -173.0000, 192.0000, 23.0000,  150, 150, 150
L -168.0000, 219.0000, 18.0000,  -169.0000, 215.0000, 19.0000,  150, 150, 150
L -166.0000, 234.0000, 17.0000,  -168.0000, 219.0000, 18.0000,  150, 150, 150
L -164.0000, 244.0000, 17.0000,  -166.0000, 234.0000, 17.0000,  150, 150, 150
L -162.0000, 255.0000, 17.0000,  -164.0000, 244.0000, 17.0000,  150, 150, 150
L -150.0000, 330.0000, 8.0000,  -162.0000, 255.0000, 17.0000,  150, 150, 150
L -145.0000, 350.0000, 2.0000,  -150.0000, 330.0000, 8.0000,  150, 150, 150
L -168.0000, 386.0000, 11.0000,  -145.0000, 350.0000, 2.0000,  150, 150, 150
L -171.0000, 401.0000, 15.0000,  -168.0000, 386.0000, 11.0000,  150, 150, 150
L -242.0000, 423.0000, 15.0000,  -171.0000, 401.0000, 15.0000,  150, 150, 150
L -281.0000, 422.0000, 15.0000,  -242.0000, 423.0000, 15.0000,  150, 150, 150
L -326.0000, 414.0000, 16.0000,  -281.0000, 422.0000, 15.0000,  150, 150, 150
L -358.0000, 409.0000, 16.0000,  -326.0000, 414.0000, 16.0000,  150, 150, 150
L -438.0000, 388.0000, 12.0000,  -358.0000, 409.0000, 16.0000,  150, 150, 150
L -479.0000, 383.0000, 9.0000,  -438.0000, 388.0000, 12.0000,  150, 150, 150
L -518.0000, 380.0000, 3.0000,  -479.0000, 383.0000, 9.0000,  150, 150, 150
L -616.0000, 381.0000, -8.0000,  -518.0000, 380.0000, 3.0000,  150, 150, 150
L -698.0000, 322.0000, -6.0000,  -616.0000, 381.0000, -8.0000,  150, 150, 150
L -722.0000, 302.0000, -3.0000,  -698.0000, 322.0000, -6.0000,  150, 150, 150
L -812.0000, 238.0000, 1.0000,  -722.0000, 302.0000, -3.0000,  150, 150, 150
L -876.0000, 181.0000, -2.0000,  -812.0000, 238.0000, 1.0000,  150, 150, 150
L -913.0000, 149.0000, 4.0000,  -876.0000, 181.0000, -2.0000,  150, 150, 150
L -943.0000, 123.0000, 10.0000,  -913.0000, 149.0000, 4.0000,  150, 150, 150
L -989.0000, 90.0000, 11.0000,  -943.0000, 123.0000, 10.0000,  150, 150, 150
L -1093.0000, 40.0000, 16.0000,  -989.0000, 90.0000, 11.0000,  150, 150, 150
L -1129.0000, 23.0000, 21.0000,  -1093.0000, 40.0000, 16.0000,  150, 150, 150
L -1197.0000, 0.0000, 22.0000,  -1129.0000, 23.0000, 21.0000,  150, 150, 150
L -1218.0000, 12.0000, 13.0000,  -1197.0000, 0.0000, 22.0000,  150, 150, 150
L -1224.0000, 24.0000, 8.0000,  -1218.0000, 12.0000, 13.0000,  150, 150, 150
L -1226.0000, 35.0000, 8.0000,  -1224.0000, 24.0000, 8.0000,  150, 150, 150
L -1228.0000, 55.0000, 9.0000,  -1226.0000, 35.0000, 8.0000,  150, 150, 150
L -1229.0000, 57.0000, 9.0000,  -1228.0000, 55.0000, 9.0000,  150, 150, 150
L -1252.0000, 100.0000, 23.0000,  -1229.0000, 57.0000, 9.0000,  150, 150, 150
L -1270.0000, 141.0000, 14.0000,  -1252.0000, 100.0000, 23.0000,  150, 150, 150
L -1272.0000, 193.0000, 12.0000,  -1270.0000, 141.0000, 14.0000,  150, 150, 150
L -1274.0000, 196.0000, 12.0000,  -1272.0000, 193.0000, 12.0000,  150, 150, 150
L -1305.0000, 245.0000, 14.0000,  -1274.0000, 196.0000, 12.0000,  150, 150, 150
L -1313.0000, 292.0000, 21.0000,  -1305.0000, 245.0000, 14.0000,  150, 150, 150
L -1310.0000, 309.0000, 20.0000,  -1313.0000, 292.0000, 21.0000,  150, 150, 150
L -1309.0000, 320.0000, 20.0000,  -1310.0000, 309.0000, 20.0000,  150, 150, 150
L -1275.0000, 432.0000, 17.0000,  -1309.0000, 320.0000, 20.0000,  150, 150, 150
L -1275.0000, 434.0000, 17.0000,  -1275.0000, 432.0000, 17.0000,  150, 150, 150
L -1272.0000, 452.0000, 20.0000,  -1275.0000, 434.0000, 17.0000,  150, 150, 150
L -1271.0000, 456.0000, 20.0000,  -1272.0000, 452.0000, 20.0000,  150, 150, 150
L -1253.0000, 504.0000, 23.0000,  -1271.0000, 456.0000, 20.0000,  150, 150, 150
L -1211.0000, 545.0000, 21.0000,  -1253.0000, 504.0000, 23.0000,  150, 150, 150
L -1183.0000, 549.0000, 15.0000,  -1211.0000, 545.0000, 21.0000,  150, 150, 150
L -1146.0000, 563.0000, 13.0000,  -1183.0000, 549.0000, 15.0000,  150, 150, 150
L -1100.0000, 591.0000, 14.0000,  -1146.0000, 563.0000, 13.0000,  150, 150, 150
L -1058.0000, 631.0000, 13.0000,  -1100.0000, 591.0000, 14.0000,  150, 150, 150
L -1018.0000, 648.0000, 5.0000,  -1058.0000, 631.0000, 13.0000,  150, 150, 150
L -946.0000, 654.0000, 19.0000,  -1018.0000, 648.0000, 5.0000,  150, 150, 150
L -928.0000, 665.0000, 22.0000,  -946.0000, 654.0000, 19.0000,  150, 150, 150
L -923.0000, 673.0000, 23.0000,  -928.0000, 665.0000, 22.0000,  150, 150, 150
L -979.0000, 744.0000, 24.0000,  -923.0000, 673.0000, 23.0000,  150, 150, 150
L -1043.0000, 757.0000, 29.0000,  -979.0000, 744.0000, 24.0000,  150, 150, 150
L -1177.0000, 714.0000, 34.0000,  -1043.0000, 757.0000, 29.0000,  150, 150, 150
L -1257.0000, 671.0000, 20.0000,  -1177.0000, 714.0000, 34.0000,  150, 150, 150
L -1264.0000, 671.0000, 20.0000,  -1257.0000, 671.0000, 20.0000,  150, 150, 150
L -1285.0000, 687.0000, 19.0000,  -1264.0000, 671.0000, 20.0000,  150, 150, 150
L -1292.0000, 712.0000, 16.0000,  -1285.0000, 687.0000, 19.0000,  150, 150, 150
L -1293.0000, 716.0000, 15.0000,  -1292.0000, 712.0000, 16.0000,  150, 150, 150
L -1295.0000, 729.0000, 14.0000,  -1293.0000, 716.0000, 15.0000,  150, 150, 150
L -1297.0000, 739.0000, 13.0000,  -1295.0000, 729.0000, 14.0000,  150, 150, 150
L -1301.0000, 757.0000, 10.0000,  -1297.0000, 739.0000, 13.0000,  150, 150, 150
L -1300.0000, 796.0000, -3.0000,  -1301.0000, 757.0000, 10.0000,  150, 150, 150
L -1300.0000, 798.0000, -4.0000,  -1300.0000, 796.0000, -3.0000,  150, 150, 150
L -1298.0000, 818.0000, -5.0000,  -1300.0000, 798.0000, -4.0000,  150, 150, 150
L -1297.0000, 838.0000, 3.0000,  -1298.0000, 818.0000, -5.0000,  150, 150, 150
L -1246.0000, 943.0000, 11.0000,  -1297.0000, 838.0000, 3.0000,  150, 150, 150
L -1240.0000, 964.0000, 12.0000,  -1246.0000, 943.0000, 11.0000,  150, 150, 150
L -1242.0000, 992.0000, 12.0000,  -1240.0000, 964.0000, 12.0000,  150, 150, 150
L -1241.0000, 1009.0000, 12.0000,  -1242.0000, 992.0000, 12.0000,  150, 150, 150
L -1210.0000, 1094.0000, 15.0000,  -1241.0000, 1009.0000, 12.0000,  150, 150, 150
L -1208.0000, 1096.0000, 15.0000,  -1210.0000, 1094.0000, 15.0000,  150, 150, 150
L -1164.0000, 1139.0000, 12.0000,  -1208.0000, 1096.0000, 15.0000,  150, 150, 150
L -1152.0000, 1150.0000, 21.0000,  -1164.0000, 1139.0000, 12.0000,  150, 150, 150
L -1151.0000, 1153.0000, 26.0000,  -1152.0000, 1150.0000, 21.0000,  150, 150, 150
L -1147.0000, 1173.0000, 42.0000,  -1151.0000, 1153.0000, 26.0000,  150, 150, 150
L -1143.0000, 1201.0000, 35.0000,  -1147.0000, 1173.0000, 42.0000,  150, 150, 150
L -1141.0000, 1210.0000, 29.0000,  -1143.0000, 1201.0000, 35.0000,  150, 150, 150
L -1137.0000, 1229.0000, 29.0000,  -1141.0000, 1210.0000, 29.0000,  150, 150, 150
L -1130.0000, 1235.0000, 28.0000,  -1137.0000, 1229.0000, 29.0000,  150, 150, 150
L -1113.0000, 1239.0000, 26.0000,  -1130.0000, 1235.0000, 28.0000,  150, 150, 150
L -1099.0000, 1238.0000, 28.0000,  -1113.0000, 1239.0000, 26.0000,  150, 150, 150
L -1016.0000, 1137.0000, 29.0000,  -1099.0000, 1238.0000, 28.0000,  150, 150, 150
L -980.0000, 1035.0000, 33.0000,  -1016.0000, 1137.0000, 29.0000,  150, 150, 150
L -910.0000, 938.0000, 30.0000,  -980.0000, 1035.0000, 33.0000,  150, 150, 150
L -882.0000, 978.0000, 30.0000,  -910.0000, 938.0000, 30.0000,  150, 150, 150
L -880.0000, 991.0000, 30.0000,  -882.0000, 978.0000, 30.0000,  150, 150, 150
L -879.0000, 996.0000, 30.0000,  -880.0000, 991.0000, 30.0000,  150, 150, 150
L -876.0000, 1014.0000, 32.0000,  -879.0000, 996.0000, 30.0000,  150, 150, 150
L -875.0000, 1018.0000, 32.0000,  -876.0000, 1014.0000, 32.0000,  150, 150, 150
L -869.0000, 1080.0000, 33.0000,  -875.0000, 1018.0000, 32.0000,  150, 150, 150
L -868.0000, 1177.0000, 33.0000,  -869.0000, 1080.0000, 33.0000,  150, 150, 150
L -868.0000, 1179.0000, 33.0000,  -868.0000, 1177.0000, 33.0000,  150, 150, 150
L -866.0000, 1220.0000, 31.0000,  -868.0000, 1179.0000, 33.0000,  150, 150, 150
L -872.0000, 1251.0000, 30.0000,  -866.0000, 1220.0000, 31.0000,  150, 150, 150
L -868.0000, 1276.0000, 30.0000,  -872.0000, 1251.0000, 30.0000,  150, 150, 150
L -854.0000, 1300.0000, 26.0000,  -868.0000, 1276.0000, 30.0000,  150, 150, 150
L -760.0000, 1289.0000, 19.0000,  -854.0000, 1300.0000, 26.0000,  150, 150, 150
L -732.0000, 1276.0000, 24.0000,  -760.0000, 1289.0000, 19.0000,  150, 150, 150
L -674.0000, 1259.0000, 27.0000,  -732.0000, 1276.0000, 24.0000,  150, 150, 150
L -642.0000, 1264.0000, 29.0000,  -674.0000, 1259.0000, 27.0000,  150, 150, 150
L -560.0000, 1326.0000, 32.0000,  -642.0000, 1264.0000, 29.0000,  150, 150, 150
L -509.0000, 1343.0000, 31.0000,  -560.0000, 1326.0000, 32.0000,  150, 150, 150
L -439.0000, 1327.0000, 30.0000,  -509.0000, 1343.0000, 31.0000,  150, 150, 150
L -399.0000, 1347.0000, 29.0000,  -439.0000, 1327.0000, 30.0000,  150, 150, 150
L -257.0000, 1341.0000, 33.0000,  -399.0000, 1347.0000, 29.0000,  150, 150, 150
L -170.0000, 1345.0000, 16.0000,  -257.0000, 1341.0000, 33.0000,  150, 150, 150
L -95.0000, 1335.0000, 21.0000,  -170.0000, 1345.0000, 16.0000,  150, 150, 150
L -63.0000, 1319.0000, 29.0000,  -95.0000, 1335.0000, 21.0000,  150, 150, 150
L 16.0000, 1232.0000, 9.0000,  -63.0000, 1319.0000, 29.0000,  150, 150, 150
L 20.0000, 1231.0000, 9.0000,  16.0000, 1232.0000, 9.0000,  150, 150, 150
L 77.0000, 1231.0000, 5.0000,  20.0000, 1231.0000, 9.0000,  150, 150, 150
L 124.0000, 1258.0000, 2.0000,  77.0000, 1231.0000, 5.0000,  150, 150, 150
L 160.0000, 1265.0000, 9.0000,  124.0000, 1258.0000, 2.0000,  150, 150, 150
L 201.0000, 1249.0000, 5.0000,  160.0000, 1265.0000, 9.0000,  150, 150, 150
L 239.0000, 1240.0000, 5.0000,  201.0000, 1249.0000, 5.0000,  150, 150, 150
L 277.0000, 1243.0000, 8.0000,  239.0000, 1240.0000, 5.0000,  150, 150, 150
L 363.0000, 1278.0000, 10.0000,  277.0000, 1243.0000, 8.0000,  150, 150, 150
L 399.0000, 1293.0000, 19.0000,  363.0000, 1278.0000, 10.0000,  150, 150, 150
L 455.0000, 1300.0000, 16.0000,  399.0000, 1293.0000, 19.0000,  150, 150, 150
L 492.0000, 1295.0000, 10.0000,  455.0000, 1300.0000, 16.0000,  150, 150, 150
L 531.0000, 1281.0000, 1.0000,  492.0000, 1295.0000, 10.0000,  150, 150, 150
L 595.0000, 1286.0000, -14.0000,  531.0000, 1281.0000, 1.0000,  150, 150, 150
L 640.0000, 1311.0000, 0.0000,  595.0000, 1286.0000, -14.0000,  150, 150, 150
L 705.0000, 1362.0000, 21.0000,  640.0000, 1311.0000, 0.0000,  150, 150, 150
L 778.0000, 1385.0000, 25.0000,  705.0000, 1362.0000, 21.0000,  150, 150, 150
L 841.0000, 1361.0000, 13.0000,  778.0000, 1385.0000, 25.0000,  150, 150, 150
L 855.0000, 1349.0000, 13.0000,  841.0000, 1361.0000, 13.0000,  150, 150, 150
L 878.0000, 1279.0000, -7.0000,  855.0000, 1349.0000, 13.0000,  150, 150, 150
L 932.0000, 1273.0000, -16.0000,  878.0000, 1279.0000, -7.0000,  150, 150, 150
L 1004.0000, 1255.0000, -12.0000,  932.0000, 1273.0000, -16.0000,  150, 150, 150
L 1041.0000, 1228.0000, -4.0000,  1004.0000, 1255.0000, -12.0000,  150, 150, 150
L 1074.0000, 1177.0000, 3.0000,  1041.0000, 1228.0000, -4.0000,  150, 150, 150
L 1088.0000, 1129.0000, 7.0000,  1074.0000, 1177.0000, 3.0000,  150, 150, 150
L 1176.0000, 1807.0000, 34.0000,  1242.0000, 1807.0000, 34.0000,  199, 21, 133
L 1242.0000, 1807.0000, 34.0000,  1242.0000, 1842.1000, 34.0000,  0, 0, 0
L 1176.0000, 1807.0000, 34.0000,  1176.0000, 1842.1000, 34.0000,  0, 0, 0
L 1242.0000, 1747.0000, 34.0000,  1242.0000, 1807.0000, 34.0000,  0, 0, 0
L 742.0000, -1095.0000, 140.0000,  745.0000, -1094.0000, 140.0000,  205, 133, 63
L 753.0000, -1102.0000, 140.0000,  752.0000, -1105.0000, 140.0000,  205, 133, 63
L 739.0000, -1098.0000, 140.0000,  742.0000, -1095.0000, 140.0000,  205, 133, 63
L 752.0000, -1098.0000, 140.0000,  753.0000, -1102.0000, 140.0000,  205, 133, 63
L 742.0000, -1108.0000, 140.0000,  739.0000, -1105.0000, 140.0000,  205, 133, 63
L 738.0000, -1102.0000, 140.0000,  739.0000, -1098.0000, 140.0000,  205, 133, 63
L 745.0000, -1094.0000, 140.0000,  749.0000, -1095.0000, 140.0000,  205, 133, 63
L 715.0000, -1071.0000, 140.0000,  715.0000, -1132.0000, 140.0000,  205, 133, 63
L 749.0000, -1095.0000, 140.0000,  752.0000, -1098.0000, 140.0000,  205, 133, 63
L 752.0000, -1105.0000, 140.0000,  749.0000, -1108.0000, 140.0000,  205, 133, 63
L 769.0000, -1073.0000, 140.0000,  751.0000, -1091.0000, 140.0000,  205, 133, 63
L 715.0000, -1132.0000, 140.0000,  776.0000, -1132.0000, 140.0000,  205, 133, 63
L 717.0000, -1078.0000, 140.0000,  735.0000, -1096.0000, 140.0000,  205, 133, 63
L 776.0000, -1132.0000, 140.0000,  776.0000, -1071.0000, 140.0000,  205, 133, 63
L 749.0000, -1108.0000, 140.0000,  745.0000, -1109.0000, 140.0000,  205, 133, 63
L 722.0000, -1073.0000, 140.0000,  717.0000, -1078.0000, 140.0000,  205, 133, 63
L 740.0000, -1091.0000, 140.0000,  722.0000, -1073.0000, 140.0000,  205, 133, 63
L 734.0000, -1102.0000, 140.0000,  735.0000, -1096.0000, 140.0000,  205, 133, 63
L 740.0000, -1091.0000, 140.0000,  746.0000, -1090.0000, 140.0000,  205, 133, 63
L 746.0000, -1090.0000, 140.0000,  751.0000, -1091.0000, 140.0000,  205, 133, 63
L 756.0000, -1096.0000, 140.0000,  757.0000, -1102.0000, 140.0000,  205, 133, 63
L 757.0000, -1102.0000, 140.0000,  756.0000, -1107.0000, 140.0000,  205, 133, 63
L 745.0000, -1113.0000, 140.0000,  740.0000, -1112.0000, 140.0000,  205, 133, 63
L 739.0000, -1105.0000, 140.0000,  738.0000, -1102.0000, 140.0000,  205, 133, 63
L 756.0000, -1107.0000, 140.0000,  774.0000, -1125.0000, 140.0000,  205, 133, 63
L 769.0000, -1130.0000, 140.0000,  751.0000, -1112.0000, 140.0000,  205, 133, 63
L 774.0000, -1078.0000, 140.0000,  756.0000, -1096.0000, 140.0000,  205, 133, 63
L 776.0000, -1071.0000, 140.0000,  715.0000, -1071.0000, 140.0000,  205, 133, 63
L 774.0000, -1125.0000, 140.0000,  769.0000, -1130.0000, 140.0000,  205, 133, 63
L 769.0000, -1073.0000, 140.0000,  774.0000, -1078.0000, 140.0000,  205, 133, 63
L 740.0000, -1112.0000, 140.0000,  722.0000, -1130.0000, 140.0000,  205, 133, 63
L 745.0000, -1109.0000, 140.0000,  742.0000, -1108.0000, 140.0000,  205, 133, 63
L 722.0000, -1130.0000, 140.0000,  717.0000, -1125.0000, 140.0000,  205, 133, 63
L 717.0000, -1125.0000, 140.0000,  735.0000, -1107.0000, 140.0000,  205, 133, 63
L 745.0000, -1113.0000, 140.0000,  751.0000, -1112.0000, 140.0000,  205, 133, 63
L 735.0000, -1107.0000, 140.0000,  734.0000, -1102.0000, 140.0000,  205, 133, 63
L -819.0000, -840.0000, 35.0000,  -818.0000, -847.0000, 35.0000,  127, 64, 0
L -818.0000, -847.0000, 35.0000,  -843.0000, -852.0000, 35.0000,  127, 64, 0
L -844.0000, -846.0000, 35.0000,  -819.0000, -840.0000, 35.0000,  127, 64, 0
L -849.0000, -862.0000, 35.0000,  -843.0000, -887.0000, 35.0000,  127, 64, 0
L -849.0000, -888.0000, 35.0000,  -855.0000, -863.0000, 35.0000,  127, 64, 0
L -843.0000, -887.0000, 35.0000,  -849.0000, -888.0000, 35.0000,  127, 64, 0
L -864.0000, -857.0000, 35.0000,  -889.0000, -863.0000, 35.0000,  127, 64, 0
L -864.0000, -845.0000, 35.0000,  -860.0000, -842.0000, 35.0000,  127, 64, 0
L -850.0000, -857.0000, 35.0000,  -859.0000, -857.0000, 35.0000,  127, 64, 0
L -844.0000, -858.0000, 35.0000,  -849.0000, -862.0000, 35.0000,  127, 64, 0
L -855.0000, -863.0000, 35.0000,  -861.0000, -862.0000, 35.0000,  127, 64, 0
L -866.0000, -851.0000, 35.0000,  -864.0000, -845.0000, 35.0000,  127, 64, 0
L -849.0000, -856.0000, 35.0000,  -850.0000, -857.0000, 35.0000,  127, 64, 0
L -860.0000, -848.0000, 35.0000,  -858.0000, -845.0000, 35.0000,  127, 64, 0
L -858.0000, -846.0000, 35.0000,  -850.0000, -846.0000, 35.0000,  127, 64, 0
L -861.0000, -862.0000, 35.0000,  -864.0000, -857.0000, 35.0000,  127, 64, 0
L -850.0000, -846.0000, 35.0000,  -849.0000, -847.0000, 35.0000,  127, 64, 0
L -859.0000, -857.0000, 35.0000,  -860.0000, -848.0000, 35.0000,  127, 64, 0
L -843.0000, -852.0000, 35.0000,  -844.0000, -858.0000, 35.0000,  127, 64, 0
L -849.0000, -847.0000, 35.0000,  -849.0000, -856.0000, 35.0000,  127, 64, 0
L -859.0000, -815.0000, 35.0000,  -853.0000, -840.0000, 35.0000,  127, 64, 0
L -896.0000, -861.0000, 35.0000,  -864.0000, -810.0000, 35.0000,  127, 64, 0
L -812.0000, -842.0000, 35.0000,  -845.0000, -894.0000, 35.0000,  127, 64, 0
L -845.0000, -894.0000, 35.0000,  -896.0000, -861.0000, 35.0000,  127, 64, 0
L -864.0000, -810.0000, 35.0000,  -812.0000, -842.0000, 35.0000,  127, 64, 0
L -860.0000, -842.0000, 35.0000,  -866.0000, -816.0000, 35.0000,  127, 64, 0
L -853.0000, -840.0000, 35.0000,  -848.0000, -842.0000, 35.0000,  127, 64, 0
L -848.0000, -842.0000, 35.0000,  -844.0000, -846.0000, 35.0000,  127, 64, 0
L -891.0000, -856.0000, 35.0000,  -866.0000, -851.0000, 35.0000,  127, 64, 0
L -866.0000, -816.0000, 35.0000,  -859.0000, -815.0000, 35.0000,  127, 64, 0
L -889.0000, -863.0000, 35.0000,  -891.0000, -856.0000, 35.0000,  127, 64, 0
L -924.0000, -688.0000, 58.0000,  -924.0000, -684.0000, 58.0000,  127, 64, 0
L -925.0000, -678.0000, 58.0000,  -920.0000, -675.0000, 58.0000,  127, 64, 0
L -924.0000, -684.0000, 58.0000,  -922.0000, -681.0000, 58.0000,  127, 64, 0
L -899.0000, -654.0000, 58.0000,  -894.0000, -658.0000, 58.0000,  127, 64, 0
L -906.0000, -690.0000, 58.0000,  -885.0000, -705.0000, 58.0000,  127, 64, 0
L -885.0000, -705.0000, 58.0000,  -889.0000, -710.0000, 58.0000,  127, 64, 0
L -922.0000, -681.0000, 58.0000,  -919.0000, -680.0000, 58.0000,  127, 64, 0
L -923.0000, -691.0000, 58.0000,  -924.0000, -688.0000, 58.0000,  127, 64, 0
L -929.0000, -689.0000, 58.0000,  -928.0000, -683.0000, 58.0000,  127, 64, 0
L -894.0000, -658.0000, 58.0000,  -908.0000, -679.0000, 58.0000,  127, 64, 0
L -889.0000, -710.0000, 58.0000,  -910.0000, -696.0000, 58.0000,  127, 64, 0
L -920.0000, -675.0000, 58.0000,  -914.0000, -675.0000, 58.0000,  127, 64, 0
L -946.0000, -663.0000, 58.0000,  -925.0000, -678.0000, 58.0000,  127, 64, 0
L -913.0000, -692.0000, 58.0000,  -916.0000, -693.0000, 58.0000,  127, 64, 0
L -926.0000, -694.0000, 58.0000,  -929.0000, -689.0000, 58.0000,  127, 64, 0
L -915.0000, -698.0000, 58.0000,  -921.0000, -698.0000, 58.0000,  127, 64, 0
L -921.0000, -698.0000, 58.0000,  -935.0000, -719.0000, 58.0000,  127, 64, 0
L -950.0000, -668.0000, 58.0000,  -946.0000, -663.0000, 58.0000,  127, 64, 0
L -914.0000, -675.0000, 58.0000,  -899.0000, -654.0000, 58.0000,  127, 64, 0
L -906.0000, -684.0000, 58.0000,  -906.0000, -690.0000, 58.0000,  127, 64, 0
L -920.0000, -693.0000, 58.0000,  -923.0000, -691.0000, 58.0000,  127, 64, 0
L -916.0000, -693.0000, 58.0000,  -920.0000, -693.0000, 58.0000,  127, 64, 0
L -910.0000, -696.0000, 58.0000,  -915.0000, -698.0000, 58.0000,  127, 64, 0
L -908.0000, -679.0000, 58.0000,  -906.0000, -684.0000, 58.0000,  127, 64, 0
L -935.0000, -719.0000, 58.0000,  -941.0000, -715.0000, 58.0000,  127, 64, 0
L -941.0000, -715.0000, 58.0000,  -926.0000, -694.0000, 58.0000,  127, 64, 0
L -928.0000, -683.0000, 58.0000,  -950.0000, -668.0000, 58.0000,  127, 64, 0
L -919.0000, -680.0000, 58.0000,  -915.0000, -680.0000, 58.0000,  127, 64, 0
L -915.0000, -680.0000, 58.0000,  -912.0000, -682.0000, 58.0000,  127, 64, 0
L -893.0000, -651.0000, 58.0000,  -882.0000, -711.0000, 58.0000,  127, 64, 0
L -942.0000, -722.0000, 58.0000,  -953.0000, -662.0000, 58.0000,  127, 64, 0
L -953.0000, -662.0000, 58.0000,  -893.0000, -651.0000, 58.0000,  127, 64, 0
L -910.0000, -685.0000, 58.0000,  -911.0000, -689.0000, 58.0000,  127, 64, 0
L -882.0000, -711.0000, 58.0000,  -942.0000, -722.0000, 58.0000,  127, 64, 0
L -911.0000, -689.0000, 58.0000,  -913.0000, -692.0000, 58.0000,  127, 64, 0
L -912.0000, -682.0000, 58.0000,  -910.0000, -685.0000, 58.0000,  127, 64, 0
L 909.0000, -1400.0000, 186.0000,  923.0000, -1405.0000, 5.0000,  0, 0, 0
L 843.0000, -1408.0000, 195.0000,  875.0000, -1412.0000, 2.0000,  0, 0, 0
L 830.0000, -1161.0000, 101.0000,  829.0000, -1157.0000, 83.0000,  150, 150, 150
L 756.0000, -965.0000, 10.0000,  753.0000, -964.0000, 10.0000,  150, 150, 150
L 760.0000, -967.0000, 10.0000,  756.0000, -965.0000, 10.0000,  150, 150, 150
L 768.0000, -1005.0000, 69.0000,  764.0000, -1003.0000, 69.0000,  150, 150, 150
L 765.0000, -1037.0000, 85.0000,  762.0000, -1036.0000, 84.0000,  150, 150, 150
L 738.0000, -1029.0000, 76.0000,  740.0000, -1027.0000, 73.0000,  150, 150, 150
L 746.0000, -893.0000, -3.0000,  747.0000, -897.0000, -1.0000,  150, 150, 150
L 768.0000, -814.0000, 84.0000,  771.0000, -819.0000, 86.0000,  150, 150, 150
L 768.0000, -825.0000, 57.0000,  763.0000, -825.0000, 54.0000,  150, 150, 150
L 789.0000, -831.0000, 53.0000,  795.0000, -835.0000, 50.0000,  150, 150, 150
L -1650.0000, -343.0000, -200.0000,  -1650.0000, -425.0000, -202.0000,  178, 102, 255
L -1650.0000, -425.0000, -202.0000,  -1650.0000, -673.0000, -252.0000,  178, 102, 255
L -1650.0000, -149.0000, -127.0000,  -1650.0000, -343.0000, -200.0000,  178, 102, 255
L -1724.0000, -149.0000, -127.0000,  -1724.0000, -343.0000, -200.0000,  178, 102, 255
L -1724.0000, -343.0000, -200.0000,  -1724.0000, -425.0000, -202.0000,  178, 102, 255
L -1650.0000, -149.0000, -127.0000,  -1549.0000, -149.0000, -127.0000,  178, 102, 255
L -1549.0000, -75.0000, -127.0000,  -1617.0000, -75.0000, -127.0000,  178, 102, 255
L -1724.0000, -75.0000, -127.0000,  -1724.0000, -149.0000, -127.0000,  178, 102, 255
L -1617.0000, -75.0000, -127.0000,  -1622.0000, -75.0000, -127.0000,  178, 102, 255
L -1622.0000, -75.0000, -127.0000,  -1724.0000, -75.0000, -127.0000,  178, 102, 255
L -1225.0000, -850.0000, 27.0000,  -1024.0000, -838.0000, 46.0000,  178, 102, 255
L -1376.0000, -350.0000, -92.0000,  -1374.0000, -149.0000, -127.0000,  178, 102, 255
L -1475.0000, -149.0000, -127.0000,  -1374.0000, -149.0000, -127.0000,  178, 102, 255
L -1376.0000, -425.0000, -92.0000,  -1376.0000, -350.0000, -92.0000,  178, 102, 255
L -1300.0000, -350.0000, -92.0000,  -1300.0000, -149.0000, -127.0000,  178, 102, 255
L -1300.0000, -75.0000, -127.0000,  -1300.0000, -149.0000, -127.0000,  178, 102, 255
L -1300.0000, -75.0000, -127.0000,  -1475.0000, -75.0000, -127.0000,  178, 102, 255
L -1524.0000, -499.0000, -81.0000,  -1524.0000, -575.0000, -57.0000,  178, 102, 255
L -1524.0000, -425.0000, -82.0000,  -1524.0000, -499.0000, -81.0000,  178, 102, 255
L -1524.0000, -575.0000, -57.0000,  -1524.0000, -649.0000, -57.0000,  178, 102, 255
L -1299.0000, -649.0000, -22.0000,  -1299.0000, -850.0000, 27.0000,  178, 102, 255
L -1299.0000, -924.0000, 27.0000,  -1299.0000, -850.0000, 27.0000,  178, 102, 255
L -1024.0000, -924.0000, 46.0000,  -1225.0000, -924.0000, 27.0000,  178, 102, 255
L -1299.0000, -924.0000, 27.0000,  -1225.0000, -924.0000, 27.0000,  178, 102, 255
L -1524.0000, -649.0000, -57.0000,  -1524.0000, -725.0000, -82.0000,  178, 102, 255
L -1524.0000, -799.0000, -82.0000,  -1524.0000, -725.0000, -82.0000,  178, 102, 255
L -1865.0000, -871.0000, -271.0000,  -1849.0000, -860.0000, -267.0000,  178, 102, 255
L -1724.0000, -510.0000, -223.0000,  -1724.0000, -625.0000, -252.0000,  178, 102, 255
L -1300.0000, -350.0000, -92.0000,  -1224.0000, -350.0000, -117.0000,  178, 102, 255
L -1075.0000, -350.0000, -117.0000,  -1224.0000, -350.0000, -117.0000,  178, 102, 255
L -1376.0000, -425.0000, -92.0000,  -1400.0000, -425.0000, -89.0000,  178, 102, 255
L 1065.0000, 1447.0000, 162.0000,  1118.0000, 1447.0000, 102.0000,  0, 0, 0
L 1118.0000, 1447.0000, 102.0000,  1124.0000, 1601.0000, 59.0000,  0, 0, 0
L 1219.0000, 1403.0000, 160.0000,  1174.0000, 1433.0000, 93.0000,  0, 0, 0
L 1174.0000, 1433.0000, 93.0000,  1174.0000, 1388.0000, 95.0000,  150, 150, 150
L 1117.0000, 1412.0000, 113.0000,  1127.0000, 1413.0000, 103.0000,  150, 150, 150
L 1175.0000, 1580.0000, 67.0000,  1175.0000, 1543.0000, 75.0000,  0, 0, 0
L 1123.0000, 1644.0000, 47.0000,  1123.0000, 1658.0000, 44.0000,  0, 0, 0
L -1110.0000, 210.0000, 41.0000,  -1104.0000, 210.0000, 45.0000,  127, 64, 0
L 817.0000, -1295.0000, 60.0000,  820.0000, -1292.0000, 55.0000,  150, 150, 150
L 820.0000, -1288.0000, 56.0000,  825.0000, -1289.0000, 60.0000,  150, 150, 150
L 843.0000, -1281.0000, 83.0000,  855.0000, -1270.0000, 44.0000,  150, 150, 150
L 1355.0000, 1166.0000, 76.0000,  1360.0000, 1155.0000, 150.0000,  0, 0, 0
L 1360.0000, 1155.0000, 150.0000,  1375.0000, 1122.0000, 155.0000,  0, 0, 0
L 1371.0000, 1130.0000, 76.0000,  1375.0000, 1122.0000, 155.0000,  0, 0, 0
L 1375.0000, 1122.0000, 155.0000,  1386.0000, 1098.0000, 158.0000,  0, 0, 0
L 1172.0000, 869.0000, 5.0000,  1172.0000, 833.0000, 5.0000,  0, 0, 0
L 1172.0000, 878.0000, 5.0000,  1172.0000, 914.0000, 2.0000,  0, 0, 0
L 1179.0000, 588.0000, 4.0000,  1185.0000, 584.0000, 7.0000,  150, 150, 150
L 1226.0000, 566.0000, 7.0000,  1223.0000, 561.0000, 7.0000,  150, 150, 150
L 1218.0000, 564.0000, 7.0000,  1223.0000, 561.0000, 7.0000,  150, 150, 150
L 1266.0000, 630.0000, 6.0000,  1236.0000, 582.0000, 7.0000,  0, 0, 0
L 1183.0000, 593.0000, 7.0000,  1179.0000, 588.0000, 4.0000,  150, 150, 150
L 1198.0000, 618.0000, 7.0000,  1193.0000, 609.0000, 7.0000,  0, 0, 0
L 1222.0000, 657.0000, 8.0000,  1203.0000, 626.0000, 7.0000,  0, 0, 0
L 1104.0000, 613.0000, 7.0000,  1104.0000, 619.0000, 6.0000,  150, 150, 150
L 1103.0000, 593.0000, 7.0000,  1103.0000, 537.0000, 4.0000,  0, 0, 0
L 1155.0000, 619.0000, 7.0000,  1155.0000, 613.0000, 7.0000,  150, 150, 150
L 1149.0000, 619.0000, 7.0000,  1155.0000, 619.0000, 7.0000,  150, 150, 150
L 1104.0000, 619.0000, 6.0000,  1110.0000, 619.0000, 7.0000,  150, 150, 150
L 1156.0000, 583.0000, 7.0000,  1155.0000, 593.0000, 7.0000,  0, 0, 0
L 1156.0000, 573.0000, 7.0000,  1156.0000, 536.0000, 1.0000,  0, 0, 0
L 1187.0000, 520.0000, 1.0000,  1223.0000, 520.0000, 0.0000,  0, 0, 0
L 1142.0000, 520.0000, 1.0000,  1178.0000, 520.0000, 1.0000,  0, 0, 0
L 768.0000, 983.0000, -12.0000,  585.0000, 983.0000, -14.0000,  205, 133, 63
L 585.0000, 983.0000, -14.0000,  583.0000, 1055.0000, -11.0000,  205, 133, 63
L 583.0000, 1055.0000, -11.0000,  767.0000, 1055.0000, -11.0000,  205, 133, 63
L 583.0000, 1055.0000, -11.0000,  582.0000, 1068.0000, -11.0000,  205, 133, 63
L 585.0000, 967.0000, -14.0000,  585.0000, 983.0000, -14.0000,  205, 133, 63
L 767.0000, 1055.0000, -11.0000,  767.0000, 1068.0000, -11.0000,  205, 133, 63
L 768.0000, 983.0000, -12.0000,  767.0000, 1055.0000, -11.0000,  205, 133, 63
L 769.0000, 967.0000, -12.0000,  768.0000, 983.0000, -12.0000,  205, 133, 63
L -1821.0000, -875.0000, -261.0000,  -1810.0000, -874.0000, -258.0000,  178, 102, 255
L -1225.0000, -850.0000, 27.0000,  -1225.0000, -651.0000, -22.0000,  178, 102, 255
L 346.0000, -1247.0000, 7.0000,  356.0000, -1274.0000, 90.0000,  0, 0, 255
L 347.0000, -1217.0000, 6.0000,  346.0000, -1247.0000, 7.0000,  0, 0, 255
L 351.0000, -1190.0000, 5.0000,  347.0000, -1217.0000, 6.0000,  0, 0, 255
L 354.0000, -1159.0000, 4.0000,  351.0000, -1190.0000, 5.0000,  0, 0, 255
L 348.0000, -1121.0000, 3.0000,  354.0000, -1159.0000, 4.0000,  0, 0, 255
L 357.0000, -1099.0000, 3.0000,  348.0000, -1121.0000, 3.0000,  0, 0, 255
L 345.0000, -1069.0000, 3.0000,  357.0000, -1099.0000, 3.0000,  0, 0, 255
L 316.0000, -1046.0000, 3.0000,  345.0000, -1069.0000, 3.0000,  0, 0, 255
L 290.0000, -1031.0000, 3.0000,  316.0000, -1046.0000, 3.0000,  0, 0, 255
L 260.0000, -993.0000, 3.0000,  290.0000, -1031.0000, 3.0000,  0, 0, 255
L 247.0000, -970.0000, 3.0000,  260.0000, -993.0000, 3.0000,  0, 0, 255
L 223.0000, -949.0000, 2.0000,  247.0000, -970.0000, 3.0000,  0, 0, 255
L 199.0000, -936.0000, 2.0000,  223.0000, -949.0000, 2.0000,  0, 0, 255
L 177.0000, -918.0000, 2.0000,  199.0000, -936.0000, 2.0000,  0, 0, 255
L 147.0000, -867.0000, 2.0000,  177.0000, -918.0000, 2.0000,  0, 0, 255
L 129.0000, -854.0000, 1.0000,  147.0000, -867.0000, 2.0000,  0, 0, 255
L 105.0000, -840.0000, 1.0000,  129.0000, -854.0000, 1.0000,  0, 0, 255
L 76.0000, -819.0000, 1.0000,  105.0000, -840.0000, 1.0000,  0, 0, 255
L 56.0000, -786.0000, 1.0000,  76.0000, -819.0000, 1.0000,  0, 0, 255
L 53.0000, -766.0000, 1.0000,  56.0000, -786.0000, 1.0000,  0, 0, 255
L 47.0000, -747.0000, 1.0000,  53.0000, -766.0000, 1.0000,  0, 0, 255
L 48.0000, -724.0000, 0.0000,  47.0000, -747.0000, 1.0000,  0, 0, 255
L 56.0000, -691.0000, 1.0000,  48.0000, -724.0000, 0.0000,  0, 0, 255
L 50.0000, -666.0000, 0.0000,  56.0000, -691.0000, 1.0000,  0, 0, 255
L 45.0000, -647.0000, 0.0000,  50.0000, -666.0000, 0.0000,  0, 0, 255
L 46.0000, -624.0000, 0.0000,  45.0000, -647.0000, 0.0000,  0, 0, 255
L 51.0000, -594.0000, 0.0000,  46.0000, -624.0000, 0.0000,  0, 0, 255
L 52.0000, -565.0000, 0.0000,  51.0000, -594.0000, 0.0000,  0, 0, 255
L 45.0000, -546.0000, 0.0000,  52.0000, -565.0000, 0.0000,  0, 0, 255
L 47.0000, -531.0000, 0.0000,  45.0000, -546.0000, 0.0000,  0, 0, 255
L 55.0000, -496.0000, 0.0000,  47.0000, -531.0000, 0.0000,  0, 0, 255
L 49.0000, -464.0000, 0.0000,  55.0000, -496.0000, 0.0000,  0, 0, 255
L 45.0000, -426.0000, -1.0000,  49.0000, -464.0000, 0.0000,  0, 0, 255
L 51.0000, -393.0000, -1.0000,  45.0000, -426.0000, -1.0000,  0, 0, 255
L 52.0000, -363.0000, -1.0000,  51.0000, -393.0000, -1.0000,  0, 0, 255
L 46.0000, -328.0000, -2.0000,  52.0000, -363.0000, -1.0000,  0, 0, 255
L 57.0000, -292.0000, -2.0000,  46.0000, -328.0000, -2.0000,  0, 0, 255
L 47.0000, -247.0000, -2.0000,  57.0000, -292.0000, -2.0000,  0, 0, 255
L 46.0000, -224.0000, -2.0000,  47.0000, -247.0000, -2.0000,  0, 0, 255
L 52.0000, -198.0000, -2.0000,  46.0000, -224.0000, -2.0000,  0, 0, 255
L 53.0000, -159.0000, -2.0000,  52.0000, -198.0000, -2.0000,  0, 0, 255
L 47.0000, -138.0000, -3.0000,  53.0000, -159.0000, -2.0000,  0, 0, 255
L 57.0000, -106.0000, -3.0000,  47.0000, -138.0000, -3.0000,  0, 0, 255
L 54.0000, -76.0000, -4.0000,  57.0000, -106.0000, -3.0000,  0, 0, 255
L 68.0000, -43.0000, -4.0000,  54.0000, -76.0000, -4.0000,  0, 0, 255
L 109.0000, -8.0000, -4.0000,  68.0000, -43.0000, -4.0000,  0, 0, 255
L 134.0000, 6.0000, -4.0000,  109.0000, -8.0000, -4.0000,  0, 0, 255
L 149.0000, 27.0000, -4.0000,  134.0000, 6.0000, -4.0000,  0, 0, 255
L 169.0000, 61.0000, -5.0000,  149.0000, 27.0000, -4.0000,  0, 0, 255
L 203.0000, 86.0000, -5.0000,  169.0000, 61.0000, -5.0000,  0, 0, 255
L 231.0000, 105.0000, -5.0000,  203.0000, 86.0000, -5.0000,  0, 0, 255
L 250.0000, 126.0000, -5.0000,  231.0000, 105.0000, -5.0000,  0, 0, 255
L 252.0000, 135.0000, -6.0000,  250.0000, 126.0000, -5.0000,  0, 0, 255
L 246.0000, 170.0000, -7.0000,  252.0000, 135.0000, -6.0000,  0, 0, 255
L 254.0000, 191.0000, -8.0000,  246.0000, 170.0000, -7.0000,  0, 0, 255
L 254.0000, 223.0000, -10.0000,  254.0000, 191.0000, -8.0000,  0, 0, 255
L 267.0000, 257.0000, -10.0000,  254.0000, 223.0000, -10.0000,  0, 0, 255
L 301.0000, 285.0000, -10.0000,  267.0000, 257.0000, -10.0000,  0, 0, 255
L 337.0000, 308.0000, -10.0000,  301.0000, 285.0000, -10.0000,  0, 0, 255
L 348.0000, 325.0000, -9.0000,  337.0000, 308.0000, -10.0000,  0, 0, 255
L 369.0000, 360.0000, -10.0000,  348.0000, 325.0000, -9.0000,  0, 0, 255
L 409.0000, 389.0000, -11.0000,  369.0000, 360.0000, -10.0000,  0, 0, 255
L 434.0000, 405.0000, -11.0000,  409.0000, 389.0000, -11.0000,  0, 0, 255
L 450.0000, 428.0000, -11.0000,  434.0000, 405.0000, -11.0000,  0, 0, 255
L 447.0000, 448.0000, -11.0000,  450.0000, 428.0000, -11.0000,  0, 0, 255
L 445.0000, 478.0000, -11.0000,  447.0000, 448.0000, -11.0000,  0, 0, 255
L 454.0000, 520.0000, -11.0000,  445.0000, 478.0000, -11.0000,  0, 0, 255
L 467.0000, 556.0000, -11.0000,  454.0000, 520.0000, -11.0000,  0, 0, 255
L 485.0000, 573.0000, -11.0000,  467.0000, 556.0000, -11.0000,  0, 0, 255
L 524.0000, 597.0000, -11.0000,  485.0000, 573.0000, -11.0000,  0, 0, 255
L 552.0000, 628.0000, -11.0000,  524.0000, 597.0000, -11.0000,  0, 0, 255
L 547.0000, 658.0000, -11.0000,  552.0000, 628.0000, -11.0000,  0, 0, 255
L 552.0000, 741.0000, -11.0000,  547.0000, 658.0000, -11.0000,  0, 0, 255
L 547.0000, 774.0000, -11.0000,  552.0000, 741.0000, -11.0000,  0, 0, 255
L 555.0000, 804.0000, -11.0000,  547.0000, 774.0000, -11.0000,  0, 0, 255
L 556.0000, 828.0000, -11.0000,  555.0000, 804.0000, -11.0000,  0, 0, 255
L 569.0000, 861.0000, -11.0000,  556.0000, 828.0000, -11.0000,  0, 0, 255
L 595.0000, 883.0000, -11.0000,  569.0000, 861.0000, -11.0000,  0, 0, 255
L 637.0000, 910.0000, -11.0000,  595.0000, 883.0000, -11.0000,  0, 0, 255
L 649.0000, 933.0000, -11.0000,  637.0000, 910.0000, -11.0000,  0, 0, 255
L 645.0000, 957.0000, -11.0000,  649.0000, 933.0000, -11.0000,  0, 0, 255
L 650.0000, 1003.0000, -11.0000,  645.0000, 957.0000, -11.0000,  0, 0, 255
L 655.0000, 1036.0000, -11.0000,  650.0000, 1003.0000, -11.0000,  0, 0, 255
L 645.0000, 1061.0000, -11.0000,  655.0000, 1036.0000, -11.0000,  0, 0, 255
L 656.0000, 1098.0000, -11.0000,  645.0000, 1061.0000, -11.0000,  0, 0, 255
L 654.0000, 1128.0000, -11.0000,  656.0000, 1098.0000, -11.0000,  0, 0, 255
L 668.0000, 1161.0000, -11.0000,  654.0000, 1128.0000, -11.0000,  0, 0, 255
L 705.0000, 1189.0000, -11.0000,  668.0000, 1161.0000, -11.0000,  0, 0, 255
L 736.0000, 1210.0000, -11.0000,  705.0000, 1189.0000, -11.0000,  0, 0, 255
L 751.0000, 1239.0000, -11.0000,  736.0000, 1210.0000, -11.0000,  0, 0, 255
L 745.0000, 1264.0000, -11.0000,  751.0000, 1239.0000, -11.0000,  0, 0, 255
L 754.0000, 1289.0000, -11.0000,  745.0000, 1264.0000, -11.0000,  0, 0, 255
L 757.0000, 1307.0000, -11.0000,  754.0000, 1289.0000, -11.0000,  0, 0, 255
L 749.0000, 1337.0000, -11.0000,  757.0000, 1307.0000, -11.0000,  0, 0, 255
L 749.0000, 1380.0000, -13.0000,  749.0000, 1337.0000, -11.0000,  0, 0, 255
L 752.0000, 1444.0000, -13.0000,  749.0000, 1380.0000, -13.0000,  0, 0, 255
L 797.0000, 1417.0000, -13.0000,  800.0000, 1447.0000, -14.0000,  0, 0, 255
L 793.0000, 1395.0000, -13.0000,  797.0000, 1417.0000, -13.0000,  0, 0, 255
L 791.0000, 1378.0000, -12.0000,  793.0000, 1395.0000, -13.0000,  0, 0, 255
L 790.0000, 1356.0000, -12.0000,  791.0000, 1378.0000, -12.0000,  0, 0, 255
L 793.0000, 1341.0000, -12.0000,  790.0000, 1356.0000, -12.0000,  0, 0, 255
L 801.0000, 1307.0000, -11.0000,  793.0000, 1341.0000, -12.0000,  0, 0, 255
L 796.0000, 1281.0000, -11.0000,  801.0000, 1307.0000, -11.0000,  0, 0, 255
L 790.0000, 1257.0000, -11.0000,  796.0000, 1281.0000, -11.0000,  0, 0, 255
L 797.0000, 1239.0000, -11.0000,  790.0000, 1257.0000, -11.0000,  0, 0, 255
L 784.0000, 1200.0000, -11.0000,  797.0000, 1239.0000, -11.0000,  0, 0, 255
L 769.0000, 1177.0000, -11.0000,  784.0000, 1200.0000, -11.0000,  0, 0, 255
L 741.0000, 1154.0000, -11.0000,  769.0000, 1177.0000, -11.0000,  0, 0, 255
L 724.0000, 1150.0000, -11.0000,  741.0000, 1154.0000, -11.0000,  0, 0, 255
L 701.0000, 1126.0000, -11.0000,  724.0000, 1150.0000, -11.0000,  0, 0, 255
L 700.0000, 1089.0000, -11.0000,  701.0000, 1126.0000, -11.0000,  0, 0, 255
L 694.0000, 1055.0000, -11.0000,  700.0000, 1089.0000, -11.0000,  0, 0, 255
L 697.0000, 1040.0000, -11.0000,  694.0000, 1055.0000, -11.0000,  0, 0, 255
L 695.0000, 1001.0000, -11.0000,  697.0000, 1040.0000, -11.0000,  0, 0, 255
L 690.0000, 974.0000, -11.0000,  695.0000, 1001.0000, -11.0000,  0, 0, 255
L 694.0000, 941.0000, -11.0000,  690.0000, 974.0000, -11.0000,  0, 0, 255
L 692.0000, 913.0000, -11.0000,  694.0000, 941.0000, -11.0000,  0, 0, 255
L 670.0000, 881.0000, -11.0000,  692.0000, 913.0000, -11.0000,  0, 0, 255
L 654.0000, 863.0000, -11.0000,  670.0000, 881.0000, -11.0000,  0, 0, 255
L 630.0000, 851.0000, -11.0000,  654.0000, 863.0000, -11.0000,  0, 0, 255
L 616.0000, 843.0000, -11.0000,  630.0000, 851.0000, -11.0000,  0, 0, 255
L 600.0000, 819.0000, -11.0000,  616.0000, 843.0000, -11.0000,  0, 0, 255
L 604.0000, 795.0000, -11.0000,  600.0000, 819.0000, -11.0000,  0, 0, 255
L 591.0000, 778.0000, -11.0000,  604.0000, 795.0000, -11.0000,  0, 0, 255
L 590.0000, 757.0000, -11.0000,  591.0000, 778.0000, -11.0000,  0, 0, 255
L 597.0000, 736.0000, -11.0000,  590.0000, 757.0000, -11.0000,  0, 0, 255
L 593.0000, 693.0000, -11.0000,  597.0000, 736.0000, -11.0000,  0, 0, 255
L 591.0000, 658.0000, -11.0000,  593.0000, 693.0000, -11.0000,  0, 0, 255
L 595.0000, 631.0000, -11.0000,  591.0000, 658.0000, -11.0000,  0, 0, 255
L 591.0000, 611.0000, -11.0000,  595.0000, 631.0000, -11.0000,  0, 0, 255
L 572.0000, 583.0000, -11.0000,  591.0000, 611.0000, -11.0000,  0, 0, 255
L 547.0000, 556.0000, -11.0000,  572.0000, 583.0000, -11.0000,  0, 0, 255
L 525.0000, 551.0000, -11.0000,  547.0000, 556.0000, -11.0000,  0, 0, 255
L 499.0000, 526.0000, -11.0000,  525.0000, 551.0000, -11.0000,  0, 0, 255
L 497.0000, 505.0000, -11.0000,  499.0000, 526.0000, -11.0000,  0, 0, 255
L 494.0000, 445.0000, -11.0000,  497.0000, 505.0000, -11.0000,  0, 0, 255
L 491.0000, 410.0000, -11.0000,  494.0000, 445.0000, -11.0000,  0, 0, 255
L 473.0000, 385.0000, -10.0000,  491.0000, 410.0000, -11.0000,  0, 0, 255
L 444.0000, 355.0000, -10.0000,  473.0000, 385.0000, -10.0000,  0, 0, 255
L 424.0000, 350.0000, -10.0000,  444.0000, 355.0000, -10.0000,  0, 0, 255
L 407.0000, 333.0000, -10.0000,  424.0000, 350.0000, -10.0000,  0, 0, 255
L 371.0000, 282.0000, -10.0000,  407.0000, 333.0000, -10.0000,  0, 0, 255
L 353.0000, 259.0000, -10.0000,  371.0000, 282.0000, -10.0000,  0, 0, 255
L 334.0000, 250.0000, -10.0000,  353.0000, 259.0000, -10.0000,  0, 0, 255
L 306.0000, 220.0000, -9.0000,  334.0000, 250.0000, -10.0000,  0, 0, 255
L 302.0000, 192.0000, -8.0000,  306.0000, 220.0000, -9.0000,  0, 0, 255
L 295.0000, 173.0000, -7.0000,  302.0000, 192.0000, -8.0000,  0, 0, 255
L 294.0000, 156.0000, -6.0000,  295.0000, 173.0000, -7.0000,  0, 0, 255
L 296.0000, 130.0000, -6.0000,  294.0000, 156.0000, -6.0000,  0, 0, 255
L 286.0000, 101.0000, -5.0000,  296.0000, 130.0000, -6.0000,  0, 0, 255
L 264.0000, 70.0000, -5.0000,  286.0000, 101.0000, -5.0000,  0, 0, 255
L 244.0000, 52.0000, -4.0000,  264.0000, 70.0000, -5.0000,  0, 0, 255
L 221.0000, 48.0000, -4.0000,  244.0000, 52.0000, -4.0000,  0, 0, 255
L 203.0000, 29.0000, -4.0000,  221.0000, 48.0000, -4.0000,  0, 0, 255
L 186.0000, 4.0000, -4.0000,  203.0000, 29.0000, -4.0000,  0, 0, 255
L 170.0000, -17.0000, -4.0000,  186.0000, 4.0000, -4.0000,  0, 0, 255
L 142.0000, -45.0000, -4.0000,  170.0000, -17.0000, -4.0000,  0, 0, 255
L 123.0000, -48.0000, -4.0000,  142.0000, -45.0000, -4.0000,  0, 0, 255
L 104.0000, -68.0000, -4.0000,  123.0000, -48.0000, -4.0000,  0, 0, 255
L 103.0000, -106.0000, -3.0000,  104.0000, -68.0000, -4.0000,  0, 0, 255
L 93.0000, -138.0000, -3.0000,  103.0000, -106.0000, -3.0000,  0, 0, 255
L 98.0000, -163.0000, -2.0000,  93.0000, -138.0000, -3.0000,  0, 0, 255
L 95.0000, -246.0000, -2.0000,  98.0000, -163.0000, -2.0000,  0, 0, 255
L 101.0000, -279.0000, -2.0000,  95.0000, -246.0000, -2.0000,  0, 0, 255
L 105.0000, -306.0000, -2.0000,  101.0000, -279.0000, -2.0000,  0, 0, 255
L 94.0000, -321.0000, -2.0000,  105.0000, -306.0000, -2.0000,  0, 0, 255
L 92.0000, -337.0000, -2.0000,  94.0000, -321.0000, -2.0000,  0, 0, 255
L 99.0000, -366.0000, -1.0000,  92.0000, -337.0000, -2.0000,  0, 0, 255
L 89.0000, -422.0000, -1.0000,  99.0000, -366.0000, -1.0000,  0, 0, 255
L 90.0000, -444.0000, -1.0000,  89.0000, -422.0000, -1.0000,  0, 0, 255
L 94.0000, -463.0000, -1.0000,  90.0000, -444.0000, -1.0000,  0, 0, 255
L 103.0000, -503.0000, 0.0000,  94.0000, -463.0000, -1.0000,  0, 0, 255
L 90.0000, -528.0000, 0.0000,  103.0000, -503.0000, 0.0000,  0, 0, 255
L 91.0000, -539.0000, 0.0000,  90.0000, -528.0000, 0.0000,  0, 0, 255
L 98.0000, -566.0000, 0.0000,  91.0000, -539.0000, 0.0000,  0, 0, 255
L 93.0000, -613.0000, 0.0000,  98.0000, -566.0000, 0.0000,  0, 0, 255
L 92.0000, -642.0000, 0.0000,  93.0000, -613.0000, 0.0000,  0, 0, 255
L 97.0000, -668.0000, 0.0000,  92.0000, -642.0000, 0.0000,  0, 0, 255
L 102.0000, -700.0000, 0.0000,  97.0000, -668.0000, 0.0000,  0, 0, 255
L 98.0000, -709.0000, 1.0000,  102.0000, -700.0000, 0.0000,  0, 0, 255
L 92.0000, -739.0000, 1.0000,  98.0000, -709.0000, 1.0000,  0, 0, 255
L 95.0000, -768.0000, 0.0000,  92.0000, -739.0000, 1.0000,  0, 0, 255
L 123.0000, -799.0000, 1.0000,  95.0000, -768.0000, 0.0000,  0, 0, 255
L 164.0000, -825.0000, 1.0000,  123.0000, -799.0000, 1.0000,  0, 0, 255
L 192.0000, -849.0000, 1.0000,  164.0000, -825.0000, 1.0000,  0, 0, 255
L 205.0000, -878.0000, 2.0000,  192.0000, -849.0000, 1.0000,  0, 0, 255
L 233.0000, -902.0000, 2.0000,  205.0000, -878.0000, 2.0000,  0, 0, 255
L 291.0000, -945.0000, 3.0000,  233.0000, -902.0000, 2.0000,  0, 0, 255
L 302.0000, -969.0000, 3.0000,  291.0000, -945.0000, 3.0000,  0, 0, 255
L 313.0000, -986.0000, 3.0000,  302.0000, -969.0000, 3.0000,  0, 0, 255
L 359.0000, -1018.0000, 3.0000,  313.0000, -986.0000, 3.0000,  0, 0, 255
L 382.0000, -1032.0000, 3.0000,  359.0000, -1018.0000, 3.0000,  0, 0, 255
L 402.0000, -1104.0000, 3.0000,  382.0000, -1032.0000, 3.0000,  0, 0, 255
L 396.0000, -1134.0000, 4.0000,  402.0000, -1104.0000, 3.0000,  0, 0, 255
L 396.0000, -1167.0000, 4.0000,  396.0000, -1134.0000, 4.0000,  0, 0, 255
L 390.0000, -1235.0000, 7.0000,  396.0000, -1167.0000, 4.0000,  0, 0, 255
L 397.0000, -1275.0000, 84.0000,  390.0000, -1235.0000, 7.0000,  0, 0, 255
L -672.0000, -873.0000, 2.0000,  -687.0000, -914.0000, 12.0000,  205, 133, 63
L -656.0000, -853.0000, 1.0000,  -672.0000, -873.0000, 2.0000,  205, 133, 63
L -629.0000, -830.0000, 1.0000,  -656.0000, -853.0000, 1.0000,  205, 133, 63
L 821.0000, -1291.0000, 55.0000,  825.0000, -1289.0000, 60.0000,  150, 150, 150
L 820.0000, -1292.0000, 55.0000,  821.0000, -1291.0000, 55.0000,  150, 150, 150
L 817.0000, -1302.0000, 68.0000,  817.0000, -1301.0000, 68.0000,  150, 150, 150
L 829.0000, -1317.0000, 77.0000,  828.0000, -1320.0000, 80.0000,  150, 150, 150
L 821.0000, -1311.0000, 71.0000,  829.0000, -1317.0000, 77.0000,  150, 150, 150
L 820.0000, -1310.0000, 69.0000,  821.0000, -1311.0000, 71.0000,  150, 150, 150
L 817.0000, -1302.0000, 68.0000,  820.0000, -1310.0000, 69.0000,  150, 150, 150
L 815.0000, -1308.0000, 66.0000,  817.0000, -1302.0000, 68.0000,  150, 150, 150
L 813.0000, -1308.0000, 65.0000,  815.0000, -1308.0000, 66.0000,  150, 150, 150
L 810.0000, -1307.0000, 64.0000,  813.0000, -1308.0000, 65.0000,  150, 150, 150
L 808.0000, -1304.0000, 60.0000,  810.0000, -1307.0000, 64.0000,  150, 150, 150
L 809.0000, -1301.0000, 58.0000,  808.0000, -1304.0000, 60.0000,  150, 150, 150
L 810.0000, -1299.0000, 57.0000,  809.0000, -1301.0000, 58.0000,  150, 150, 150
L 811.0000, -1298.0000, 56.0000,  810.0000, -1299.0000, 57.0000,  150, 150, 150
L 817.0000, -1295.0000, 60.0000,  811.0000, -1298.0000, 56.0000,  150, 150, 150
L 857.0000, -1286.0000, 55.0000,  852.0000, -1283.0000, 52.0000,  150, 150, 150
L 858.0000, -1287.0000, 55.0000,  857.0000, -1286.0000, 55.0000,  150, 150, 150
L 860.0000, -1295.0000, 60.0000,  858.0000, -1287.0000, 55.0000,  150, 150, 150
L 861.0000, -1298.0000, 61.0000,  860.0000, -1295.0000, 60.0000,  150, 150, 150
L 862.0000, -1301.0000, 62.0000,  861.0000, -1298.0000, 61.0000,  150, 150, 150
L 858.0000, -1311.0000, 69.0000,  862.0000, -1301.0000, 62.0000,  150, 150, 150
L 854.0000, -1311.0000, 81.0000,  858.0000, -1311.0000, 69.0000,  150, 150, 150
L 847.0000, -1330.0000, 93.0000,  861.0000, -1337.0000, 84.0000,  150, 150, 150
L 845.0000, -1328.0000, 90.0000,  847.0000, -1330.0000, 93.0000,  150, 150, 150
L 842.0000, -1327.0000, 90.0000,  845.0000, -1328.0000, 90.0000,  150, 150, 150
L 837.0000, -1327.0000, 88.0000,  842.0000, -1327.0000, 90.0000,  150, 150, 150
L 834.0000, -1326.0000, 87.0000,  837.0000, -1327.0000, 88.0000,  150, 150, 150
L 829.0000, -1324.0000, 84.0000,  834.0000, -1326.0000, 87.0000,  150, 150, 150
L 828.0000, -1322.0000, 82.0000,  829.0000, -1324.0000, 84.0000,  150, 150, 150
L 828.0000, -1320.0000, 80.0000,  828.0000, -1322.0000, 82.0000,  150, 150, 150
L 829.0000, -1318.0000, 84.0000,  828.0000, -1320.0000, 80.0000,  150, 150, 150
L 835.0000, -1318.0000, 89.0000,  829.0000, -1318.0000, 84.0000,  150, 150, 150
L 839.0000, -1315.0000, 91.0000,  835.0000, -1318.0000, 89.0000,  150, 150, 150
L 849.0000, -1310.0000, 87.0000,  839.0000, -1315.0000, 91.0000,  150, 150, 150
L 854.0000, -1311.0000, 81.0000,  849.0000, -1310.0000, 87.0000,  150, 150, 150
L 857.0000, -1313.0000, 78.0000,  854.0000, -1311.0000, 81.0000,  150, 150, 150
L 862.0000, -1315.0000, 74.0000,  857.0000, -1313.0000, 78.0000,  150, 150, 150
L 863.0000, -1316.0000, 73.0000,  862.0000, -1315.0000, 74.0000,  150, 150, 150
L 866.0000, -1321.0000, 67.0000,  863.0000, -1316.0000, 73.0000,  150, 150, 150
L 868.0000, -1324.0000, 62.0000,  866.0000, -1321.0000, 67.0000,  150, 150, 150
L 868.0000, -1330.0000, 60.0000,  868.0000, -1324.0000, 62.0000,  150, 150, 150
L 868.0000, -1333.0000, 59.0000,  868.0000, -1330.0000, 60.0000,  150, 150, 150
L 868.0000, -1336.0000, 59.0000,  868.0000, -1333.0000, 59.0000,  150, 150, 150
L 861.0000, -1337.0000, 84.0000,  868.0000, -1336.0000, 59.0000,  150, 150, 150
L 668.0000, -1605.0000, 67.0000,  715.0000, -1594.0000, 64.0000,  199, 21, 133
L 1355.0000, 1166.0000, 148.0000,  1360.0000, 1155.0000, 150.0000,  0, 0, 0
L 1386.0000, 1098.0000, 158.0000,  1399.0000, 1025.0000, 152.0000,  0, 0, 0
L 1399.0000, 1025.0000, 152.0000,  1409.0000, 953.0000, 135.0000,  0, 0, 0
L 1409.0000, 953.0000, 135.0000,  1413.0000, 927.0000, 140.0000,  0, 0, 0
L 1413.0000, 927.0000, 140.0000,  1414.0000, 859.0000, 121.0000,  0, 0, 0
L 1414.0000, 859.0000, 121.0000,  1398.0000, 801.0000, 136.0000,  0, 0, 0
L 1398.0000, 801.0000, 136.0000,  1372.0000, 654.0000, 73.0000,  0, 0, 0
L 1372.0000, 654.0000, 73.0000,  1400.0000, 570.0000, 113.0000,  0, 0, 0
L 1400.0000, 570.0000, 113.0000,  1395.0000, 504.0000, 105.0000,  0, 0, 0
L 1395.0000, 504.0000, 105.0000,  1392.0000, 474.0000, 121.0000,  0, 0, 0
L 1392.0000, 474.0000, 121.0000,  1387.0000, 413.0000, 122.0000,  0, 0, 0
L 1387.0000, 413.0000, 122.0000,  1356.0000, 371.0000, 104.0000,  0, 0, 0
L 1356.0000, 371.0000, 104.0000,  1280.0000, 327.0000, 98.0000,  0, 0, 0
L 1280.0000, 327.0000, 98.0000,  1236.0000, 318.0000, 76.0000,  0, 0, 0
L 1328.0000, 293.0000, 159.0000,  1406.0000, 176.0000, 133.0000,  0, 0, 0
L 1406.0000, 176.0000, 133.0000,  1420.0000, 156.0000, 137.0000,  0, 0, 0
L 1420.0000, 156.0000, 137.0000,  1431.0000, 103.0000, 160.0000,  0, 0, 0
L 1431.0000, 103.0000, 160.0000,  1433.0000, 43.0000, 161.0000,  0, 0, 0
L 1433.0000, 43.0000, 161.0000,  1418.0000, -43.0000, 140.0000,  0, 0, 0
L 1418.0000, -43.0000, 140.0000,  1372.0000, -182.0000, 116.0000,  0, 0, 0
L 1372.0000, -182.0000, 116.0000,  1338.0000, -284.0000, 146.0000,  0, 0, 0
L 1338.0000, -284.0000, 146.0000,  1357.0000, -450.0000, 78.0000,  0, 0, 0
L 1357.0000, -450.0000, 78.0000,  1373.0000, -561.0000, 101.0000,  0, 0, 0
L 1373.0000, -561.0000, 101.0000,  1393.0000, -663.0000, 145.0000,  0, 0, 0
L 1393.0000, -663.0000, 145.0000,  1386.0000, -711.0000, 179.0000,  0, 0, 0
L 1386.0000, -711.0000, 179.0000,  1351.0000, -761.0000, 193.0000,  0, 0, 0
L 1351.0000, -761.0000, 193.0000,  1271.0000, -913.0000, 234.0000,  0, 0, 0
L 1271.0000, -913.0000, 234.0000,  1349.0000, -1009.0000, 174.0000,  0, 0, 0
L 1349.0000, -1009.0000, 174.0000,  1353.0000, -1022.0000, 183.0000,  0, 0, 0
L 1353.0000, -1022.0000, 183.0000,  1356.0000, -1088.0000, 204.0000,  0, 0, 0
L 1356.0000, -1088.0000, 204.0000,  1359.0000, -1209.0000, 167.0000,  0, 0, 0
L 1359.0000, -1209.0000, 167.0000,  1322.0000, -1278.0000, 193.0000,  0, 0, 0
L 1322.0000, -1278.0000, 193.0000,  1269.0000, -1319.0000, 186.0000,  0, 0, 0
L 1269.0000, -1319.0000, 186.0000,  1193.0000, -1365.0000, 173.0000,  0, 0, 0
L 1193.0000, -1365.0000, 173.0000,  1121.0000, -1397.0000, 162.0000,  0, 0, 0
L 1121.0000, -1397.0000, 162.0000,  1042.0000, -1385.0000, 171.0000,  0, 0, 0
L 1042.0000, -1385.0000, 171.0000,  909.0000, -1400.0000, 186.0000,  0, 0, 0
L 843.0000, -1408.0000, 195.0000,  715.0000, -1404.0000, 133.0000,  0, 0, 0
L 715.0000, -1404.0000, 133.0000,  604.0000, -1400.0000, 141.0000,  0, 0, 0
L 604.0000, -1400.0000, 141.0000,  549.0000, -1396.0000, 151.0000,  0, 0, 0
L 549.0000, -1396.0000, 151.0000,  534.0000, -1394.0000, 163.0000,  0, 0, 0
L 534.0000, -1394.0000, 163.0000,  466.0000, -1370.0000, 172.0000,  0, 0, 0
L 466.0000, -1370.0000, 172.0000,  356.0000, -1338.0000, 185.0000,  0, 0, 0
L 356.0000, -1338.0000, 185.0000,  64.0000, -1290.0000, 91.0000,  0, 0, 0
L 64.0000, -1290.0000, 91.0000,  -65.0000, -1262.0000, 78.0000,  0, 0, 0
L -65.0000, -1262.0000, 78.0000,  -400.0000, -1326.0000, 128.0000,  0, 0, 0
L -400.0000, -1326.0000, 128.0000,  -420.0000, -1324.0000, 146.0000,  0, 0, 0
L -420.0000, -1324.0000, 146.0000,  -432.0000, -1324.0000, 159.0000,  0, 0, 0
L -432.0000, -1324.0000, 159.0000,  -622.0000, -1324.0000, 170.0000,  0, 0, 0
L -622.0000, -1324.0000, 170.0000,  -687.0000, -1377.0000, 236.0000,  0, 0, 0
L -687.0000, -1377.0000, 236.0000,  -781.0000, -1369.0000, 236.0000,  0, 0, 0
L -781.0000, -1369.0000, 236.0000,  -983.0000, -1242.0000, 241.0000,  0, 0, 0
L -983.0000, -1242.0000, 241.0000,  -1074.0000, -1163.0000, 206.0000,  0, 0, 0
L -1074.0000, -1163.0000, 206.0000,  -1113.0000, -1112.0000, 203.0000,  0, 0, 0
L -1113.0000, -1112.0000, 203.0000,  -1133.0000, -1083.0000, 215.0000,  0, 0, 0
L -1133.0000, -1083.0000, 215.0000,  -1192.0000, -999.0000, 219.0000,  0, 0, 0
L -1192.0000, -999.0000, 219.0000,  -1227.0000, -951.0000, 219.0000,  0, 0, 0
L -1227.0000, -951.0000, 219.0000,  -1264.0000, -807.0000, 227.0000,  0, 0, 0
L -1264.0000, -807.0000, 227.0000,  -1270.0000, -667.0000, 173.0000,  0, 0, 0
L -1270.0000, -667.0000, 173.0000,  -1269.0000, -542.0000, 179.0000,  0, 0, 0
L -1269.0000, -542.0000, 179.0000,  -1269.0000, -523.0000, 190.0000,  0, 0, 0
L -1269.0000, -523.0000, 190.0000,  -1257.0000, -468.0000, 238.0000,  0, 0, 0
L -1257.0000, -468.0000, 238.0000,  -1371.0000, -243.0000, 142.0000,  0, 0, 0
L -1371.0000, -243.0000, 142.0000,  -1424.0000, -197.0000, 169.0000,  0, 0, 0
L -1424.0000, -197.0000, 169.0000,  -1426.0000, -174.0000, 177.0000,  0, 0, 0
L -1426.0000, -174.0000, 177.0000,  -1428.0000, -158.0000, 186.0000,  0, 0, 0
L -1428.0000, -158.0000, 186.0000,  -1420.0000, -67.0000, 206.0000,  0, 0, 0
L -1420.0000, -67.0000, 206.0000,  -1433.0000, 148.0000, 165.0000,  0, 0, 0
L -1433.0000, 148.0000, 165.0000,  -1434.0000, 187.0000, 139.0000,  0, 0, 0
L -1434.0000, 187.0000, 139.0000,  -1436.0000, 225.0000, 142.0000,  0, 0, 0
L -1436.0000, 225.0000, 142.0000,  -1440.0000, 313.0000, 142.0000,  0, 0, 0
L -1440.0000, 313.0000, 142.0000,  -1416.0000, 410.0000, 128.0000,  0, 0, 0
L -1416.0000, 410.0000, 128.0000,  -1358.0000, 587.0000, 131.0000,  0, 0, 0
L -1358.0000, 587.0000, 131.0000,  -1451.0000, 751.0000, 136.0000,  0, 0, 0
L -1451.0000, 751.0000, 136.0000,  -1439.0000, 868.0000, 148.0000,  0, 0, 0
L -1439.0000, 868.0000, 148.0000,  -1449.0000, 1001.0000, 159.0000,  0, 0, 0
L -1449.0000, 1001.0000, 159.0000,  -1428.0000, 1088.0000, 181.0000,  0, 0, 0
L -1428.0000, 1088.0000, 181.0000,  -1382.0000, 1210.0000, 203.0000,  0, 0, 0
L -1382.0000, 1210.0000, 203.0000,  -1357.0000, 1274.0000, 221.0000,  0, 0, 0
L -1357.0000, 1274.0000, 221.0000,  -1318.0000, 1346.0000, 188.0000,  0, 0, 0
L -1318.0000, 1346.0000, 188.0000,  -1303.0000, 1356.0000, 195.0000,  0, 0, 0
L -1303.0000, 1356.0000, 195.0000,  -1219.0000, 1373.0000, 178.0000,  0, 0, 0
L -1219.0000, 1373.0000, 178.0000,  -1096.0000, 1371.0000, 123.0000,  0, 0, 0
L -1096.0000, 1371.0000, 123.0000,  -1069.0000, 1346.0000, 127.0000,  0, 0, 0
L -1069.0000, 1346.0000, 127.0000,  -1055.0000, 1322.0000, 131.0000,  0, 0, 0
L -1055.0000, 1322.0000, 131.0000,  -1034.0000, 1284.0000, 141.0000,  0, 0, 0
L -1034.0000, 1284.0000, 141.0000,  -961.0000, 1182.0000, 115.0000,  0, 0, 0
L -961.0000, 1182.0000, 115.0000,  -940.0000, 1246.0000, 112.0000,  0, 0, 0
L -940.0000, 1246.0000, 112.0000,  -942.0000, 1303.0000, 126.0000,  0, 0, 0
L -942.0000, 1303.0000, 126.0000,  -931.0000, 1365.0000, 112.0000,  0, 0, 0
L -931.0000, 1365.0000, 112.0000,  -930.0000, 1371.0000, 114.0000,  0, 0, 0
L -930.0000, 1371.0000, 114.0000,  -920.0000, 1373.0000, 99.0000,  0, 0, 0
L -920.0000, 1373.0000, 99.0000,  -901.0000, 1378.0000, 76.0000,  0, 0, 0
L -901.0000, 1378.0000, 76.0000,  -873.0000, 1386.0000, 68.0000,  0, 0, 0
L -873.0000, 1386.0000, 68.0000,  -864.0000, 1388.0000, 78.0000,  0, 0, 0
L -864.0000, 1388.0000, 78.0000,  -819.0000, 1384.0000, 101.0000,  0, 0, 0
L -819.0000, 1384.0000, 101.0000,  -717.0000, 1367.0000, 135.0000,  0, 0, 0
L -717.0000, 1367.0000, 135.0000,  -558.0000, 1414.0000, 135.0000,  0, 0, 0
L -558.0000, 1414.0000, 135.0000,  -410.0000, 1419.0000, 102.0000,  0, 0, 0
L -410.0000, 1419.0000, 102.0000,  -318.0000, 1414.0000, 109.0000,  0, 0, 0
L -318.0000, 1414.0000, 109.0000,  -175.0000, 1430.0000, 120.0000,  0, 0, 0
L -175.0000, 1430.0000, 120.0000,  -101.0000, 1430.0000, 98.0000,  0, 0, 0
L -101.0000, 1430.0000, 98.0000,  -2.0000, 1420.0000, 109.0000,  0, 0, 0
L -2.0000, 1420.0000, 109.0000,  90.0000, 1423.0000, 110.0000,  0, 0, 0
L 90.0000, 1423.0000, 110.0000,  161.0000, 1420.0000, 109.0000,  0, 0, 0
L 161.0000, 1420.0000, 109.0000,  250.0000, 1406.0000, 77.0000,  0, 0, 0
L 250.0000, 1406.0000, 77.0000,  266.0000, 1402.0000, 85.0000,  0, 0, 0
L 266.0000, 1402.0000, 85.0000,  325.0000, 1386.0000, 93.0000,  0, 0, 0
L 325.0000, 1386.0000, 93.0000,  334.0000, 1383.0000, 100.0000,  0, 0, 0
L 334.0000, 1383.0000, 100.0000,  440.0000, 1370.0000, 95.0000,  0, 0, 0
L 440.0000, 1370.0000, 95.0000,  611.0000, 1384.0000, 45.0000,  0, 0, 0
L 611.0000, 1384.0000, 45.0000,  730.0000, 1438.0000, 85.0000,  0, 0, 0
L 730.0000, 1438.0000, 85.0000,  1006.0000, 1451.0000, 152.0000,  0, 0, 0
L 1006.0000, 1451.0000, 152.0000,  1065.0000, 1447.0000, 162.0000,  0, 0, 0
L 1219.0000, 1403.0000, 160.0000,  1260.0000, 1304.0000, 164.0000,  0, 0, 0
L 1260.0000, 1304.0000, 164.0000,  1355.0000, 1166.0000, 148.0000,  0, 0, 0
L 1355.0000, 1166.0000, 76.0000,  1153.0000, 1152.0000, 48.0000,  0, 0, 0
L 1153.0000, 1152.0000, 48.0000,  1031.0000, 1107.0000, 15.0000,  0, 0, 0
L 1031.0000, 1107.0000, 15.0000,  984.0000, 1042.0000, 24.0000,  0, 0, 0
L 984.0000, 1041.0000, 24.0000,  1005.0000, 1020.0000, 23.0000,  0, 0, 0
L 1005.0000, 1020.0000, 23.0000,  1048.0000, 1084.0000, 24.0000,  0, 0, 0
L 1048.0000, 1084.0000, 24.0000,  1156.0000, 1118.0000, 45.0000,  0, 0, 0
L 1156.0000, 1118.0000, 45.0000,  1371.0000, 1130.0000, 76.0000,  0, 0, 0
L 956.0000, 937.0000, 11.0000,  923.0000, 804.0000, -11.0000,  0, 0, 0
L 923.0000, 804.0000, -11.0000,  916.0000, 659.0000, 75.0000,  0, 0, 0
L 916.0000, 659.0000, 75.0000,  922.0000, 624.0000, 139.0000,  0, 0, 0
L 922.0000, 624.0000, 139.0000,  926.0000, 608.0000, 140.0000,  0, 0, 0
L 926.0000, 608.0000, 140.0000,  929.0000, 598.0000, 139.0000,  0, 0, 0
L 929.0000, 598.0000, 139.0000,  944.0000, 540.0000, 114.0000,  0, 0, 0
L 944.0000, 540.0000, 114.0000,  956.0000, 497.0000, 105.0000,  0, 0, 0
L 956.0000, 497.0000, 105.0000,  1029.0000, 348.0000, 66.0000,  0, 0, 0
L 1029.0000, 348.0000, 66.0000,  1164.0000, 307.0000, 73.0000,  0, 0, 0
L 1164.0000, 307.0000, 73.0000,  1236.0000, 318.0000, 76.0000,  0, 0, 0
L 956.0000, 937.0000, 11.0000,  924.0000, 956.0000, 10.0000,  0, 0, 0
L 924.0000, 956.0000, 10.0000,  904.0000, 865.0000, 2.0000,  0, 0, 0
L 904.0000, 865.0000, 2.0000,  892.0000, 808.0000, -19.0000,  0, 0, 0
L 892.0000, 808.0000, -20.0000,  889.0000, 608.0000, 76.0000,  0, 0, 0
L 889.0000, 608.0000, 76.0000,  931.0000, 478.0000, 90.0000,  0, 0, 0
L 931.0000, 478.0000, 90.0000,  1018.0000, 319.0000, 63.0000,  0, 0, 0
L 1018.0000, 319.0000, 64.0000,  1161.0000, 273.0000, 75.0000,  0, 0, 0
L 1161.0000, 273.0000, 76.0000,  1328.0000, 293.0000, 159.0000,  0, 0, 0
L 1172.0000, 914.0000, 2.0000,  1223.0000, 914.0000, 8.0000,  0, 0, 0
L 1223.0000, 914.0000, 8.0000,  1223.0000, 833.0000, 4.0000,  0, 0, 0
L 1223.0000, 833.0000, 3.0000,  1172.0000, 833.0000, 3.0000,  0, 0, 0
L 1172.0000, 869.0000, 5.0000,  1178.0000, 869.0000, 5.0000,  0, 0, 0
L 1172.0000, 878.0000, 5.0000,  1178.0000, 878.0000, 5.0000,  0, 0, 0
L 1178.0000, 878.0000, 5.0000,  1178.0000, 908.0000, 5.0000,  0, 0, 0
L 1178.0000, 908.0000, 5.0000,  1217.0000, 908.0000, 5.0000,  0, 0, 0
L 1217.0000, 908.0000, 5.0000,  1217.0000, 839.0000, 5.0000,  0, 0, 0
L 1217.0000, 839.0000, 5.0000,  1178.0000, 839.0000, 5.0000,  0, 0, 0
L 1178.0000, 839.0000, 5.0000,  1178.0000, 869.0000, 5.0000,  0, 0, 0
L 1202.0000, 883.0000, 5.0000,  1202.0000, 901.0000, 5.0000,  205, 133, 63
L 1202.0000, 901.0000, 5.0000,  1208.0000, 901.0000, 5.0000,  205, 133, 63
L 1208.0000, 901.0000, 5.0000,  1208.0000, 883.0000, 5.0000,  205, 133, 63
L 1208.0000, 883.0000, 5.0000,  1202.0000, 883.0000, 5.0000,  205, 133, 63
L 1156.0000, 536.0000, 1.0000,  1103.0000, 537.0000, 4.0000,  0, 0, 0
L 1104.0000, 613.0000, 7.0000,  1110.0000, 613.0000, 7.0000,  150, 150, 150
L 1110.0000, 613.0000, 7.0000,  1110.0000, 619.0000, 7.0000,  150, 150, 150
L 1149.0000, 619.0000, 7.0000,  1149.0000, 613.0000, 7.0000,  150, 150, 150
L 1149.0000, 613.0000, 7.0000,  1155.0000, 613.0000, 7.0000,  150, 150, 150
L 1155.0000, 593.0000, 7.0000,  1124.0000, 593.0000, 7.0000,  0, 0, 0
L 1115.0000, 593.0000, 7.0000,  1103.0000, 593.0000, 7.0000,  0, 0, 0
L 1115.0000, 593.0000, 7.0000,  1115.0000, 588.0000, 7.0000,  0, 0, 0
L 1124.0000, 588.0000, 7.0000,  1124.0000, 593.0000, 7.0000,  0, 0, 0
L 1115.0000, 588.0000, 7.0000,  1110.0000, 588.0000, 7.0000,  0, 0, 0
L 1110.0000, 588.0000, 7.0000,  1110.0000, 543.0000, 7.0000,  0, 0, 0
L 1110.0000, 543.0000, 7.0000,  1149.0000, 543.0000, 7.0000,  0, 0, 0
L 1149.0000, 543.0000, 7.0000,  1149.0000, 573.0000, 7.0000,  0, 0, 0
L 1149.0000, 588.0000, 7.0000,  1149.0000, 583.0000, 7.0000,  0, 0, 0
L 1149.0000, 573.0000, 7.0000,  1156.0000, 573.0000, 7.0000,  0, 0, 0
L 1156.0000, 583.0000, 7.0000,  1149.0000, 583.0000, 7.0000,  0, 0, 0
L 1149.0000, 588.0000, 7.0000,  1124.0000, 588.0000, 7.0000,  0, 0, 0
L 1222.0000, 657.0000, 8.0000,  1266.0000, 630.0000, 6.0000,  0, 0, 0
L 1236.0000, 582.0000, 7.0000,  1227.0000, 588.0000, 7.0000,  0, 0, 0
L 1226.0000, 566.0000, 7.0000,  1221.0000, 569.0000, 7.0000,  150, 150, 150
L 1221.0000, 569.0000, 7.0000,  1218.0000, 564.0000, 7.0000,  150, 150, 150
L 1185.0000, 584.0000, 7.0000,  1188.0000, 590.0000, 7.0000,  150, 150, 150
L 1188.0000, 590.0000, 7.0000,  1183.0000, 593.0000, 7.0000,  150, 150, 150
L 1193.0000, 609.0000, 7.0000,  1219.0000, 593.0000, 7.0000,  0, 0, 0
L 1219.0000, 593.0000, 7.0000,  1222.0000, 598.0000, 7.0000,  0, 0, 0
L 1230.0000, 593.0000, 7.0000,  1227.0000, 588.0000, 7.0000,  0, 0, 0
L 1230.0000, 593.0000, 7.0000,  1234.0000, 590.0000, 7.0000,  0, 0, 0
L 1234.0000, 590.0000, 7.0000,  1257.0000, 628.0000, 7.0000,  0, 0, 0
L 1257.0000, 628.0000, 7.0000,  1224.0000, 648.0000, 7.0000,  0, 0, 0
L 1224.0000, 648.0000, 7.0000,  1208.0000, 623.0000, 7.0000,  0, 0, 0
L 1208.0000, 623.0000, 7.0000,  1203.0000, 626.0000, 7.0000,  0, 0, 0
L 1198.0000, 618.0000, 7.0000,  1204.0000, 615.0000, 7.0000,  0, 0, 0
L 1204.0000, 615.0000, 7.0000,  1201.0000, 611.0000, 7.0000,  0, 0, 0
L 1201.0000, 611.0000, 7.0000,  1222.0000, 598.0000, 7.0000,  0, 0, 0
L 1223.0000, 520.0000, 0.0000,  1223.0000, 469.0000, 2.0000,  0, 0, 0
L 1223.0000, 469.0000, 3.0000,  1142.0000, 469.0000, 0.0000,  0, 0, 0
L 1142.0000, 469.0000, 0.0000,  1142.0000, 520.0000, 1.0000,  0, 0, 0
L 1178.0000, 520.0000, 1.0000,  1178.0000, 514.0000, 1.0000,  0, 0, 0
L 1187.0000, 514.0000, 1.0000,  1187.0000, 520.0000, 1.0000,  0, 0, 0
L 1178.0000, 514.0000, 1.0000,  1148.0000, 514.0000, 1.0000,  0, 0, 0
L 1148.0000, 514.0000, 1.0000,  1148.0000, 475.0000, 1.0000,  0, 0, 0
L 1148.0000, 475.0000, 1.0000,  1217.0000, 475.0000, 1.0000,  0, 0, 0
L 1217.0000, 475.0000, 1.0000,  1217.0000, 514.0000, 1.0000,  0, 0, 0
L 1217.0000, 514.0000, 1.0000,  1187.0000, 514.0000, 1.0000,  0, 0, 0
L 1192.0000, 490.0000, 1.0000,  1210.0000, 490.0000, 1.0000,  205, 133, 63
L 1210.0000, 490.0000, 1.0000,  1210.0000, 484.0000, 1.0000,  205, 133, 63
L 1210.0000, 484.0000, 1.0000,  1192.0000, 484.0000, 1.0000,  205, 133, 63
L 1192.0000, 484.0000, 1.0000,  1192.0000, 490.0000, 1.0000,  205, 133, 63
L 1122.0000, 1371.0000, 109.0000,  1121.0000, 1371.0000, 109.0000,  150, 150, 150
L 1121.0000, 1371.0000, 109.0000,  1112.0000, 1373.0000, 109.0000,  150, 150, 150
L 1112.0000, 1373.0000, 109.0000,  1109.0000, 1374.0000, 112.0000,  150, 150, 150
L 1109.0000, 1374.0000, 112.0000,  1107.0000, 1375.0000, 109.0000,  150, 150, 150
L 1107.0000, 1375.0000, 109.0000,  1102.0000, 1381.0000, 112.0000,  150, 150, 150
L 1102.0000, 1381.0000, 112.0000,  1099.0000, 1386.0000, 115.0000,  150, 150, 150
L 1099.0000, 1386.0000, 115.0000,  1098.0000, 1390.0000, 116.0000,  150, 150, 150
L 1098.0000, 1390.0000, 116.0000,  1098.0000, 1396.0000, 120.0000,  150, 150, 150
L 1098.0000, 1396.0000, 120.0000,  1098.0000, 1398.0000, 120.0000,  150, 150, 150
L 1098.0000, 1398.0000, 120.0000,  1100.0000, 1401.0000, 122.0000,  150, 150, 150
L 1100.0000, 1401.0000, 122.0000,  1107.0000, 1412.0000, 123.0000,  150, 150, 150
L 1107.0000, 1412.0000, 123.0000,  1117.0000, 1412.0000, 113.0000,  150, 150, 150
L 1127.0000, 1413.0000, 103.0000,  1132.0000, 1410.0000, 103.0000,  150, 150, 150
L 1132.0000, 1410.0000, 103.0000,  1138.0000, 1402.0000, 103.0000,  150, 150, 150
L 1138.0000, 1402.0000, 103.0000,  1140.0000, 1398.0000, 103.0000,  150, 150, 150
L 1140.0000, 1398.0000, 103.0000,  1140.0000, 1394.0000, 103.0000,  150, 150, 150
L 1140.0000, 1394.0000, 103.0000,  1140.0000, 1391.0000, 104.0000,  150, 150, 150
L 1140.0000, 1391.0000, 104.0000,  1139.0000, 1384.0000, 105.0000,  150, 150, 150
L 1139.0000, 1384.0000, 105.0000,  1137.0000, 1380.0000, 106.0000,  150, 150, 150
L 1137.0000, 1380.0000, 106.0000,  1134.0000, 1376.0000, 107.0000,  150, 150, 150
L 1134.0000, 1376.0000, 107.0000,  1131.0000, 1374.0000, 108.0000,  150, 150, 150
L 1131.0000, 1374.0000, 108.0000,  1128.0000, 1373.0000, 108.0000,  150, 150, 150
L 1128.0000, 1373.0000, 108.0000,  1122.0000, 1371.0000, 109.0000,  150, 150, 150
L 1176.0000, 1390.0000, 95.0000,  1169.0000, 1384.0000, 96.0000,  150, 150, 150
L 1169.0000, 1384.0000, 96.0000,  1169.0000, 1383.0000, 96.0000,  150, 150, 150
L 1169.0000, 1383.0000, 96.0000,  1164.0000, 1375.0000, 98.0000,  150, 150, 150
L 1164.0000, 1375.0000, 98.0000,  1164.0000, 1373.0000, 99.0000,  150, 150, 150
L 1164.0000, 1373.0000, 99.0000,  1164.0000, 1366.0000, 102.0000,  150, 150, 150
L 1164.0000, 1366.0000, 102.0000,  1165.0000, 1361.0000, 103.0000,  150, 150, 150
L 1165.0000, 1361.0000, 103.0000,  1168.0000, 1357.0000, 104.0000,  150, 150, 150
L 1168.0000, 1357.0000, 104.0000,  1172.0000, 1354.0000, 104.0000,  150, 150, 150
L 1172.0000, 1354.0000, 104.0000,  1176.0000, 1351.0000, 106.0000,  150, 150, 150
L 1176.0000, 1351.0000, 106.0000,  1182.0000, 1352.0000, 109.0000,  150, 150, 150
L 1182.0000, 1352.0000, 109.0000,  1185.0000, 1354.0000, 111.0000,  150, 150, 150
L 1185.0000, 1354.0000, 111.0000,  1189.0000, 1355.0000, 113.0000,  150, 150, 150
L 1189.0000, 1355.0000, 113.0000,  1189.0000, 1359.0000, 117.0000,  150, 150, 150
L 1189.0000, 1359.0000, 117.0000,  1187.0000, 1362.0000, 119.0000,  150, 150, 150
L 1187.0000, 1362.0000, 119.0000,  1186.0000, 1367.0000, 122.0000,  150, 150, 150
L 1186.0000, 1367.0000, 122.0000,  1183.0000, 1374.0000, 125.0000,  150, 150, 150
L 1183.0000, 1374.0000, 125.0000,  1185.0000, 1379.0000, 126.0000,  150, 150, 150
L 1185.0000, 1379.0000, 126.0000,  1182.0000, 1384.0000, 126.0000,  150, 150, 150
L 1182.0000, 1384.0000, 126.0000,  1176.0000, 1390.0000, 95.0000,  150, 150, 150
L 1117.0000, 1412.0000, 113.0000,  1118.0000, 1447.0000, 102.0000,  150, 150, 150
L 1124.0000, 1601.0000, 59.0000,  1134.0000, 1602.0000, 59.0000,  150, 150, 150
L 1134.0000, 1602.0000, 59.0000,  1141.0000, 1607.0000, 57.0000,  150, 150, 150
L 1141.0000, 1607.0000, 57.0000,  1145.0000, 1611.0000, 56.0000,  150, 150, 150
L 1145.0000, 1611.0000, 56.0000,  1149.0000, 1617.0000, 55.0000,  150, 150, 150
L 1149.0000, 1617.0000, 55.0000,  1150.0000, 1622.0000, 54.0000,  150, 150, 150
L 1150.0000, 1622.0000, 54.0000,  1151.0000, 1627.0000, 52.0000,  150, 150, 150
L 1151.0000, 1627.0000, 52.0000,  1150.0000, 1631.0000, 51.0000,  150, 150, 150
L 1150.0000, 1631.0000, 51.0000,  1148.0000, 1636.0000, 50.0000,  150, 150, 150
L 1148.0000, 1636.0000, 50.0000,  1144.0000, 1643.0000, 48.0000,  150, 150, 150
L 1144.0000, 1643.0000, 48.0000,  1141.0000, 1645.0000, 48.0000,  150, 150, 150
L 1141.0000, 1645.0000, 48.0000,  1137.0000, 1646.0000, 47.0000,  150, 150, 150
L 1137.0000, 1646.0000, 47.0000,  1130.0000, 1648.0000, 47.0000,  150, 150, 150
L 1130.0000, 1648.0000, 47.0000,  1123.0000, 1644.0000, 47.0000,  150, 150, 150
L 1124.0000, 1601.0000, 59.0000,  1123.0000, 1644.0000, 47.0000,  0, 0, 0
L 1123.0000, 1658.0000, 44.0000,  1123.0000, 1807.0000, 34.0000,  0, 0, 0
L 1177.0000, 1747.0000, 34.0000,  1175.0000, 1580.0000, 67.0000,  0, 0, 0
L 1175.0000, 1580.0000, 67.0000,  1169.0000, 1574.0000, 66.0000,  150, 150, 150
L 1169.0000, 1574.0000, 66.0000,  1166.0000, 1568.0000, 68.0000,  150, 150, 150
L 1166.0000, 1568.0000, 68.0000,  1165.0000, 1565.0000, 68.0000,  150, 150, 150
L 1165.0000, 1565.0000, 68.0000,  1164.0000, 1562.0000, 69.0000,  150, 150, 150
L 1164.0000, 1562.0000, 69.0000,  1164.0000, 1557.0000, 70.0000,  150, 150, 150
L 1164.0000, 1557.0000, 70.0000,  1164.0000, 1549.0000, 72.0000,  150, 150, 150
L 1164.0000, 1549.0000, 72.0000,  1168.0000, 1543.0000, 74.0000,  150, 150, 150
L 1168.0000, 1543.0000, 74.0000,  1171.0000, 1539.0000, 75.0000,  150, 150, 150
L 1171.0000, 1539.0000, 75.0000,  1175.0000, 1539.0000, 75.0000,  150, 150, 150
L 1175.0000, 1543.0000, 75.0000,  1174.0000, 1479.0000, 91.0000,  0, 0, 0
L 1174.0000, 1479.0000, 91.0000,  1174.0000, 1433.0000, 93.0000,  0, 0, 0
L 1177.0000, 1747.0000, 34.0000,  1242.0000, 1747.0000, 34.0000,  0, 0, 0
L 1176.0000, 1807.0000, 34.0000,  1123.0000, 1807.0000, 34.0000,  0, 0, 0
L 397.0000, -1275.0000, 84.0000,  392.0000, -1317.0000, 85.0000,  0, 0, 255
L 392.0000, -1317.0000, 85.0000,  344.0000, -1326.0000, 93.0000,  0, 0, 255
L 344.0000, -1326.0000, 93.0000,  356.0000, -1274.0000, 90.0000,  0, 0, 255
L 585.0000, 967.0000, -14.0000,  769.0000, 967.0000, -12.0000,  205, 133, 63
L 582.0000, 1068.0000, -11.0000,  767.0000, 1068.0000, -11.0000,  205, 133, 63
L 593.0000, 275.0000, 9.0000,  590.0000, 270.0000, 8.0000,  205, 133, 63
L 590.0000, 270.0000, 8.0000,  591.0000, 265.0000, 8.0000,  205, 133, 63
L 591.0000, 265.0000, 8.0000,  589.0000, 259.0000, 7.0000,  205, 133, 63
L 589.0000, 259.0000, 7.0000,  589.0000, 253.0000, 7.0000,  205, 133, 63
L 589.0000, 253.0000, 7.0000,  589.0000, 249.0000, 6.0000,  205, 133, 63
L 589.0000, 249.0000, 6.0000,  592.0000, 241.0000, 6.0000,  205, 133, 63
L 592.0000, 241.0000, 6.0000,  600.0000, 228.0000, 6.0000,  205, 133, 63
L 600.0000, 228.0000, 6.0000,  607.0000, 220.0000, 6.0000,  205, 133, 63
L 607.0000, 220.0000, 6.0000,  618.0000, 215.0000, 6.0000,  205, 133, 63
L 618.0000, 215.0000, 6.0000,  625.0000, 213.0000, 6.0000,  205, 133, 63
L 625.0000, 213.0000, 6.0000,  628.0000, 209.0000, 6.0000,  205, 133, 63
L 628.0000, 209.0000, 6.0000,  635.0000, 205.0000, 6.0000,  205, 133, 63
L 635.0000, 205.0000, 6.0000,  639.0000, 200.0000, 6.0000,  205, 133, 63
L 639.0000, 200.0000, 6.0000,  638.0000, 189.0000, 10.0000,  205, 133, 63
L 638.0000, 189.0000, 10.0000,  636.0000, 183.0000, 11.0000,  205, 133, 63
L 636.0000, 183.0000, 11.0000,  636.0000, 179.0000, 12.0000,  205, 133, 63
L 636.0000, 179.0000, 12.0000,  634.0000, 174.0000, 14.0000,  205, 133, 63
L 634.0000, 174.0000, 14.0000,  634.0000, 165.0000, 16.0000,  205, 133, 63
L 634.0000, 165.0000, 16.0000,  637.0000, 160.0000, 18.0000,  205, 133, 63
L 637.0000, 160.0000, 18.0000,  637.0000, 155.0000, 19.0000,  205, 133, 63
L 637.0000, 155.0000, 19.0000,  639.0000, 144.0000, 19.0000,  205, 133, 63
L 639.0000, 144.0000, 19.0000,  642.0000, 139.0000, 18.0000,  205, 133, 63
L 642.0000, 139.0000, 18.0000,  641.0000, 134.0000, 17.0000,  205, 133, 63
L 641.0000, 134.0000, 17.0000,  637.0000, 129.0000, 16.0000,  205, 133, 63
L 637.0000, 129.0000, 16.0000,  635.0000, 125.0000, 15.0000,  205, 133, 63
L 635.0000, 125.0000, 15.0000,  635.0000, 115.0000, 12.0000,  205, 133, 63
L 635.0000, 115.0000, 12.0000,  638.0000, 110.0000, 11.0000,  205, 133, 63
L 638.0000, 110.0000, 11.0000,  639.0000, 105.0000, 10.0000,  205, 133, 63
L 639.0000, 105.0000, 10.0000,  638.0000, 99.0000, 9.0000,  205, 133, 63
L 638.0000, 99.0000, 9.0000,  635.0000, 95.0000, 10.0000,  205, 133, 63
L 635.0000, 95.0000, 10.0000,  630.0000, 92.0000, 11.0000,  205, 133, 63
L 630.0000, 92.0000, 11.0000,  625.0000, 85.0000, 13.0000,  205, 133, 63
L 625.0000, 85.0000, 13.0000,  615.0000, 85.0000, 12.0000,  205, 133, 63
L 615.0000, 85.0000, 12.0000,  609.0000, 87.0000, 12.0000,  205, 133, 63
L 609.0000, 87.0000, 12.0000,  605.0000, 87.0000, 12.0000,  205, 133, 63
L 605.0000, 87.0000, 12.0000,  599.0000, 89.0000, 11.0000,  205, 133, 63
L 599.0000, 89.0000, 11.0000,  589.0000, 89.0000, 11.0000,  205, 133, 63
L 589.0000, 89.0000, 11.0000,  584.0000, 86.0000, 12.0000,  205, 133, 63
L 584.0000, 86.0000, 12.0000,  579.0000, 86.0000, 12.0000,  205, 133, 63
L 579.0000, 86.0000, 12.0000,  574.0000, 85.0000, 13.0000,  205, 133, 63
L 574.0000, 85.0000, 13.0000,  567.0000, 86.0000, 13.0000,  205, 133, 63
L 567.0000, 86.0000, 13.0000,  555.0000, 78.0000, 15.0000,  205, 133, 63
L 555.0000, 78.0000, 15.0000,  550.0000, 68.0000, 18.0000,  205, 133, 63
L 550.0000, 68.0000, 18.0000,  543.0000, 61.0000, 21.0000,  205, 133, 63
L 543.0000, 61.0000, 21.0000,  538.0000, 50.0000, 25.0000,  205, 133, 63
L 538.0000, 50.0000, 25.0000,  535.0000, 46.0000, 25.0000,  205, 133, 63
L 535.0000, 46.0000, 25.0000,  530.0000, 43.0000, 25.0000,  205, 133, 63
L 530.0000, 43.0000, 25.0000,  525.0000, 36.0000, 25.0000,  205, 133, 63
L 525.0000, 36.0000, 25.0000,  514.0000, 36.0000, 25.0000,  205, 133, 63
L 514.0000, 36.0000, 25.0000,  509.0000, 38.0000, 25.0000,  205, 133, 63
L 509.0000, 38.0000, 25.0000,  504.0000, 38.0000, 25.0000,  205, 133, 63
L 504.0000, 38.0000, 25.0000,  499.0000, 40.0000, 25.0000,  205, 133, 63
L 499.0000, 40.0000, 25.0000,  490.0000, 40.0000, 25.0000,  205, 133, 63
L 490.0000, 40.0000, 25.0000,  485.0000, 37.0000, 25.0000,  205, 133, 63
L 485.0000, 37.0000, 25.0000,  474.0000, 36.0000, 25.0000,  205, 133, 63
L 474.0000, 36.0000, 25.0000,  466.0000, 36.0000, 25.0000,  205, 133, 63
L 466.0000, 36.0000, 25.0000,  455.0000, 28.0000, 26.0000,  205, 133, 63
L 455.0000, 28.0000, 26.0000,  450.0000, 17.0000, 26.0000,  205, 133, 63
L 450.0000, 17.0000, 26.0000,  442.0000, 9.0000, 27.0000,  205, 133, 63
L 442.0000, 9.0000, 27.0000,  438.0000, 0.0000, 27.0000,  205, 133, 63
L 438.0000, 0.0000, 27.0000,  435.0000, -3.0000, 28.0000,  205, 133, 63
L 435.0000, -3.0000, 28.0000,  431.0000, -6.0000, 28.0000,  205, 133, 63
L 431.0000, -6.0000, 28.0000,  424.0000, -13.0000, 28.0000,  205, 133, 63
L 424.0000, -13.0000, 28.0000,  416.0000, -13.0000, 28.0000,  205, 133, 63
L 416.0000, -13.0000, 28.0000,  404.0000, -21.0000, 29.0000,  205, 133, 63
L 404.0000, -21.0000, 29.0000,  399.0000, -32.0000, 30.0000,  205, 133, 63
L 399.0000, -32.0000, 30.0000,  393.0000, -39.0000, 31.0000,  205, 133, 63
L 393.0000, -39.0000, 31.0000,  388.0000, -50.0000, 31.0000,  205, 133, 63
L 388.0000, -50.0000, 31.0000,  387.0000, -61.0000, 29.0000,  205, 133, 63
L 387.0000, -61.0000, 29.0000,  386.0000, -66.0000, 27.0000,  205, 133, 63
L 386.0000, -66.0000, 27.0000,  386.0000, -70.0000, 26.0000,  205, 133, 63
L 386.0000, -70.0000, 26.0000,  384.0000, -75.0000, 25.0000,  205, 133, 63
L 384.0000, -75.0000, 25.0000,  384.0000, -85.0000, 23.0000,  205, 133, 63
L 384.0000, -85.0000, 23.0000,  387.0000, -89.0000, 21.0000,  205, 133, 63
L 387.0000, -89.0000, 21.0000,  387.0000, -94.0000, 20.0000,  205, 133, 63
L 387.0000, -94.0000, 20.0000,  388.0000, -99.0000, 19.0000,  205, 133, 63
L 388.0000, -99.0000, 19.0000,  386.0000, -103.0000, 19.0000,  205, 133, 63
L 386.0000, -103.0000, 19.0000,  380.0000, -107.0000, 19.0000,  205, 133, 63
L 380.0000, -107.0000, 19.0000,  374.0000, -113.0000, 19.0000,  205, 133, 63
L 374.0000, -113.0000, 19.0000,  367.0000, -113.0000, 19.0000,  205, 133, 63
L 367.0000, -113.0000, 19.0000,  354.0000, -121.0000, 19.0000,  205, 133, 63
L 354.0000, -121.0000, 19.0000,  350.0000, -132.0000, 19.0000,  205, 133, 63
L 350.0000, -132.0000, 19.0000,  343.0000, -139.0000, 19.0000,  205, 133, 63
L 343.0000, -139.0000, 19.0000,  338.0000, -150.0000, 19.0000,  205, 133, 63
L 338.0000, -150.0000, 19.0000,  337.0000, -160.0000, 20.0000,  205, 133, 63
L 337.0000, -160.0000, 20.0000,  336.0000, -165.0000, 21.0000,  205, 133, 63
L 336.0000, -165.0000, 21.0000,  336.0000, -170.0000, 22.0000,  205, 133, 63
L 336.0000, -170.0000, 22.0000,  334.0000, -175.0000, 23.0000,  205, 133, 63
L 334.0000, -175.0000, 23.0000,  335.0000, -185.0000, 25.0000,  205, 133, 63
L 335.0000, -185.0000, 25.0000,  337.0000, -190.0000, 25.0000,  205, 133, 63
L 337.0000, -190.0000, 25.0000,  337.0000, -195.0000, 26.0000,  205, 133, 63
L 337.0000, -195.0000, 26.0000,  339.0000, -205.0000, 27.0000,  205, 133, 63
L 339.0000, -205.0000, 27.0000,  341.0000, -209.0000, 27.0000,  205, 133, 63
L 341.0000, -209.0000, 27.0000,  341.0000, -214.0000, 27.0000,  205, 133, 63
L 341.0000, -214.0000, 27.0000,  337.0000, -220.0000, 27.0000,  205, 133, 63
L 337.0000, -220.0000, 27.0000,  335.0000, -224.0000, 27.0000,  205, 133, 63
L 335.0000, -224.0000, 27.0000,  335.0000, -235.0000, 27.0000,  205, 133, 63
L 335.0000, -235.0000, 27.0000,  338.0000, -240.0000, 27.0000,  205, 133, 63
L 338.0000, -240.0000, 27.0000,  339.0000, -245.0000, 27.0000,  205, 133, 63
L 339.0000, -245.0000, 27.0000,  338.0000, -250.0000, 27.0000,  205, 133, 63
L 338.0000, -250.0000, 27.0000,  338.0000, -256.0000, 27.0000,  205, 133, 63
L 338.0000, -256.0000, 27.0000,  338.0000, -260.0000, 27.0000,  205, 133, 63
L 338.0000, -260.0000, 27.0000,  336.0000, -266.0000, 27.0000,  205, 133, 63
L 336.0000, -266.0000, 27.0000,  336.0000, -270.0000, 27.0000,  205, 133, 63
L 336.0000, -270.0000, 27.0000,  335.0000, -275.0000, 27.0000,  205, 133, 63
L 335.0000, -275.0000, 27.0000,  334.0000, -284.0000, 27.0000,  205, 133, 63
L 334.0000, -284.0000, 27.0000,  337.0000, -290.0000, 27.0000,  205, 133, 63
L 337.0000, -290.0000, 27.0000,  337.0000, -295.0000, 27.0000,  205, 133, 63
L 337.0000, -295.0000, 27.0000,  339.0000, -305.0000, 28.0000,  205, 133, 63
L 339.0000, -305.0000, 28.0000,  341.0000, -310.0000, 29.0000,  205, 133, 63
L 341.0000, -310.0000, 29.0000,  341.0000, -315.0000, 31.0000,  205, 133, 63
L 341.0000, -315.0000, 31.0000,  337.0000, -320.0000, 32.0000,  205, 133, 63
L 337.0000, -320.0000, 32.0000,  335.0000, -325.0000, 33.0000,  205, 133, 63
L 335.0000, -325.0000, 33.0000,  335.0000, -334.0000, 35.0000,  205, 133, 63
L 335.0000, -334.0000, 35.0000,  338.0000, -339.0000, 36.0000,  205, 133, 63
L 338.0000, -339.0000, 36.0000,  339.0000, -344.0000, 38.0000,  205, 133, 63
L 339.0000, -344.0000, 38.0000,  338.0000, -351.0000, 39.0000,  205, 133, 63
L 338.0000, -351.0000, 39.0000,  338.0000, -356.0000, 38.0000,  205, 133, 63
L 338.0000, -356.0000, 38.0000,  338.0000, -360.0000, 37.0000,  205, 133, 63
L 338.0000, -360.0000, 37.0000,  336.0000, -365.0000, 36.0000,  205, 133, 63
L 336.0000, -365.0000, 36.0000,  336.0000, -370.0000, 36.0000,  205, 133, 63
L 336.0000, -370.0000, 36.0000,  334.0000, -375.0000, 35.0000,  205, 133, 63
L 334.0000, -375.0000, 35.0000,  334.0000, -384.0000, 33.0000,  205, 133, 63
L 334.0000, -384.0000, 33.0000,  337.0000, -389.0000, 32.0000,  205, 133, 63
L 337.0000, -389.0000, 32.0000,  337.0000, -395.0000, 31.0000,  205, 133, 63
L 337.0000, -395.0000, 31.0000,  339.0000, -405.0000, 32.0000,  205, 133, 63
L 339.0000, -405.0000, 32.0000,  342.0000, -410.0000, 32.0000,  127, 64, 0
L 342.0000, -410.0000, 32.0000,  341.0000, -415.0000, 33.0000,  205, 133, 63
L 341.0000, -415.0000, 33.0000,  337.0000, -420.0000, 34.0000,  205, 133, 63
L 337.0000, -420.0000, 34.0000,  335.0000, -424.0000, 35.0000,  205, 133, 63
L 335.0000, -424.0000, 35.0000,  335.0000, -434.0000, 37.0000,  205, 133, 63
L 335.0000, -434.0000, 37.0000,  338.0000, -440.0000, 38.0000,  205, 133, 63
L 338.0000, -440.0000, 38.0000,  339.0000, -444.0000, 38.0000,  205, 133, 63
L 339.0000, -444.0000, 38.0000,  338.0000, -450.0000, 39.0000,  205, 133, 63
L 338.0000, -450.0000, 39.0000,  338.0000, -459.0000, 40.0000,  205, 133, 63
L 338.0000, -459.0000, 40.0000,  336.0000, -466.0000, 40.0000,  205, 133, 63
L 336.0000, -466.0000, 40.0000,  336.0000, -470.0000, 40.0000,  205, 133, 63
L 336.0000, -470.0000, 40.0000,  334.0000, -475.0000, 40.0000,  205, 133, 63
L 334.0000, -475.0000, 40.0000,  334.0000, -485.0000, 40.0000,  205, 133, 63
L 334.0000, -485.0000, 40.0000,  337.0000, -490.0000, 40.0000,  205, 133, 63
L 337.0000, -490.0000, 40.0000,  337.0000, -496.0000, 40.0000,  205, 133, 63
L 337.0000, -496.0000, 40.0000,  338.0000, -500.0000, 40.0000,  205, 133, 63
L 338.0000, -500.0000, 40.0000,  341.0000, -509.0000, 37.0000,  205, 133, 63
L 341.0000, -509.0000, 37.0000,  350.0000, -521.0000, 33.0000,  205, 133, 63
L 350.0000, -521.0000, 33.0000,  357.0000, -528.0000, 31.0000,  205, 133, 63
L 357.0000, -528.0000, 31.0000,  368.0000, -533.0000, 30.0000,  205, 133, 63
L 368.0000, -533.0000, 30.0000,  375.0000, -536.0000, 30.0000,  205, 133, 63
L 375.0000, -536.0000, 30.0000,  377.0000, -540.0000, 29.0000,  205, 133, 63
L 377.0000, -540.0000, 29.0000,  384.0000, -543.0000, 28.0000,  205, 133, 63
L 384.0000, -543.0000, 28.0000,  388.0000, -549.0000, 26.0000,  205, 133, 63
L 388.0000, -549.0000, 26.0000,  389.0000, -556.0000, 24.0000,  205, 133, 63
L 389.0000, -556.0000, 24.0000,  392.0000, -560.0000, 22.0000,  205, 133, 63
L 392.0000, -560.0000, 22.0000,  391.0000, -565.0000, 20.0000,  205, 133, 63
L 391.0000, -565.0000, 20.0000,  388.0000, -570.0000, 18.0000,  205, 133, 63
L 388.0000, -570.0000, 18.0000,  385.0000, -575.0000, 16.0000,  205, 133, 63
L 385.0000, -575.0000, 16.0000,  385.0000, -584.0000, 13.0000,  205, 133, 63
L 385.0000, -584.0000, 13.0000,  389.0000, -589.0000, 11.0000,  205, 133, 63
L 389.0000, -589.0000, 11.0000,  389.0000, -593.0000, 10.0000,  205, 133, 63
L 389.0000, -593.0000, 10.0000,  388.0000, -600.0000, 8.0000,  205, 133, 63
L 388.0000, -600.0000, 8.0000,  391.0000, -608.0000, 8.0000,  205, 133, 63
L 391.0000, -608.0000, 8.0000,  405.0000, -627.0000, 8.0000,  205, 133, 63
L 405.0000, -627.0000, 8.0000,  425.0000, -636.0000, 8.0000,  205, 133, 63
L 425.0000, -636.0000, 8.0000,  427.0000, -640.0000, 8.0000,  205, 133, 63
L 427.0000, -640.0000, 8.0000,  434.0000, -644.0000, 8.0000,  205, 133, 63
L 434.0000, -644.0000, 8.0000,  438.0000, -650.0000, 8.0000,  205, 133, 63
L 438.0000, -650.0000, 8.0000,  439.0000, -655.0000, 8.0000,  205, 133, 63
L 439.0000, -655.0000, 8.0000,  442.0000, -660.0000, 9.0000,  205, 133, 63
L 442.0000, -660.0000, 9.0000,  441.0000, -665.0000, 9.0000,  205, 133, 63
L 441.0000, -665.0000, 9.0000,  437.0000, -669.0000, 10.0000,  205, 133, 63
L 437.0000, -669.0000, 10.0000,  435.0000, -674.0000, 10.0000,  205, 133, 63
L 435.0000, -674.0000, 10.0000,  435.0000, -684.0000, 11.0000,  205, 133, 63
L 435.0000, -684.0000, 11.0000,  438.0000, -690.0000, 12.0000,  205, 133, 63
L 438.0000, -690.0000, 12.0000,  439.0000, -695.0000, 12.0000,  205, 133, 63
L 439.0000, -695.0000, 12.0000,  438.0000, -699.0000, 12.0000,  205, 133, 63
L 438.0000, -699.0000, 12.0000,  441.0000, -708.0000, 14.0000,  205, 133, 63
L 441.0000, -708.0000, 14.0000,  452.0000, -723.0000, 17.0000,  205, 133, 63
L 452.0000, -723.0000, 17.0000,  456.0000, -728.0000, 18.0000,  205, 133, 63
L 456.0000, -728.0000, 18.0000,  469.0000, -733.0000, 19.0000,  205, 133, 63
L 469.0000, -733.0000, 19.0000,  475.0000, -736.0000, 19.0000,  205, 133, 63
L 475.0000, -736.0000, 19.0000,  477.0000, -740.0000, 20.0000,  205, 133, 63
L 477.0000, -740.0000, 20.0000,  484.0000, -743.0000, 21.0000,  205, 133, 63
L 484.0000, -743.0000, 21.0000,  488.0000, -751.0000, 22.0000,  205, 133, 63
L 488.0000, -751.0000, 22.0000,  492.0000, -759.0000, 22.0000,  205, 133, 63
L 492.0000, -759.0000, 22.0000,  501.0000, -772.0000, 22.0000,  205, 133, 63
L 501.0000, -772.0000, 22.0000,  507.0000, -779.0000, 22.0000,  205, 133, 63
L 507.0000, -779.0000, 22.0000,  524.0000, -786.0000, 22.0000,  205, 133, 63
L 524.0000, -786.0000, 22.0000,  530.0000, -785.0000, 22.0000,  205, 133, 63
L 530.0000, -785.0000, 22.0000,  535.0000, -784.0000, 22.0000,  205, 133, 63
L 535.0000, -784.0000, 22.0000,  540.0000, -782.0000, 22.0000,  205, 133, 63
L 540.0000, -782.0000, 22.0000,  549.0000, -782.0000, 22.0000,  205, 133, 63
L 549.0000, -782.0000, 22.0000,  555.0000, -784.0000, 22.0000,  205, 133, 63
L 555.0000, -784.0000, 22.0000,  560.0000, -784.0000, 22.0000,  205, 133, 63
L 560.0000, -784.0000, 22.0000,  565.0000, -785.0000, 22.0000,  205, 133, 63
L 565.0000, -785.0000, 22.0000,  571.0000, -785.0000, 22.0000,  205, 133, 63
L 571.0000, -785.0000, 22.0000,  575.0000, -786.0000, 22.0000,  205, 133, 63
L 575.0000, -786.0000, 22.0000,  577.0000, -791.0000, 22.0000,  205, 133, 63
L 577.0000, -791.0000, 22.0000,  584.0000, -794.0000, 22.0000,  205, 133, 63
L 584.0000, -794.0000, 22.0000,  589.0000, -801.0000, 22.0000,  205, 133, 63
L 589.0000, -801.0000, 22.0000,  592.0000, -809.0000, 20.0000,  205, 133, 63
L 592.0000, -809.0000, 20.0000,  600.0000, -820.0000, 16.0000,  205, 133, 63
L 600.0000, -820.0000, 16.0000,  607.0000, -829.0000, 14.0000,  205, 133, 63
L 607.0000, -829.0000, 14.0000,  624.0000, -835.0000, 12.0000,  205, 133, 63
L 624.0000, -835.0000, 12.0000,  629.0000, -834.0000, 12.0000,  205, 133, 63
L 629.0000, -834.0000, 12.0000,  635.0000, -834.0000, 12.0000,  205, 133, 63
L 635.0000, -834.0000, 12.0000,  639.0000, -832.0000, 13.0000,  205, 133, 63
L 639.0000, -832.0000, 13.0000,  650.0000, -831.0000, 13.0000,  205, 133, 63
L 650.0000, -831.0000, 13.0000,  655.0000, -833.0000, 12.0000,  205, 133, 63
L 655.0000, -833.0000, 12.0000,  660.0000, -833.0000, 12.0000,  205, 133, 63
L 660.0000, -833.0000, 12.0000,  665.0000, -834.0000, 12.0000,  205, 133, 63
L 665.0000, -834.0000, 12.0000,  671.0000, -835.0000, 12.0000,  205, 133, 63
L 671.0000, -835.0000, 12.0000,  675.0000, -835.0000, 12.0000,  205, 133, 63
L 675.0000, -835.0000, 12.0000,  677.0000, -839.0000, 11.0000,  205, 133, 63
L 677.0000, -839.0000, 11.0000,  684.0000, -843.0000, 10.0000,  205, 133, 63
L 684.0000, -843.0000, 10.0000,  688.0000, -849.0000, 8.0000,  205, 133, 63
L 688.0000, -849.0000, 8.0000,  692.0000, -860.0000, 3.0000,  205, 133, 63
L 692.0000, -860.0000, 3.0000,  707.0000, -878.0000, -3.0000,  205, 133, 63
L 707.0000, -878.0000, -3.0000,  724.0000, -886.0000, -6.0000,  205, 133, 63
L 724.0000, -886.0000, -6.0000,  730.0000, -885.0000, -6.0000,  205, 133, 63
L 730.0000, -885.0000, -6.0000,  735.0000, -885.0000, -6.0000,  205, 133, 63
L 735.0000, -885.0000, -6.0000,  740.0000, -882.0000, -5.0000,  205, 133, 63
L 740.0000, -882.0000, -5.0000,  749.0000, -882.0000, -5.0000,  205, 133, 63
L 749.0000, -882.0000, -5.0000,  755.0000, -883.0000, -5.0000,  205, 133, 63
L 755.0000, -883.0000, -5.0000,  759.0000, -884.0000, -5.0000,  205, 133, 63
L 759.0000, -884.0000, -5.0000,  765.0000, -886.0000, -6.0000,  205, 133, 63
L 765.0000, -886.0000, -6.0000,  775.0000, -886.0000, -6.0000,  205, 133, 63
L 775.0000, -886.0000, -6.0000,  777.0000, -890.0000, -7.0000,  205, 133, 63
L 777.0000, -890.0000, -7.0000,  785.0000, -893.0000, -8.0000,  205, 133, 63
L 785.0000, -893.0000, -8.0000,  789.0000, -901.0000, -10.0000,  205, 133, 63
L 789.0000, -901.0000, -10.0000,  792.0000, -909.0000, -9.0000,  205, 133, 63
L 792.0000, -909.0000, -9.0000,  800.0000, -921.0000, -6.0000,  205, 133, 63
L 800.0000, -921.0000, -6.0000,  808.0000, -929.0000, -4.0000,  205, 133, 63
L 808.0000, -929.0000, -4.0000,  818.0000, -933.0000, -3.0000,  205, 133, 63
L 818.0000, -933.0000, -3.0000,  825.0000, -935.0000, -3.0000,  205, 133, 63
L 825.0000, -935.0000, -3.0000,  829.0000, -935.0000, -3.0000,  205, 133, 63
L 829.0000, -935.0000, -3.0000,  835.0000, -935.0000, -3.0000,  205, 133, 63
L 835.0000, -935.0000, -3.0000,  839.0000, -932.0000, -4.0000,  205, 133, 63
L 839.0000, -932.0000, -4.0000,  850.0000, -932.0000, -4.0000,  205, 133, 63
L 850.0000, -932.0000, -4.0000,  855.0000, -934.0000, -3.0000,  205, 133, 63
L 855.0000, -934.0000, -3.0000,  861.0000, -934.0000, -3.0000,  205, 133, 63
L 861.0000, -934.0000, -3.0000,  865.0000, -935.0000, -3.0000,  205, 133, 63
L 865.0000, -935.0000, -3.0000,  875.0000, -936.0000, -3.0000,  205, 133, 63
L 875.0000, -936.0000, -3.0000,  878.0000, -940.0000, -2.0000,  205, 133, 63
L 878.0000, -940.0000, -2.0000,  884.0000, -943.0000, -1.0000,  205, 133, 63
L 884.0000, -943.0000, -1.0000,  888.0000, -950.0000, 0.0000,  205, 133, 63
L 888.0000, -950.0000, 0.0000,  891.0000, -963.0000, 8.0000,  205, 133, 63
L 891.0000, -963.0000, 8.0000,  891.0000, -966.0000, 11.0000,  205, 133, 63
L 891.0000, -966.0000, 11.0000,  887.0000, -972.0000, 14.0000,  205, 133, 63
L 887.0000, -972.0000, 14.0000,  885.0000, -975.0000, 17.0000,  205, 133, 63
L 885.0000, -975.0000, 17.0000,  885.0000, -982.0000, 22.0000,  205, 133, 63
L 885.0000, -982.0000, 22.0000,  888.0000, -986.0000, 25.0000,  205, 133, 63
L 888.0000, -986.0000, 25.0000,  889.0000, -995.0000, 32.0000,  205, 133, 63
L 889.0000, -995.0000, 32.0000,  888.0000, -1000.0000, 35.0000,  205, 133, 63
L 888.0000, -1000.0000, 35.0000,  888.0000, -1011.0000, 39.0000,  205, 133, 63
L 888.0000, -1011.0000, 39.0000,  886.0000, -1017.0000, 41.0000,  205, 133, 63
L 886.0000, -1017.0000, 41.0000,  886.0000, -1020.0000, 43.0000,  205, 133, 63
L 886.0000, -1020.0000, 43.0000,  884.0000, -1024.0000, 45.0000,  205, 133, 63
L 884.0000, -1024.0000, 45.0000,  884.0000, -1034.0000, 48.0000,  205, 133, 63
L 884.0000, -1034.0000, 48.0000,  887.0000, -1038.0000, 50.0000,  205, 133, 63
L 887.0000, -1038.0000, 50.0000,  887.0000, -1045.0000, 53.0000,  205, 133, 63
L 887.0000, -1045.0000, 53.0000,  888.0000, -1050.0000, 54.0000,  205, 133, 63
L 888.0000, -1050.0000, 54.0000,  890.0000, -1054.0000, 54.0000,  205, 133, 63
L 890.0000, -1054.0000, 54.0000,  892.0000, -1059.0000, 54.0000,  205, 133, 63
L 892.0000, -1059.0000, 54.0000,  900.0000, -1071.0000, 54.0000,  205, 133, 63
L 900.0000, -1071.0000, 54.0000,  907.0000, -1078.0000, 54.0000,  205, 133, 63
L 907.0000, -1078.0000, 54.0000,  917.0000, -1083.0000, 54.0000,  205, 133, 63
L 917.0000, -1083.0000, 54.0000,  925.0000, -1086.0000, 54.0000,  205, 133, 63
L 925.0000, -1086.0000, 54.0000,  927.0000, -1091.0000, 54.0000,  205, 133, 63
L 927.0000, -1091.0000, 54.0000,  934.0000, -1094.0000, 54.0000,  205, 133, 63
L 934.0000, -1094.0000, 54.0000,  938.0000, -1100.0000, 54.0000,  205, 133, 63
L 938.0000, -1100.0000, 54.0000,  939.0000, -1106.0000, 52.0000,  205, 133, 63
L 939.0000, -1106.0000, 52.0000,  941.0000, -1110.0000, 50.0000,  205, 133, 63
L 941.0000, -1110.0000, 50.0000,  941.0000, -1115.0000, 49.0000,  205, 133, 63
L 941.0000, -1115.0000, 49.0000,  937.0000, -1121.0000, 47.0000,  205, 133, 63
L 937.0000, -1121.0000, 47.0000,  935.0000, -1125.0000, 46.0000,  205, 133, 63
L 935.0000, -1125.0000, 46.0000,  935.0000, -1134.0000, 43.0000,  205, 133, 63
L 935.0000, -1134.0000, 43.0000,  938.0000, -1139.0000, 41.0000,  205, 133, 63
L 938.0000, -1139.0000, 41.0000,  939.0000, -1144.0000, 40.0000,  205, 133, 63
L 939.0000, -1144.0000, 40.0000,  938.0000, -1150.0000, 37.0000,  205, 133, 63
L 938.0000, -1150.0000, 37.0000,  935.0000, -1153.0000, 37.0000,  205, 133, 63
L 935.0000, -1153.0000, 37.0000,  930.0000, -1157.0000, 37.0000,  205, 133, 63
L 930.0000, -1157.0000, 37.0000,  924.0000, -1163.0000, 36.0000,  205, 133, 63
L 924.0000, -1163.0000, 36.0000,  917.0000, -1163.0000, 36.0000,  205, 133, 63
L 917.0000, -1163.0000, 36.0000,  905.0000, -1171.0000, 34.0000,  205, 133, 63
L 905.0000, -1171.0000, 34.0000,  899.0000, -1183.0000, 33.0000,  205, 133, 63
L 899.0000, -1183.0000, 33.0000,  892.0000, -1190.0000, 32.0000,  205, 133, 63
L 892.0000, -1190.0000, 32.0000,  888.0000, -1200.0000, 31.0000,  205, 133, 63
L 888.0000, -1200.0000, 31.0000,  888.0000, -1210.0000, 30.0000,  205, 133, 63
L 888.0000, -1210.0000, 30.0000,  886.0000, -1216.0000, 30.0000,  205, 133, 63
L 886.0000, -1216.0000, 30.0000,  886.0000, -1220.0000, 29.0000,  205, 133, 63
L 886.0000, -1220.0000, 29.0000,  884.0000, -1226.0000, 29.0000,  205, 133, 63
L 884.0000, -1226.0000, 29.0000,  884.0000, -1235.0000, 28.0000,  205, 133, 63
L 884.0000, -1235.0000, 28.0000,  887.0000, -1240.0000, 28.0000,  205, 133, 63
L 887.0000, -1240.0000, 28.0000,  887.0000, -1245.0000, 28.0000,  205, 133, 63
L 887.0000, -1245.0000, 28.0000,  888.0000, -1250.0000, 28.0000,  205, 133, 63
L 888.0000, -1250.0000, 28.0000,  887.0000, -1261.0000, 32.0000,  205, 133, 63
L 887.0000, -1261.0000, 32.0000,  886.0000, -1266.0000, 34.0000,  205, 133, 63
L 886.0000, -1266.0000, 34.0000,  886.0000, -1271.0000, 37.0000,  205, 133, 63
L 886.0000, -1271.0000, 37.0000,  884.0000, -1275.0000, 39.0000,  205, 133, 63
L 884.0000, -1275.0000, 39.0000,  907.0000, -1275.0000, 39.0000,  205, 133, 63
L 907.0000, -1275.0000, 39.0000,  908.0000, -1270.0000, 36.0000,  205, 133, 63
L 908.0000, -1270.0000, 36.0000,  908.0000, -1265.0000, 34.0000,  205, 133, 63
L 908.0000, -1265.0000, 34.0000,  910.0000, -1260.0000, 32.0000,  205, 133, 63
L 910.0000, -1260.0000, 32.0000,  911.0000, -1249.0000, 27.0000,  205, 133, 63
L 911.0000, -1249.0000, 27.0000,  910.0000, -1245.0000, 28.0000,  205, 133, 63
L 910.0000, -1245.0000, 28.0000,  910.0000, -1240.0000, 28.0000,  205, 133, 63
L 910.0000, -1240.0000, 28.0000,  907.0000, -1234.0000, 28.0000,  205, 133, 63
L 907.0000, -1234.0000, 28.0000,  907.0000, -1225.0000, 29.0000,  205, 133, 63
L 907.0000, -1225.0000, 29.0000,  909.0000, -1220.0000, 29.0000,  205, 133, 63
L 909.0000, -1220.0000, 29.0000,  909.0000, -1214.0000, 30.0000,  205, 133, 63
L 909.0000, -1214.0000, 30.0000,  910.0000, -1210.0000, 30.0000,  205, 133, 63
L 910.0000, -1210.0000, 30.0000,  911.0000, -1204.0000, 30.0000,  205, 133, 63
L 911.0000, -1204.0000, 30.0000,  911.0000, -1199.0000, 31.0000,  205, 133, 63
L 911.0000, -1199.0000, 31.0000,  915.0000, -1196.0000, 31.0000,  205, 133, 63
L 915.0000, -1196.0000, 31.0000,  919.0000, -1190.0000, 32.0000,  205, 133, 63
L 919.0000, -1190.0000, 32.0000,  924.0000, -1186.0000, 33.0000,  205, 133, 63
L 924.0000, -1186.0000, 33.0000,  934.0000, -1182.0000, 33.0000,  205, 133, 63
L 934.0000, -1182.0000, 33.0000,  946.0000, -1174.0000, 34.0000,  205, 133, 63
L 946.0000, -1174.0000, 34.0000,  953.0000, -1168.0000, 35.0000,  205, 133, 63
L 953.0000, -1168.0000, 35.0000,  961.0000, -1149.0000, 38.0000,  205, 133, 63
L 961.0000, -1149.0000, 38.0000,  962.0000, -1143.0000, 40.0000,  205, 133, 63
L 962.0000, -1143.0000, 40.0000,  961.0000, -1138.0000, 41.0000,  205, 133, 63
L 961.0000, -1138.0000, 41.0000,  958.0000, -1134.0000, 43.0000,  205, 133, 63
L 958.0000, -1134.0000, 43.0000,  958.0000, -1125.0000, 46.0000,  205, 133, 63
L 958.0000, -1125.0000, 46.0000,  960.0000, -1119.0000, 47.0000,  205, 133, 63
L 960.0000, -1119.0000, 47.0000,  964.0000, -1114.0000, 49.0000,  205, 133, 63
L 964.0000, -1114.0000, 49.0000,  964.0000, -1110.0000, 50.0000,  205, 133, 63
L 964.0000, -1110.0000, 50.0000,  962.0000, -1105.0000, 52.0000,  205, 133, 63
L 962.0000, -1105.0000, 52.0000,  961.0000, -1099.0000, 54.0000,  205, 133, 63
L 961.0000, -1099.0000, 54.0000,  961.0000, -1092.0000, 54.0000,  205, 133, 63
L 961.0000, -1092.0000, 54.0000,  953.0000, -1080.0000, 54.0000,  205, 133, 63
L 953.0000, -1080.0000, 54.0000,  942.0000, -1075.0000, 54.0000,  205, 133, 63
L 942.0000, -1075.0000, 54.0000,  935.0000, -1067.0000, 54.0000,  205, 133, 63
L 935.0000, -1067.0000, 54.0000,  925.0000, -1063.0000, 54.0000,  205, 133, 63
L 925.0000, -1063.0000, 54.0000,  921.0000, -1060.0000, 54.0000,  205, 133, 63
L 921.0000, -1060.0000, 54.0000,  917.0000, -1055.0000, 54.0000,  205, 133, 63
L 917.0000, -1055.0000, 54.0000,  911.0000, -1049.0000, 54.0000,  205, 133, 63
L 911.0000, -1049.0000, 54.0000,  910.0000, -1042.0000, 51.0000,  205, 133, 63
L 910.0000, -1042.0000, 51.0000,  910.0000, -1038.0000, 50.0000,  205, 133, 63
L 910.0000, -1038.0000, 50.0000,  907.0000, -1033.0000, 48.0000,  205, 133, 63
L 907.0000, -1033.0000, 48.0000,  907.0000, -1025.0000, 45.0000,  205, 133, 63
L 907.0000, -1025.0000, 45.0000,  909.0000, -1019.0000, 43.0000,  205, 133, 63
L 909.0000, -1019.0000, 43.0000,  909.0000, -1015.0000, 41.0000,  205, 133, 63
L 909.0000, -1015.0000, 41.0000,  911.0000, -1009.0000, 39.0000,  205, 133, 63
L 911.0000, -1009.0000, 39.0000,  912.0000, -995.0000, 31.0000,  205, 133, 63
L 912.0000, -995.0000, 31.0000,  911.0000, -987.0000, 25.0000,  205, 133, 63
L 911.0000, -987.0000, 25.0000,  908.0000, -982.0000, 22.0000,  205, 133, 63
L 908.0000, -982.0000, 22.0000,  907.0000, -974.0000, 16.0000,  205, 133, 63
L 907.0000, -974.0000, 16.0000,  910.0000, -970.0000, 13.0000,  205, 133, 63
L 910.0000, -970.0000, 13.0000,  914.0000, -966.0000, 11.0000,  205, 133, 63
L 914.0000, -966.0000, 11.0000,  914.0000, -961.0000, 7.0000,  205, 133, 63
L 914.0000, -961.0000, 7.0000,  912.0000, -953.0000, 2.0000,  205, 133, 63
L 912.0000, -953.0000, 2.0000,  911.0000, -949.0000, 0.0000,  205, 133, 63
L 911.0000, -949.0000, 0.0000,  911.0000, -941.0000, -1.0000,  205, 133, 63
L 911.0000, -941.0000, -1.0000,  903.0000, -929.0000, -4.0000,  205, 133, 63
L 903.0000, -929.0000, -4.0000,  892.0000, -925.0000, -5.0000,  205, 133, 63
L 892.0000, -925.0000, -5.0000,  885.0000, -918.0000, -7.0000,  205, 133, 63
L 885.0000, -918.0000, -7.0000,  875.0000, -914.0000, -8.0000,  205, 133, 63
L 875.0000, -914.0000, -8.0000,  864.0000, -913.0000, -8.0000,  205, 133, 63
L 864.0000, -913.0000, -8.0000,  859.0000, -912.0000, -8.0000,  205, 133, 63
L 859.0000, -912.0000, -8.0000,  854.0000, -911.0000, -8.0000,  205, 133, 63
L 854.0000, -911.0000, -8.0000,  849.0000, -910.0000, -9.0000,  205, 133, 63
L 849.0000, -910.0000, -9.0000,  838.0000, -910.0000, -9.0000,  205, 133, 63
L 838.0000, -910.0000, -9.0000,  834.0000, -913.0000, -8.0000,  205, 133, 63
L 834.0000, -913.0000, -8.0000,  828.0000, -913.0000, -8.0000,  205, 133, 63
L 828.0000, -913.0000, -8.0000,  822.0000, -911.0000, -8.0000,  205, 133, 63
L 822.0000, -911.0000, -8.0000,  817.0000, -905.0000, -9.0000,  205, 133, 63
L 817.0000, -905.0000, -9.0000,  811.0000, -900.0000, -11.0000,  205, 133, 63
L 811.0000, -900.0000, -11.0000,  811.0000, -891.0000, -7.0000,  205, 133, 63
L 811.0000, -891.0000, -7.0000,  803.0000, -879.0000, -3.0000,  205, 133, 63
L 803.0000, -879.0000, -3.0000,  792.0000, -875.0000, -2.0000,  205, 133, 63
L 792.0000, -875.0000, -2.0000,  785.0000, -869.0000, 0.0000,  205, 133, 63
L 785.0000, -869.0000, 0.0000,  775.0000, -865.0000, 1.0000,  205, 133, 63
L 775.0000, -865.0000, 1.0000,  758.0000, -862.0000, 2.0000,  205, 133, 63
L 758.0000, -862.0000, 2.0000,  754.0000, -862.0000, 2.0000,  205, 133, 63
L 754.0000, -862.0000, 2.0000,  749.0000, -861.0000, 3.0000,  205, 133, 63
L 749.0000, -861.0000, 3.0000,  739.0000, -861.0000, 3.0000,  205, 133, 63
L 739.0000, -861.0000, 3.0000,  734.0000, -863.0000, 2.0000,  205, 133, 63
L 734.0000, -863.0000, 2.0000,  725.0000, -864.0000, 2.0000,  205, 133, 63
L 725.0000, -864.0000, 2.0000,  721.0000, -862.0000, 3.0000,  205, 133, 63
L 721.0000, -862.0000, 3.0000,  711.0000, -849.0000, 8.0000,  205, 133, 63
L 711.0000, -849.0000, 8.0000,  711.0000, -841.0000, 11.0000,  205, 133, 63
L 711.0000, -841.0000, 11.0000,  703.0000, -829.0000, 14.0000,  205, 133, 63
L 703.0000, -829.0000, 14.0000,  692.0000, -825.0000, 15.0000,  205, 133, 63
L 692.0000, -825.0000, 15.0000,  685.0000, -818.0000, 17.0000,  205, 133, 63
L 685.0000, -818.0000, 17.0000,  674.0000, -813.0000, 18.0000,  205, 133, 63
L 674.0000, -813.0000, 18.0000,  664.0000, -813.0000, 18.0000,  205, 133, 63
L 664.0000, -813.0000, 18.0000,  659.0000, -811.0000, 19.0000,  205, 133, 63
L 659.0000, -811.0000, 19.0000,  655.0000, -811.0000, 19.0000,  205, 133, 63
L 655.0000, -811.0000, 19.0000,  649.0000, -810.0000, 19.0000,  205, 133, 63
L 649.0000, -810.0000, 19.0000,  639.0000, -809.0000, 20.0000,  205, 133, 63
L 639.0000, -809.0000, 20.0000,  635.0000, -812.0000, 19.0000,  205, 133, 63
L 635.0000, -812.0000, 19.0000,  629.0000, -812.0000, 19.0000,  205, 133, 63
L 629.0000, -812.0000, 19.0000,  624.0000, -813.0000, 18.0000,  205, 133, 63
L 624.0000, -813.0000, 18.0000,  621.0000, -811.0000, 19.0000,  205, 133, 63
L 621.0000, -811.0000, 19.0000,  618.0000, -806.0000, 21.0000,  205, 133, 63
L 618.0000, -806.0000, 21.0000,  611.0000, -799.0000, 22.0000,  205, 133, 63
L 611.0000, -799.0000, 22.0000,  611.0000, -791.0000, 22.0000,  205, 133, 63
L 611.0000, -791.0000, 22.0000,  603.0000, -780.0000, 22.0000,  205, 133, 63
L 603.0000, -780.0000, 22.0000,  592.0000, -775.0000, 22.0000,  205, 133, 63
L 592.0000, -775.0000, 22.0000,  585.0000, -768.0000, 22.0000,  205, 133, 63
L 585.0000, -768.0000, 22.0000,  573.0000, -763.0000, 22.0000,  205, 133, 63
L 573.0000, -763.0000, 22.0000,  569.0000, -763.0000, 23.0000,  205, 133, 63
L 569.0000, -763.0000, 23.0000,  564.0000, -762.0000, 22.0000,  205, 133, 63
L 564.0000, -762.0000, 22.0000,  559.0000, -761.0000, 22.0000,  205, 133, 63
L 559.0000, -761.0000, 22.0000,  554.0000, -761.0000, 22.0000,  205, 133, 63
L 554.0000, -761.0000, 22.0000,  549.0000, -759.0000, 22.0000,  205, 133, 63
L 549.0000, -759.0000, 22.0000,  539.0000, -759.0000, 22.0000,  205, 133, 63
L 539.0000, -759.0000, 22.0000,  535.0000, -762.0000, 22.0000,  205, 133, 63
L 535.0000, -762.0000, 22.0000,  529.0000, -762.0000, 22.0000,  205, 133, 63
L 529.0000, -762.0000, 22.0000,  525.0000, -763.0000, 22.0000,  205, 133, 63
L 525.0000, -763.0000, 22.0000,  522.0000, -760.0000, 22.0000,  205, 133, 63
L 522.0000, -760.0000, 22.0000,  518.0000, -756.0000, 22.0000,  205, 133, 63
L 518.0000, -756.0000, 22.0000,  511.0000, -750.0000, 22.0000,  205, 133, 63
L 511.0000, -750.0000, 22.0000,  511.0000, -741.0000, 20.0000,  205, 133, 63
L 511.0000, -741.0000, 20.0000,  503.0000, -729.0000, 18.0000,  205, 133, 63
L 503.0000, -729.0000, 18.0000,  493.0000, -725.0000, 17.0000,  205, 133, 63
L 493.0000, -725.0000, 17.0000,  485.0000, -717.0000, 16.0000,  205, 133, 63
L 485.0000, -717.0000, 16.0000,  474.0000, -713.0000, 15.0000,  205, 133, 63
L 474.0000, -713.0000, 15.0000,  471.0000, -710.0000, 14.0000,  205, 133, 63
L 471.0000, -710.0000, 14.0000,  468.0000, -705.0000, 13.0000,  205, 133, 63
L 468.0000, -705.0000, 13.0000,  461.0000, -699.0000, 12.0000,  205, 133, 63
L 461.0000, -699.0000, 12.0000,  462.0000, -694.0000, 12.0000,  205, 133, 63
L 462.0000, -694.0000, 12.0000,  461.0000, -689.0000, 12.0000,  205, 133, 63
L 461.0000, -689.0000, 12.0000,  458.0000, -685.0000, 11.0000,  205, 133, 63
L 458.0000, -685.0000, 11.0000,  458.0000, -674.0000, 10.0000,  205, 133, 63
L 458.0000, -674.0000, 10.0000,  460.0000, -669.0000, 10.0000,  205, 133, 63
L 460.0000, -669.0000, 10.0000,  464.0000, -665.0000, 9.0000,  205, 133, 63
L 464.0000, -665.0000, 9.0000,  463.0000, -659.0000, 9.0000,  205, 133, 63
L 463.0000, -659.0000, 9.0000,  461.0000, -654.0000, 8.0000,  205, 133, 63
L 461.0000, -654.0000, 8.0000,  461.0000, -642.0000, 8.0000,  205, 133, 63
L 461.0000, -642.0000, 8.0000,  453.0000, -630.0000, 8.0000,  205, 133, 63
L 453.0000, -630.0000, 8.0000,  442.0000, -625.0000, 8.0000,  205, 133, 63
L 442.0000, -625.0000, 8.0000,  435.0000, -618.0000, 8.0000,  205, 133, 63
L 435.0000, -618.0000, 8.0000,  425.0000, -613.0000, 8.0000,  205, 133, 63
L 425.0000, -613.0000, 8.0000,  422.0000, -611.0000, 8.0000,  205, 133, 63
L 422.0000, -611.0000, 8.0000,  418.0000, -605.0000, 8.0000,  205, 133, 63
L 418.0000, -605.0000, 8.0000,  411.0000, -600.0000, 8.0000,  205, 133, 63
L 411.0000, -600.0000, 8.0000,  412.0000, -593.0000, 10.0000,  205, 133, 63
L 412.0000, -593.0000, 10.0000,  411.0000, -589.0000, 12.0000,  205, 133, 63
L 411.0000, -589.0000, 12.0000,  408.0000, -584.0000, 13.0000,  205, 133, 63
L 408.0000, -584.0000, 13.0000,  408.0000, -575.0000, 17.0000,  205, 133, 63
L 408.0000, -575.0000, 17.0000,  410.0000, -570.0000, 18.0000,  205, 133, 63
L 410.0000, -570.0000, 18.0000,  414.0000, -565.0000, 20.0000,  205, 133, 63
L 414.0000, -565.0000, 20.0000,  414.0000, -561.0000, 22.0000,  205, 133, 63
L 414.0000, -561.0000, 22.0000,  412.0000, -556.0000, 24.0000,  205, 133, 63
L 412.0000, -556.0000, 24.0000,  411.0000, -541.0000, 28.0000,  205, 133, 63
L 411.0000, -541.0000, 28.0000,  403.0000, -529.0000, 32.0000,  205, 133, 63
L 403.0000, -529.0000, 32.0000,  392.0000, -524.0000, 33.0000,  205, 133, 63
L 392.0000, -524.0000, 33.0000,  385.0000, -518.0000, 35.0000,  205, 133, 63
L 385.0000, -518.0000, 35.0000,  374.0000, -513.0000, 36.0000,  205, 133, 63
L 374.0000, -513.0000, 36.0000,  371.0000, -511.0000, 36.0000,  205, 133, 63
L 371.0000, -511.0000, 36.0000,  368.0000, -506.0000, 38.0000,  205, 133, 63
L 368.0000, -506.0000, 38.0000,  360.0000, -499.0000, 39.0000,  205, 133, 63
L 360.0000, -499.0000, 39.0000,  360.0000, -489.0000, 40.0000,  205, 133, 63
L 360.0000, -489.0000, 40.0000,  357.0000, -484.0000, 40.0000,  205, 133, 63
L 357.0000, -484.0000, 40.0000,  357.0000, -475.0000, 40.0000,  205, 133, 63
L 357.0000, -475.0000, 40.0000,  359.0000, -470.0000, 40.0000,  205, 133, 63
L 359.0000, -470.0000, 40.0000,  359.0000, -465.0000, 40.0000,  205, 133, 63
L 359.0000, -465.0000, 40.0000,  361.0000, -459.0000, 40.0000,  205, 133, 63
L 361.0000, -459.0000, 40.0000,  361.0000, -453.0000, 40.0000,  205, 133, 63
L 361.0000, -453.0000, 40.0000,  362.0000, -444.0000, 38.0000,  205, 133, 63
L 362.0000, -444.0000, 38.0000,  361.0000, -439.0000, 38.0000,  205, 133, 63
L 361.0000, -439.0000, 38.0000,  358.0000, -434.0000, 37.0000,  205, 133, 63
L 358.0000, -434.0000, 37.0000,  358.0000, -424.0000, 35.0000,  205, 133, 63
L 358.0000, -424.0000, 35.0000,  360.0000, -420.0000, 34.0000,  205, 133, 63
L 360.0000, -420.0000, 34.0000,  364.0000, -415.0000, 33.0000,  205, 133, 63
L 364.0000, -415.0000, 33.0000,  364.0000, -409.0000, 32.0000,  205, 133, 63
L 364.0000, -409.0000, 32.0000,  362.0000, -404.0000, 32.0000,  127, 64, 0
L 362.0000, -404.0000, 32.0000,  360.0000, -394.0000, 31.0000,  205, 133, 63
L 360.0000, -394.0000, 31.0000,  360.0000, -389.0000, 32.0000,  205, 133, 63
L 360.0000, -389.0000, 32.0000,  357.0000, -384.0000, 33.0000,  205, 133, 63
L 357.0000, -384.0000, 33.0000,  357.0000, -374.0000, 35.0000,  205, 133, 63
L 357.0000, -374.0000, 35.0000,  359.0000, -370.0000, 36.0000,  205, 133, 63
L 359.0000, -370.0000, 36.0000,  359.0000, -364.0000, 36.0000,  205, 133, 63
L 359.0000, -364.0000, 36.0000,  360.0000, -360.0000, 37.0000,  205, 133, 63
L 360.0000, -360.0000, 37.0000,  362.0000, -344.0000, 37.0000,  205, 133, 63
L 362.0000, -344.0000, 37.0000,  360.0000, -338.0000, 36.0000,  205, 133, 63
L 360.0000, -338.0000, 36.0000,  358.0000, -334.0000, 35.0000,  205, 133, 63
L 358.0000, -334.0000, 35.0000,  358.0000, -325.0000, 33.0000,  205, 133, 63
L 358.0000, -325.0000, 33.0000,  361.0000, -318.0000, 31.0000,  205, 133, 63
L 361.0000, -318.0000, 31.0000,  364.0000, -314.0000, 30.0000,  205, 133, 63
L 364.0000, -314.0000, 30.0000,  364.0000, -310.0000, 29.0000,  205, 133, 63
L 364.0000, -310.0000, 29.0000,  362.0000, -304.0000, 28.0000,  205, 133, 63
L 362.0000, -304.0000, 28.0000,  360.0000, -294.0000, 27.0000,  205, 133, 63
L 360.0000, -294.0000, 27.0000,  360.0000, -289.0000, 27.0000,  205, 133, 63
L 360.0000, -289.0000, 27.0000,  357.0000, -284.0000, 27.0000,  205, 133, 63
L 357.0000, -284.0000, 27.0000,  357.0000, -274.0000, 27.0000,  205, 133, 63
L 357.0000, -274.0000, 27.0000,  359.0000, -269.0000, 27.0000,  205, 133, 63
L 359.0000, -269.0000, 27.0000,  359.0000, -264.0000, 27.0000,  205, 133, 63
L 359.0000, -264.0000, 27.0000,  361.0000, -259.0000, 27.0000,  205, 133, 63
L 361.0000, -259.0000, 27.0000,  362.0000, -244.0000, 28.0000,  205, 133, 63
L 362.0000, -244.0000, 28.0000,  361.0000, -240.0000, 27.0000,  205, 133, 63
L 361.0000, -240.0000, 27.0000,  358.0000, -235.0000, 27.0000,  205, 133, 63
L 358.0000, -235.0000, 27.0000,  358.0000, -225.0000, 27.0000,  205, 133, 63
L 358.0000, -225.0000, 27.0000,  360.0000, -219.0000, 27.0000,  205, 133, 63
L 360.0000, -219.0000, 27.0000,  364.0000, -214.0000, 27.0000,  205, 133, 63
L 364.0000, -214.0000, 27.0000,  364.0000, -209.0000, 27.0000,  205, 133, 63
L 364.0000, -209.0000, 27.0000,  362.0000, -204.0000, 27.0000,  205, 133, 63
L 362.0000, -204.0000, 27.0000,  360.0000, -194.0000, 26.0000,  205, 133, 63
L 360.0000, -194.0000, 26.0000,  360.0000, -189.0000, 25.0000,  205, 133, 63
L 360.0000, -189.0000, 25.0000,  357.0000, -185.0000, 25.0000,  205, 133, 63
L 357.0000, -185.0000, 25.0000,  357.0000, -175.0000, 23.0000,  205, 133, 63
L 357.0000, -175.0000, 23.0000,  359.0000, -170.0000, 22.0000,  205, 133, 63
L 359.0000, -170.0000, 22.0000,  359.0000, -165.0000, 21.0000,  205, 133, 63
L 359.0000, -165.0000, 21.0000,  361.0000, -159.0000, 20.0000,  205, 133, 63
L 361.0000, -159.0000, 20.0000,  361.0000, -154.0000, 19.0000,  205, 133, 63
L 361.0000, -154.0000, 19.0000,  361.0000, -150.0000, 19.0000,  205, 133, 63
L 361.0000, -150.0000, 19.0000,  365.0000, -147.0000, 19.0000,  205, 133, 63
L 365.0000, -147.0000, 19.0000,  369.0000, -140.0000, 19.0000,  205, 133, 63
L 369.0000, -140.0000, 19.0000,  375.0000, -136.0000, 19.0000,  205, 133, 63
L 375.0000, -136.0000, 19.0000,  382.0000, -133.0000, 19.0000,  205, 133, 63
L 382.0000, -133.0000, 19.0000,  396.0000, -124.0000, 19.0000,  205, 133, 63
L 396.0000, -124.0000, 19.0000,  403.0000, -118.0000, 19.0000,  205, 133, 63
L 403.0000, -118.0000, 19.0000,  408.0000, -107.0000, 19.0000,  205, 133, 63
L 408.0000, -107.0000, 19.0000,  411.0000, -99.0000, 19.0000,  205, 133, 63
L 411.0000, -99.0000, 19.0000,  410.0000, -92.0000, 21.0000,  205, 133, 63
L 410.0000, -92.0000, 21.0000,  410.0000, -88.0000, 22.0000,  205, 133, 63
L 410.0000, -88.0000, 22.0000,  407.0000, -84.0000, 23.0000,  205, 133, 63
L 407.0000, -84.0000, 23.0000,  407.0000, -75.0000, 25.0000,  205, 133, 63
L 407.0000, -75.0000, 25.0000,  409.0000, -69.0000, 27.0000,  205, 133, 63
L 409.0000, -69.0000, 27.0000,  409.0000, -64.0000, 28.0000,  205, 133, 63
L 409.0000, -64.0000, 28.0000,  410.0000, -59.0000, 29.0000,  205, 133, 63
L 410.0000, -59.0000, 29.0000,  411.0000, -50.0000, 31.0000,  205, 133, 63
L 411.0000, -50.0000, 31.0000,  415.0000, -47.0000, 31.0000,  205, 133, 63
L 415.0000, -47.0000, 31.0000,  419.0000, -39.0000, 31.0000,  205, 133, 63
L 419.0000, -39.0000, 31.0000,  425.0000, -36.0000, 30.0000,  205, 133, 63
L 425.0000, -36.0000, 30.0000,  433.0000, -32.0000, 30.0000,  205, 133, 63
L 433.0000, -32.0000, 30.0000,  439.0000, -28.0000, 30.0000,  205, 133, 63
L 439.0000, -28.0000, 30.0000,  446.0000, -23.0000, 29.0000,  205, 133, 63
L 446.0000, -23.0000, 29.0000,  453.0000, -17.0000, 29.0000,  205, 133, 63
L 453.0000, -17.0000, 29.0000,  459.0000, -6.0000, 28.0000,  205, 133, 63
L 459.0000, -6.0000, 28.0000,  461.0000, 0.0000, 27.0000,  205, 133, 63
L 461.0000, 0.0000, 27.0000,  465.0000, 2.0000, 27.0000,  205, 133, 63
L 465.0000, 2.0000, 27.0000,  469.0000, 9.0000, 27.0000,  205, 133, 63
L 469.0000, 9.0000, 27.0000,  475.0000, 13.0000, 27.0000,  205, 133, 63
L 475.0000, 13.0000, 27.0000,  480.0000, 14.0000, 26.0000,  205, 133, 63
L 480.0000, 14.0000, 26.0000,  485.0000, 14.0000, 26.0000,  205, 133, 63
L 485.0000, 14.0000, 26.0000,  489.0000, 17.0000, 26.0000,  205, 133, 63
L 489.0000, 17.0000, 26.0000,  500.0000, 17.0000, 26.0000,  205, 133, 63
L 500.0000, 17.0000, 26.0000,  505.0000, 15.0000, 26.0000,  205, 133, 63
L 505.0000, 15.0000, 26.0000,  509.0000, 15.0000, 26.0000,  205, 133, 63
L 509.0000, 15.0000, 26.0000,  515.0000, 14.0000, 27.0000,  205, 133, 63
L 515.0000, 14.0000, 27.0000,  524.0000, 13.0000, 27.0000,  205, 133, 63
L 524.0000, 13.0000, 27.0000,  533.0000, 17.0000, 27.0000,  205, 133, 63
L 533.0000, 17.0000, 27.0000,  546.0000, 25.0000, 26.0000,  205, 133, 63
L 546.0000, 25.0000, 26.0000,  553.0000, 31.0000, 26.0000,  205, 133, 63
L 553.0000, 31.0000, 26.0000,  559.0000, 43.0000, 25.0000,  205, 133, 63
L 559.0000, 43.0000, 25.0000,  561.0000, 49.0000, 25.0000,  205, 133, 63
L 561.0000, 49.0000, 25.0000,  565.0000, 53.0000, 23.0000,  205, 133, 63
L 565.0000, 53.0000, 23.0000,  569.0000, 60.0000, 21.0000,  205, 133, 63
L 569.0000, 60.0000, 21.0000,  574.0000, 64.0000, 19.0000,  205, 133, 63
L 574.0000, 64.0000, 19.0000,  580.0000, 64.0000, 19.0000,  205, 133, 63
L 580.0000, 64.0000, 19.0000,  585.0000, 64.0000, 19.0000,  205, 133, 63
L 585.0000, 64.0000, 19.0000,  590.0000, 67.0000, 18.0000,  205, 133, 63
L 590.0000, 67.0000, 18.0000,  600.0000, 67.0000, 18.0000,  205, 133, 63
L 600.0000, 67.0000, 18.0000,  605.0000, 65.0000, 19.0000,  205, 133, 63
L 605.0000, 65.0000, 19.0000,  610.0000, 65.0000, 18.0000,  205, 133, 63
L 610.0000, 65.0000, 18.0000,  615.0000, 64.0000, 19.0000,  205, 133, 63
L 615.0000, 64.0000, 19.0000,  624.0000, 63.0000, 19.0000,  205, 133, 63
L 624.0000, 63.0000, 19.0000,  632.0000, 66.0000, 19.0000,  205, 133, 63
L 632.0000, 66.0000, 19.0000,  646.0000, 74.0000, 16.0000,  205, 133, 63
L 646.0000, 74.0000, 16.0000,  653.0000, 81.0000, 14.0000,  205, 133, 63
L 653.0000, 81.0000, 14.0000,  658.0000, 90.0000, 12.0000,  205, 133, 63
L 658.0000, 90.0000, 12.0000,  661.0000, 101.0000, 9.0000,  205, 133, 63
L 661.0000, 101.0000, 9.0000,  662.0000, 105.0000, 10.0000,  205, 133, 63
L 662.0000, 105.0000, 10.0000,  661.0000, 110.0000, 11.0000,  205, 133, 63
L 661.0000, 110.0000, 11.0000,  657.0000, 115.0000, 12.0000,  205, 133, 63
L 657.0000, 115.0000, 12.0000,  658.0000, 124.0000, 15.0000,  205, 133, 63
L 658.0000, 124.0000, 15.0000,  660.0000, 129.0000, 16.0000,  205, 133, 63
L 660.0000, 129.0000, 16.0000,  664.0000, 134.0000, 17.0000,  205, 133, 63
L 664.0000, 134.0000, 17.0000,  664.0000, 139.0000, 18.0000,  205, 133, 63
L 664.0000, 139.0000, 18.0000,  662.0000, 145.0000, 19.0000,  205, 133, 63
L 662.0000, 145.0000, 19.0000,  660.0000, 156.0000, 19.0000,  205, 133, 63
L 660.0000, 156.0000, 19.0000,  660.0000, 161.0000, 18.0000,  205, 133, 63
L 660.0000, 161.0000, 18.0000,  657.0000, 166.0000, 16.0000,  205, 133, 63
L 657.0000, 166.0000, 16.0000,  657.0000, 174.0000, 14.0000,  205, 133, 63
L 657.0000, 174.0000, 14.0000,  659.0000, 180.0000, 12.0000,  205, 133, 63
L 659.0000, 180.0000, 12.0000,  659.0000, 185.0000, 11.0000,  205, 133, 63
L 659.0000, 185.0000, 11.0000,  660.0000, 190.0000, 9.0000,  205, 133, 63
L 660.0000, 190.0000, 9.0000,  661.0000, 207.0000, 7.0000,  205, 133, 63
L 661.0000, 207.0000, 7.0000,  653.0000, 220.0000, 7.0000,  205, 133, 63
L 653.0000, 220.0000, 7.0000,  642.0000, 224.0000, 6.0000,  205, 133, 63
L 642.0000, 224.0000, 6.0000,  635.0000, 231.0000, 6.0000,  205, 133, 63
L 635.0000, 231.0000, 6.0000,  623.0000, 237.0000, 6.0000,  205, 133, 63
L 623.0000, 237.0000, 6.0000,  617.0000, 244.0000, 7.0000,  205, 133, 63
L 617.0000, 244.0000, 7.0000,  611.0000, 250.0000, 6.0000,  205, 133, 63
L 611.0000, 250.0000, 6.0000,  612.0000, 259.0000, 7.0000,  205, 133, 63
L 612.0000, 259.0000, 7.0000,  613.0000, 265.0000, 8.0000,  205, 133, 63
L 613.0000, 265.0000, 8.0000,  613.0000, 270.0000, 8.0000,  205, 133, 63
L 613.0000, 270.0000, 8.0000,  615.0000, 275.0000, 9.0000,  205, 133, 63
L 615.0000, 275.0000, 9.0000,  593.0000, 275.0000, 9.0000,  205, 133, 63
L -24.0000, 57.0000, -2.0000,  -24.0000, 34.0000, -2.0000,  205, 133, 63
L -24.0000, 34.0000, -2.0000,  -29.0000, 36.0000, 0.0000,  205, 133, 63
L -29.0000, 36.0000, 0.0000,  -34.0000, 36.0000, 0.0000,  205, 133, 63
L -34.0000, 36.0000, 0.0000,  -38.0000, 38.0000, 1.0000,  205, 133, 63
L -38.0000, 38.0000, 1.0000,  -49.0000, 38.0000, 5.0000,  205, 133, 63
L -49.0000, 38.0000, 5.0000,  -56.0000, 34.0000, 7.0000,  205, 133, 63
L -56.0000, 34.0000, 7.0000,  -59.0000, 27.0000, 7.0000,  205, 133, 63
L -59.0000, 27.0000, 7.0000,  -63.0000, 25.0000, 8.0000,  205, 133, 63
L -63.0000, 25.0000, 8.0000,  -71.0000, 6.0000, 10.0000,  205, 133, 63
L -71.0000, 6.0000, 10.0000,  -79.0000, 0.0000, 11.0000,  205, 133, 63
L -79.0000, 0.0000, 11.0000,  -85.0000, -4.0000, 12.0000,  205, 133, 63
L -85.0000, -4.0000, 12.0000,  -92.0000, -8.0000, 13.0000,  205, 133, 63
L -92.0000, -8.0000, 13.0000,  -99.0000, -11.0000, 15.0000,  205, 133, 63
L -99.0000, -11.0000, 15.0000,  -110.0000, -10.0000, 15.0000,  205, 133, 63
L -110.0000, -10.0000, 15.0000,  -115.0000, -9.0000, 15.0000,  205, 133, 63
L -115.0000, -9.0000, 15.0000,  -120.0000, -9.0000, 15.0000,  205, 133, 63
L -120.0000, -9.0000, 15.0000,  -125.0000, -7.0000, 15.0000,  205, 133, 63
L -125.0000, -7.0000, 15.0000,  -135.0000, -7.0000, 15.0000,  205, 133, 63
L -135.0000, -7.0000, 15.0000,  -140.0000, -10.0000, 15.0000,  205, 133, 63
L -140.0000, -10.0000, 15.0000,  -145.0000, -10.0000, 15.0000,  205, 133, 63
L -145.0000, -10.0000, 15.0000,  -150.0000, -11.0000, 15.0000,  205, 133, 63
L -150.0000, -11.0000, 15.0000,  -156.0000, -15.0000, 14.0000,  205, 133, 63
L -156.0000, -15.0000, 14.0000,  -159.0000, -22.0000, 14.0000,  205, 133, 63
L -159.0000, -22.0000, 14.0000,  -163.0000, -25.0000, 14.0000,  205, 133, 63
L -163.0000, -25.0000, 14.0000,  -171.0000, -43.0000, 13.0000,  205, 133, 63
L -171.0000, -43.0000, 13.0000,  -180.0000, -50.0000, 12.0000,  205, 133, 63
L -180.0000, -50.0000, 12.0000,  -192.0000, -58.0000, 11.0000,  205, 133, 63
L -192.0000, -58.0000, 11.0000,  -200.0000, -61.0000, 11.0000,  205, 133, 63
L -200.0000, -61.0000, 11.0000,  -206.0000, -65.0000, 9.0000,  205, 133, 63
L -206.0000, -65.0000, 9.0000,  -210.0000, -72.0000, 8.0000,  205, 133, 63
L -210.0000, -72.0000, 8.0000,  -213.0000, -75.0000, 7.0000,  205, 133, 63
L -213.0000, -75.0000, 7.0000,  -221.0000, -93.0000, 5.0000,  205, 133, 63
L -221.0000, -93.0000, 5.0000,  -229.0000, -100.0000, 3.0000,  205, 133, 63
L -229.0000, -100.0000, 3.0000,  -242.0000, -108.0000, 0.0000,  205, 133, 63
L -242.0000, -108.0000, 0.0000,  -250.0000, -111.0000, -2.0000,  205, 133, 63
L -250.0000, -111.0000, -2.0000,  -256.0000, -115.0000, -2.0000,  205, 133, 63
L -256.0000, -115.0000, -2.0000,  -258.0000, -122.0000, -2.0000,  205, 133, 63
L -258.0000, -122.0000, -2.0000,  -263.0000, -124.0000, -2.0000,  205, 133, 63
L -263.0000, -124.0000, -2.0000,  -271.0000, -143.0000, -2.0000,  205, 133, 63
L -271.0000, -143.0000, -2.0000,  -279.0000, -150.0000, -2.0000,  205, 133, 63
L -279.0000, -150.0000, -2.0000,  -292.0000, -158.0000, -2.0000,  205, 133, 63
L -292.0000, -158.0000, -2.0000,  -299.0000, -161.0000, -2.0000,  205, 133, 63
L -299.0000, -161.0000, -2.0000,  -306.0000, -165.0000, -1.0000,  205, 133, 63
L -306.0000, -165.0000, -1.0000,  -310.0000, -172.0000, 0.0000,  205, 133, 63
L -310.0000, -172.0000, 0.0000,  -314.0000, -175.0000, 0.0000,  205, 133, 63
L -314.0000, -175.0000, 0.0000,  -322.0000, -194.0000, 1.0000,  205, 133, 63
L -322.0000, -194.0000, 1.0000,  -328.0000, -199.0000, 2.0000,  205, 133, 63
L -328.0000, -199.0000, 2.0000,  -342.0000, -208.0000, 4.0000,  205, 133, 63
L -342.0000, -208.0000, 4.0000,  -349.0000, -210.0000, 5.0000,  205, 133, 63
L -349.0000, -210.0000, 5.0000,  -361.0000, -210.0000, 9.0000,  205, 133, 63
L -361.0000, -210.0000, 9.0000,  -365.0000, -208.0000, 10.0000,  205, 133, 63
L -365.0000, -208.0000, 10.0000,  -370.0000, -208.0000, 12.0000,  205, 133, 63
L -370.0000, -208.0000, 12.0000,  -375.0000, -207.0000, 14.0000,  205, 133, 63
L -375.0000, -207.0000, 14.0000,  -384.0000, -207.0000, 17.0000,  205, 133, 63
L -384.0000, -207.0000, 17.0000,  -389.0000, -210.0000, 19.0000,  205, 133, 63
L -389.0000, -210.0000, 19.0000,  -393.0000, -210.0000, 20.0000,  205, 133, 63
L -393.0000, -210.0000, 20.0000,  -400.0000, -211.0000, 23.0000,  205, 133, 63
L -400.0000, -211.0000, 23.0000,  -406.0000, -215.0000, 24.0000,  205, 133, 63
L -406.0000, -215.0000, 24.0000,  -409.0000, -221.0000, 25.0000,  205, 133, 63
L -409.0000, -221.0000, 25.0000,  -413.0000, -224.0000, 26.0000,  205, 133, 63
L -413.0000, -224.0000, 26.0000,  -421.0000, -243.0000, 28.0000,  205, 133, 63
L -421.0000, -243.0000, 28.0000,  -428.0000, -249.0000, 29.0000,  205, 133, 63
L -428.0000, -249.0000, 29.0000,  -441.0000, -258.0000, 32.0000,  205, 133, 63
L -441.0000, -258.0000, 32.0000,  -451.0000, -261.0000, 34.0000,  205, 133, 63
L -451.0000, -261.0000, 34.0000,  -456.0000, -265.0000, 33.0000,  205, 133, 63
L -456.0000, -265.0000, 33.0000,  -459.0000, -272.0000, 32.0000,  205, 133, 63
L -459.0000, -272.0000, 32.0000,  -463.0000, -275.0000, 32.0000,  205, 133, 63
L -463.0000, -275.0000, 32.0000,  -466.0000, -283.0000, 31.0000,  205, 133, 63
L -466.0000, -283.0000, 31.0000,  -472.0000, -293.0000, 30.0000,  205, 133, 63
L -472.0000, -293.0000, 30.0000,  -479.0000, -300.0000, 29.0000,  205, 133, 63
L -479.0000, -300.0000, 29.0000,  -491.0000, -308.0000, 27.0000,  205, 133, 63
L -491.0000, -308.0000, 27.0000,  -499.0000, -311.0000, 25.0000,  205, 133, 63
L -499.0000, -311.0000, 25.0000,  -508.0000, -310.0000, 25.0000,  205, 133, 63
L -508.0000, -310.0000, 25.0000,  -515.0000, -308.0000, 26.0000,  205, 133, 63
L -515.0000, -308.0000, 26.0000,  -520.0000, -309.0000, 26.0000,  205, 133, 63
L -520.0000, -309.0000, 26.0000,  -525.0000, -307.0000, 27.0000,  205, 133, 63
L -525.0000, -307.0000, 27.0000,  -534.0000, -307.0000, 27.0000,  205, 133, 63
L -534.0000, -307.0000, 27.0000,  -539.0000, -310.0000, 28.0000,  205, 133, 63
L -539.0000, -310.0000, 28.0000,  -545.0000, -310.0000, 28.0000,  205, 133, 63
L -545.0000, -310.0000, 28.0000,  -555.0000, -312.0000, 29.0000,  205, 133, 63
L -555.0000, -312.0000, 29.0000,  -560.0000, -314.0000, 30.0000,  205, 133, 63
L -560.0000, -314.0000, 30.0000,  -565.0000, -314.0000, 30.0000,  205, 133, 63
L -565.0000, -314.0000, 30.0000,  -569.0000, -310.0000, 31.0000,  205, 133, 63
L -569.0000, -310.0000, 31.0000,  -575.0000, -308.0000, 31.0000,  205, 133, 63
L -575.0000, -308.0000, 31.0000,  -584.0000, -308.0000, 33.0000,  205, 133, 63
L -584.0000, -308.0000, 33.0000,  -590.0000, -311.0000, 33.0000,  205, 133, 63
L -590.0000, -311.0000, 33.0000,  -595.0000, -312.0000, 34.0000,  205, 133, 63
L -595.0000, -312.0000, 34.0000,  -599.0000, -311.0000, 34.0000,  205, 133, 63
L -599.0000, -311.0000, 34.0000,  -606.0000, -315.0000, 34.0000,  205, 133, 63
L -606.0000, -315.0000, 34.0000,  -609.0000, -322.0000, 34.0000,  205, 133, 63
L -609.0000, -322.0000, 34.0000,  -613.0000, -325.0000, 34.0000,  205, 133, 63
L -613.0000, -325.0000, 34.0000,  -616.0000, -333.0000, 32.0000,  205, 133, 63
L -616.0000, -333.0000, 32.0000,  -621.0000, -343.0000, 29.0000,  205, 133, 63
L -621.0000, -343.0000, 29.0000,  -629.0000, -349.0000, 27.0000,  205, 133, 63
L -629.0000, -349.0000, 27.0000,  -642.0000, -357.0000, 24.0000,  205, 133, 63
L -642.0000, -357.0000, 24.0000,  -650.0000, -360.0000, 23.0000,  205, 133, 63
L -650.0000, -360.0000, 23.0000,  -655.0000, -364.0000, 22.0000,  205, 133, 63
L -655.0000, -364.0000, 22.0000,  -659.0000, -370.0000, 20.0000,  205, 133, 63
L -659.0000, -370.0000, 20.0000,  -663.0000, -375.0000, 19.0000,  205, 133, 63
L -663.0000, -375.0000, 19.0000,  -671.0000, -393.0000, 16.0000,  205, 133, 63
L -671.0000, -393.0000, 16.0000,  -679.0000, -399.0000, 15.0000,  205, 133, 63
L -679.0000, -399.0000, 15.0000,  -692.0000, -408.0000, 13.0000,  205, 133, 63
L -692.0000, -408.0000, 13.0000,  -700.0000, -411.0000, 13.0000,  205, 133, 63
L -700.0000, -411.0000, 13.0000,  -706.0000, -415.0000, 12.0000,  205, 133, 63
L -706.0000, -415.0000, 12.0000,  -709.0000, -422.0000, 11.0000,  205, 133, 63
L -709.0000, -422.0000, 11.0000,  -713.0000, -425.0000, 11.0000,  205, 133, 63
L -713.0000, -425.0000, 11.0000,  -712.0000, -431.0000, 12.0000,  205, 133, 63
L -712.0000, -431.0000, 12.0000,  -710.0000, -435.0000, 14.0000,  205, 133, 63
L -710.0000, -435.0000, 14.0000,  -710.0000, -440.0000, 15.0000,  205, 133, 63
L -710.0000, -440.0000, 15.0000,  -714.0000, -445.0000, 16.0000,  205, 133, 63
L -714.0000, -445.0000, 16.0000,  -717.0000, -450.0000, 18.0000,  205, 133, 63
L -717.0000, -450.0000, 18.0000,  -716.0000, -460.0000, 21.0000,  205, 133, 63
L -716.0000, -460.0000, 21.0000,  -713.0000, -464.0000, 22.0000,  205, 133, 63
L -713.0000, -464.0000, 22.0000,  -712.0000, -470.0000, 23.0000,  205, 133, 63
L -712.0000, -470.0000, 23.0000,  -714.0000, -485.0000, 26.0000,  205, 133, 63
L -714.0000, -485.0000, 26.0000,  -715.0000, -490.0000, 26.0000,  205, 133, 63
L -715.0000, -490.0000, 26.0000,  -715.0000, -494.0000, 26.0000,  205, 133, 63
L -715.0000, -494.0000, 26.0000,  -717.0000, -500.0000, 26.0000,  205, 133, 63
L -717.0000, -500.0000, 26.0000,  -717.0000, -510.0000, 27.0000,  205, 133, 63
L -717.0000, -510.0000, 27.0000,  -714.0000, -514.0000, 27.0000,  205, 133, 63
L -714.0000, -514.0000, 27.0000,  -714.0000, -520.0000, 28.0000,  205, 133, 63
L -714.0000, -520.0000, 28.0000,  -712.0000, -532.0000, 24.0000,  205, 133, 63
L -712.0000, -532.0000, 24.0000,  -710.0000, -537.0000, 21.0000,  205, 133, 63
L -710.0000, -537.0000, 21.0000,  -710.0000, -541.0000, 20.0000,  205, 133, 63
L -710.0000, -541.0000, 20.0000,  -715.0000, -546.0000, 18.0000,  205, 133, 63
L -715.0000, -546.0000, 18.0000,  -717.0000, -550.0000, 16.0000,  205, 133, 63
L -717.0000, -550.0000, 16.0000,  -716.0000, -558.0000, 11.0000,  205, 133, 63
L -716.0000, -558.0000, 11.0000,  -713.0000, -563.0000, 9.0000,  205, 133, 63
L -713.0000, -563.0000, 9.0000,  -712.0000, -568.0000, 6.0000,  205, 133, 63
L -712.0000, -568.0000, 6.0000,  -713.0000, -575.0000, 3.0000,  205, 133, 63
L -713.0000, -575.0000, 3.0000,  -706.0000, -582.0000, 1.0000,  205, 133, 63
L -706.0000, -582.0000, 1.0000,  -703.0000, -587.0000, 0.0000,  205, 133, 63
L -703.0000, -587.0000, 0.0000,  -700.0000, -589.0000, -1.0000,  205, 133, 63
L -700.0000, -589.0000, -1.0000,  -688.0000, -593.0000, -2.0000,  205, 133, 63
L -688.0000, -593.0000, -2.0000,  -682.0000, -600.0000, -5.0000,  205, 133, 63
L -682.0000, -600.0000, -5.0000,  -670.0000, -604.0000, -6.0000,  205, 133, 63
L -670.0000, -604.0000, -6.0000,  -663.0000, -616.0000, -10.0000,  205, 133, 63
L -663.0000, -616.0000, -10.0000,  -663.0000, -625.0000, -13.0000,  205, 133, 63
L -663.0000, -625.0000, -13.0000,  -656.0000, -631.0000, -14.0000,  205, 133, 63
L -656.0000, -631.0000, -14.0000,  -652.0000, -636.0000, -14.0000,  205, 133, 63
L -652.0000, -636.0000, -14.0000,  -649.0000, -638.0000, -14.0000,  205, 133, 63
L -649.0000, -638.0000, -14.0000,  -639.0000, -643.0000, -14.0000,  205, 133, 63
L -639.0000, -643.0000, -14.0000,  -632.0000, -650.0000, -14.0000,  205, 133, 63
L -632.0000, -650.0000, -14.0000,  -621.0000, -655.0000, -15.0000,  205, 133, 63
L -621.0000, -655.0000, -15.0000,  -613.0000, -668.0000, -15.0000,  205, 133, 63
L -613.0000, -668.0000, -15.0000,  -614.0000, -681.0000, -15.0000,  205, 133, 63
L -614.0000, -681.0000, -15.0000,  -613.0000, -685.0000, -15.0000,  205, 133, 63
L -613.0000, -685.0000, -15.0000,  -616.0000, -691.0000, -15.0000,  205, 133, 63
L -616.0000, -691.0000, -15.0000,  -615.0000, -696.0000, -14.0000,  205, 133, 63
L -615.0000, -696.0000, -14.0000,  -617.0000, -700.0000, -14.0000,  205, 133, 63
L -617.0000, -700.0000, -14.0000,  -617.0000, -710.0000, -14.0000,  205, 133, 63
L -617.0000, -710.0000, -14.0000,  -613.0000, -715.0000, -13.0000,  205, 133, 63
L -613.0000, -715.0000, -13.0000,  -614.0000, -720.0000, -13.0000,  205, 133, 63
L -614.0000, -720.0000, -13.0000,  -613.0000, -729.0000, -12.0000,  205, 133, 63
L -613.0000, -729.0000, -12.0000,  -610.0000, -735.0000, -11.0000,  205, 133, 63
L -610.0000, -735.0000, -11.0000,  -610.0000, -739.0000, -10.0000,  205, 133, 63
L -610.0000, -739.0000, -10.0000,  -614.0000, -745.0000, -10.0000,  205, 133, 63
L -614.0000, -745.0000, -10.0000,  -616.0000, -749.0000, -9.0000,  205, 133, 63
L -616.0000, -749.0000, -9.0000,  -617.0000, -759.0000, -7.0000,  205, 133, 63
L -617.0000, -759.0000, -7.0000,  -613.0000, -764.0000, -7.0000,  205, 133, 63
L -613.0000, -764.0000, -7.0000,  -612.0000, -769.0000, -6.0000,  205, 133, 63
L -612.0000, -769.0000, -6.0000,  -614.0000, -784.0000, -2.0000,  205, 133, 63
L -614.0000, -784.0000, -2.0000,  -615.0000, -790.0000, 0.0000,  205, 133, 63
L -615.0000, -790.0000, 0.0000,  -615.0000, -796.0000, 2.0000,  205, 133, 63
L -615.0000, -796.0000, 2.0000,  -617.0000, -800.0000, 3.0000,  205, 133, 63
L -617.0000, -800.0000, 3.0000,  -617.0000, -809.0000, 7.0000,  205, 133, 63
L -617.0000, -809.0000, 7.0000,  -614.0000, -814.0000, 8.0000,  205, 133, 63
L -614.0000, -814.0000, 8.0000,  -614.0000, -819.0000, 10.0000,  205, 133, 63
L -614.0000, -819.0000, 10.0000,  -614.0000, -824.0000, 12.0000,  205, 133, 63
L -614.0000, -824.0000, 12.0000,  -616.0000, -833.0000, 14.0000,  205, 133, 63
L -616.0000, -833.0000, 14.0000,  -621.0000, -843.0000, 15.0000,  205, 133, 63
L -621.0000, -843.0000, 15.0000,  -629.0000, -849.0000, 16.0000,  205, 133, 63
L -629.0000, -849.0000, 16.0000,  -643.0000, -858.0000, 18.0000,  205, 133, 63
L -643.0000, -858.0000, 18.0000,  -650.0000, -860.0000, 18.0000,  205, 133, 63
L -650.0000, -860.0000, 18.0000,  -655.0000, -865.0000, 19.0000,  205, 133, 63
L -655.0000, -865.0000, 19.0000,  -659.0000, -871.0000, 20.0000,  205, 133, 63
L -659.0000, -871.0000, 20.0000,  -663.0000, -874.0000, 20.0000,  205, 133, 63
L -663.0000, -874.0000, 20.0000,  -664.0000, -880.0000, 19.0000,  205, 133, 63
L -664.0000, -880.0000, 19.0000,  -663.0000, -885.0000, 18.0000,  205, 133, 63
L -663.0000, -885.0000, 18.0000,  -665.0000, -890.0000, 17.0000,  205, 133, 63
L -665.0000, -890.0000, 17.0000,  -665.0000, -895.0000, 16.0000,  205, 133, 63
L -665.0000, -895.0000, 16.0000,  -667.0000, -900.0000, 15.0000,  205, 133, 63
L -667.0000, -900.0000, 15.0000,  -667.0000, -909.0000, 13.0000,  205, 133, 63
L -667.0000, -909.0000, 13.0000,  -664.0000, -914.0000, 12.0000,  205, 133, 63
L -664.0000, -914.0000, 12.0000,  -664.0000, -920.0000, 10.0000,  205, 133, 63
L -664.0000, -920.0000, 10.0000,  -663.0000, -925.0000, 9.0000,  205, 133, 63
L -663.0000, -925.0000, 9.0000,  -671.0000, -943.0000, 9.0000,  205, 133, 63
L -671.0000, -943.0000, 9.0000,  -679.0000, -950.0000, 9.0000,  205, 133, 63
L -679.0000, -950.0000, 9.0000,  -691.0000, -958.0000, 9.0000,  205, 133, 63
L -691.0000, -958.0000, 9.0000,  -700.0000, -961.0000, 9.0000,  205, 133, 63
L -700.0000, -961.0000, 9.0000,  -706.0000, -965.0000, 10.0000,  205, 133, 63
L -706.0000, -965.0000, 10.0000,  -709.0000, -972.0000, 11.0000,  205, 133, 63
L -709.0000, -972.0000, 11.0000,  -713.0000, -974.0000, 12.0000,  205, 133, 63
L -713.0000, -974.0000, 12.0000,  -721.0000, -993.0000, 14.0000,  205, 133, 63
L -721.0000, -993.0000, 14.0000,  -741.0000, -1008.0000, 19.0000,  205, 133, 63
L -741.0000, -1008.0000, 19.0000,  -750.0000, -1011.0000, 21.0000,  205, 133, 63
L -750.0000, -1011.0000, 21.0000,  -760.0000, -1010.0000, 22.0000,  205, 133, 63
L -760.0000, -1010.0000, 22.0000,  -766.0000, -1009.0000, 23.0000,  205, 133, 63
L -766.0000, -1009.0000, 23.0000,  -770.0000, -1009.0000, 24.0000,  205, 133, 63
L -770.0000, -1009.0000, 24.0000,  -775.0000, -1007.0000, 25.0000,  205, 133, 63
L -775.0000, -1007.0000, 25.0000,  -775.0000, -984.0000, 25.0000,  205, 133, 63
L -775.0000, -984.0000, 25.0000,  -770.0000, -986.0000, 24.0000,  205, 133, 63
L -770.0000, -986.0000, 24.0000,  -764.0000, -986.0000, 23.0000,  205, 133, 63
L -764.0000, -986.0000, 23.0000,  -758.0000, -988.0000, 22.0000,  205, 133, 63
L -758.0000, -988.0000, 22.0000,  -754.0000, -988.0000, 22.0000,  205, 133, 63
L -754.0000, -988.0000, 22.0000,  -749.0000, -988.0000, 21.0000,  205, 133, 63
L -749.0000, -988.0000, 21.0000,  -743.0000, -981.0000, 19.0000,  205, 133, 63
L -743.0000, -981.0000, 19.0000,  -738.0000, -978.0000, 18.0000,  205, 133, 63
L -738.0000, -978.0000, 18.0000,  -735.0000, -974.0000, 17.0000,  205, 133, 63
L -735.0000, -974.0000, 17.0000,  -732.0000, -964.0000, 17.0000,  205, 133, 63
L -732.0000, -964.0000, 17.0000,  -724.0000, -956.0000, 15.0000,  205, 133, 63
L -724.0000, -956.0000, 15.0000,  -720.0000, -946.0000, 14.0000,  205, 133, 63
L -720.0000, -946.0000, 14.0000,  -708.0000, -937.0000, 11.0000,  205, 133, 63
L -708.0000, -937.0000, 11.0000,  -700.0000, -938.0000, 9.0000,  205, 133, 63
L -700.0000, -938.0000, 9.0000,  -693.0000, -931.0000, 9.0000,  205, 133, 63
L -693.0000, -931.0000, 9.0000,  -686.0000, -925.0000, 9.0000,  205, 133, 63
L -686.0000, -925.0000, 9.0000,  -687.0000, -918.0000, 11.0000,  205, 133, 63
L -687.0000, -918.0000, 11.0000,  -687.0000, -914.0000, 12.0000,  205, 133, 63
L -629.0000, -830.0000, 1.0000,  -637.0000, -785.0000, -1.0000,  205, 133, 63
L -637.0000, -785.0000, -1.0000,  -635.0000, -769.0000, -6.0000,  205, 133, 63
L -635.0000, -769.0000, -6.0000,  -636.0000, -764.0000, -7.0000,  205, 133, 63
L -636.0000, -764.0000, -7.0000,  -639.0000, -759.0000, -7.0000,  205, 133, 63
L -639.0000, -759.0000, -7.0000,  -639.0000, -749.0000, -9.0000,  205, 133, 63
L -639.0000, -749.0000, -9.0000,  -637.0000, -744.0000, -10.0000,  205, 133, 63
L -637.0000, -744.0000, -10.0000,  -633.0000, -739.0000, -10.0000,  205, 133, 63
L -633.0000, -739.0000, -10.0000,  -633.0000, -734.0000, -11.0000,  205, 133, 63
L -633.0000, -734.0000, -11.0000,  -635.0000, -730.0000, -12.0000,  205, 133, 63
L -635.0000, -730.0000, -12.0000,  -637.0000, -720.0000, -13.0000,  205, 133, 63
L -637.0000, -720.0000, -13.0000,  -637.0000, -714.0000, -13.0000,  205, 133, 63
L -637.0000, -714.0000, -13.0000,  -640.0000, -709.0000, -13.0000,  205, 133, 63
L -640.0000, -709.0000, -13.0000,  -640.0000, -699.0000, -14.0000,  205, 133, 63
L -640.0000, -699.0000, -14.0000,  -638.0000, -694.0000, -15.0000,  205, 133, 63
L -638.0000, -694.0000, -15.0000,  -638.0000, -689.0000, -15.0000,  205, 133, 63
L -638.0000, -689.0000, -15.0000,  -637.0000, -685.0000, -15.0000,  205, 133, 63
L -637.0000, -685.0000, -15.0000,  -636.0000, -674.0000, -16.0000,  205, 133, 63
L -636.0000, -674.0000, -16.0000,  -640.0000, -669.0000, -15.0000,  205, 133, 63
L -640.0000, -669.0000, -15.0000,  -647.0000, -665.0000, -15.0000,  205, 133, 63
L -647.0000, -665.0000, -15.0000,  -649.0000, -661.0000, -15.0000,  205, 133, 63
L -649.0000, -661.0000, -15.0000,  -668.0000, -653.0000, -15.0000,  205, 133, 63
L -668.0000, -653.0000, -15.0000,  -682.0000, -633.0000, -14.0000,  205, 133, 63
L -682.0000, -633.0000, -14.0000,  -686.0000, -624.0000, -13.0000,  205, 133, 63
L -686.0000, -624.0000, -13.0000,  -690.0000, -618.0000, -11.0000,  205, 133, 63
L -690.0000, -618.0000, -11.0000,  -697.0000, -614.0000, -9.0000,  205, 133, 63
L -697.0000, -614.0000, -9.0000,  -699.0000, -610.0000, -8.0000,  205, 133, 63
L -699.0000, -610.0000, -8.0000,  -718.0000, -603.0000, -5.0000,  205, 133, 63
L -718.0000, -603.0000, -5.0000,  -724.0000, -596.0000, -3.0000,  205, 133, 63
L -724.0000, -596.0000, -3.0000,  -733.0000, -583.0000, 0.0000,  205, 133, 63
L -733.0000, -583.0000, 0.0000,  -736.0000, -574.0000, 3.0000,  205, 133, 63
L -736.0000, -574.0000, 3.0000,  -735.0000, -567.0000, 7.0000,  205, 133, 63
L -735.0000, -567.0000, 7.0000,  -737.0000, -562.0000, 10.0000,  205, 133, 63
L -737.0000, -562.0000, 10.0000,  -739.0000, -558.0000, 11.0000,  205, 133, 63
L -739.0000, -558.0000, 11.0000,  -739.0000, -549.0000, 16.0000,  205, 133, 63
L -739.0000, -549.0000, 16.0000,  -737.0000, -545.0000, 18.0000,  205, 133, 63
L -737.0000, -545.0000, 18.0000,  -733.0000, -540.0000, 20.0000,  205, 133, 63
L -733.0000, -540.0000, 20.0000,  -732.0000, -536.0000, 22.0000,  205, 133, 63
L -732.0000, -536.0000, 22.0000,  -735.0000, -532.0000, 25.0000,  205, 133, 63
L -735.0000, -532.0000, 25.0000,  -737.0000, -519.0000, 28.0000,  205, 133, 63
L -737.0000, -519.0000, 28.0000,  -737.0000, -514.0000, 27.0000,  205, 133, 63
L -737.0000, -514.0000, 27.0000,  -740.0000, -509.0000, 27.0000,  205, 133, 63
L -740.0000, -509.0000, 27.0000,  -740.0000, -500.0000, 27.0000,  205, 133, 63
L -740.0000, -500.0000, 27.0000,  -738.0000, -494.0000, 26.0000,  205, 133, 63
L -738.0000, -494.0000, 26.0000,  -738.0000, -489.0000, 26.0000,  205, 133, 63
L -738.0000, -489.0000, 26.0000,  -736.0000, -485.0000, 26.0000,  205, 133, 63
L -736.0000, -485.0000, 26.0000,  -736.0000, -473.0000, 24.0000,  205, 133, 63
L -736.0000, -473.0000, 24.0000,  -735.0000, -469.0000, 23.0000,  205, 133, 63
L -735.0000, -469.0000, 23.0000,  -736.0000, -463.0000, 22.0000,  205, 133, 63
L -736.0000, -463.0000, 22.0000,  -739.0000, -459.0000, 20.0000,  205, 133, 63
L -739.0000, -459.0000, 20.0000,  -739.0000, -449.0000, 18.0000,  205, 133, 63
L -739.0000, -449.0000, 18.0000,  -737.0000, -444.0000, 16.0000,  205, 133, 63
L -737.0000, -444.0000, 16.0000,  -733.0000, -440.0000, 15.0000,  205, 133, 63
L -733.0000, -440.0000, 15.0000,  -732.0000, -435.0000, 13.0000,  205, 133, 63
L -732.0000, -435.0000, 13.0000,  -735.0000, -430.0000, 12.0000,  205, 133, 63
L -735.0000, -430.0000, 12.0000,  -736.0000, -425.0000, 11.0000,  205, 133, 63
L -736.0000, -425.0000, 11.0000,  -731.0000, -414.0000, 12.0000,  205, 133, 63
L -731.0000, -414.0000, 12.0000,  -724.0000, -407.0000, 14.0000,  205, 133, 63
L -724.0000, -407.0000, 14.0000,  -719.0000, -396.0000, 15.0000,  205, 133, 63
L -719.0000, -396.0000, 15.0000,  -707.0000, -388.0000, 17.0000,  205, 133, 63
L -707.0000, -388.0000, 17.0000,  -700.0000, -388.0000, 17.0000,  205, 133, 63
L -700.0000, -388.0000, 17.0000,  -693.0000, -381.0000, 18.0000,  205, 133, 63
L -693.0000, -381.0000, 18.0000,  -686.0000, -374.0000, 19.0000,  205, 133, 63
L -686.0000, -374.0000, 19.0000,  -682.0000, -363.0000, 23.0000,  205, 133, 63
L -682.0000, -363.0000, 23.0000,  -674.0000, -357.0000, 24.0000,  205, 133, 63
L -674.0000, -357.0000, 24.0000,  -670.0000, -346.0000, 28.0000,  205, 133, 63
L -670.0000, -346.0000, 28.0000,  -657.0000, -338.0000, 30.0000,  205, 133, 63
L -657.0000, -338.0000, 30.0000,  -650.0000, -338.0000, 30.0000,  205, 133, 63
L -650.0000, -338.0000, 30.0000,  -643.0000, -331.0000, 32.0000,  205, 133, 63
L -643.0000, -331.0000, 32.0000,  -638.0000, -328.0000, 33.0000,  205, 133, 63
L -638.0000, -328.0000, 33.0000,  -636.0000, -325.0000, 34.0000,  205, 133, 63
L -636.0000, -325.0000, 34.0000,  -632.0000, -314.0000, 34.0000,  205, 133, 63
L -632.0000, -314.0000, 34.0000,  -624.0000, -307.0000, 34.0000,  205, 133, 63
L -624.0000, -307.0000, 34.0000,  -619.0000, -296.0000, 34.0000,  205, 133, 63
L -619.0000, -296.0000, 34.0000,  -607.0000, -288.0000, 34.0000,  205, 133, 63
L -607.0000, -288.0000, 34.0000,  -599.0000, -288.0000, 34.0000,  205, 133, 63
L -599.0000, -288.0000, 34.0000,  -594.0000, -289.0000, 34.0000,  205, 133, 63
L -594.0000, -289.0000, 34.0000,  -589.0000, -288.0000, 33.0000,  205, 133, 63
L -589.0000, -288.0000, 33.0000,  -584.0000, -285.0000, 33.0000,  205, 133, 63
L -584.0000, -285.0000, 33.0000,  -574.0000, -285.0000, 32.0000,  205, 133, 63
L -574.0000, -285.0000, 32.0000,  -569.0000, -287.0000, 31.0000,  205, 133, 63
L -569.0000, -287.0000, 31.0000,  -565.0000, -291.0000, 30.0000,  205, 133, 63
L -565.0000, -291.0000, 30.0000,  -559.0000, -292.0000, 30.0000,  205, 133, 63
L -559.0000, -292.0000, 30.0000,  -554.0000, -289.0000, 29.0000,  205, 133, 63
L -554.0000, -289.0000, 29.0000,  -544.0000, -287.0000, 28.0000,  205, 133, 63
L -544.0000, -287.0000, 28.0000,  -539.0000, -287.0000, 28.0000,  205, 133, 63
L -539.0000, -287.0000, 28.0000,  -534.0000, -284.0000, 27.0000,  205, 133, 63
L -534.0000, -284.0000, 27.0000,  -523.0000, -284.0000, 27.0000,  205, 133, 63
L -523.0000, -284.0000, 27.0000,  -518.0000, -286.0000, 26.0000,  205, 133, 63
L -518.0000, -286.0000, 26.0000,  -514.0000, -286.0000, 26.0000,  205, 133, 63
L -514.0000, -286.0000, 26.0000,  -508.0000, -288.0000, 25.0000,  205, 133, 63
L -508.0000, -288.0000, 25.0000,  -499.0000, -288.0000, 25.0000,  205, 133, 63
L -499.0000, -288.0000, 25.0000,  -493.0000, -281.0000, 26.0000,  205, 133, 63
L -493.0000, -281.0000, 26.0000,  -489.0000, -278.0000, 27.0000,  205, 133, 63
L -489.0000, -278.0000, 27.0000,  -486.0000, -274.0000, 28.0000,  205, 133, 63
L -486.0000, -274.0000, 28.0000,  -482.0000, -264.0000, 28.0000,  205, 133, 63
L -482.0000, -264.0000, 28.0000,  -475.0000, -257.0000, 30.0000,  205, 133, 63
L -475.0000, -257.0000, 30.0000,  -470.0000, -246.0000, 30.0000,  205, 133, 63
L -470.0000, -246.0000, 30.0000,  -457.0000, -238.0000, 33.0000,  205, 133, 63
L -457.0000, -238.0000, 33.0000,  -450.0000, -238.0000, 34.0000,  205, 133, 63
L -450.0000, -238.0000, 34.0000,  -443.0000, -230.0000, 32.0000,  205, 133, 63
L -443.0000, -230.0000, 32.0000,  -437.0000, -227.0000, 31.0000,  205, 133, 63
L -437.0000, -227.0000, 31.0000,  -435.0000, -224.0000, 31.0000,  205, 133, 63
L -435.0000, -224.0000, 31.0000,  -431.0000, -213.0000, 30.0000,  205, 133, 63
L -431.0000, -213.0000, 30.0000,  -424.0000, -206.0000, 28.0000,  205, 133, 63
L -424.0000, -206.0000, 28.0000,  -419.0000, -195.0000, 27.0000,  205, 133, 63
L -419.0000, -195.0000, 27.0000,  -408.0000, -188.0000, 24.0000,  205, 133, 63
L -408.0000, -188.0000, 24.0000,  -399.0000, -188.0000, 22.0000,  205, 133, 63
L -399.0000, -188.0000, 22.0000,  -392.0000, -187.0000, 20.0000,  205, 133, 63
L -392.0000, -187.0000, 20.0000,  -388.0000, -187.0000, 18.0000,  205, 133, 63
L -388.0000, -187.0000, 18.0000,  -383.0000, -184.0000, 17.0000,  205, 133, 63
L -383.0000, -184.0000, 17.0000,  -374.0000, -184.0000, 13.0000,  205, 133, 63
L -374.0000, -184.0000, 13.0000,  -369.0000, -186.0000, 12.0000,  205, 133, 63
L -369.0000, -186.0000, 12.0000,  -365.0000, -186.0000, 10.0000,  205, 133, 63
L -365.0000, -186.0000, 10.0000,  -360.0000, -187.0000, 9.0000,  205, 133, 63
L -360.0000, -187.0000, 9.0000,  -349.0000, -188.0000, 5.0000,  205, 133, 63
L -349.0000, -188.0000, 5.0000,  -344.0000, -181.0000, 4.0000,  205, 133, 63
L -344.0000, -181.0000, 4.0000,  -336.0000, -174.0000, 3.0000,  205, 133, 63
L -336.0000, -174.0000, 3.0000,  -332.0000, -164.0000, 2.0000,  205, 133, 63
L -332.0000, -164.0000, 2.0000,  -324.0000, -156.0000, 1.0000,  205, 133, 63
L -324.0000, -156.0000, 1.0000,  -320.0000, -146.0000, 0.0000,  205, 133, 63
L -320.0000, -146.0000, 0.0000,  -308.0000, -138.0000, -1.0000,  205, 133, 63
L -308.0000, -138.0000, -1.0000,  -300.0000, -138.0000, -2.0000,  205, 133, 63
L -300.0000, -138.0000, -2.0000,  -293.0000, -131.0000, -2.0000,  205, 133, 63
L -293.0000, -131.0000, -2.0000,  -289.0000, -128.0000, -2.0000,  205, 133, 63
L -289.0000, -128.0000, -2.0000,  -286.0000, -124.0000, -2.0000,  205, 133, 63
L -286.0000, -124.0000, -2.0000,  -281.0000, -113.0000, -2.0000,  205, 133, 63
L -281.0000, -113.0000, -2.0000,  -274.0000, -107.0000, -2.0000,  205, 133, 63
L -274.0000, -107.0000, -2.0000,  -269.0000, -96.0000, -2.0000,  205, 133, 63
L -269.0000, -96.0000, -2.0000,  -257.0000, -87.0000, -2.0000,  205, 133, 63
L -257.0000, -87.0000, -2.0000,  -249.0000, -88.0000, -2.0000,  205, 133, 63
L -249.0000, -88.0000, -2.0000,  -242.0000, -81.0000, 0.0000,  205, 133, 63
L -242.0000, -81.0000, 0.0000,  -238.0000, -78.0000, 0.0000,  205, 133, 63
L -238.0000, -78.0000, 0.0000,  -236.0000, -74.0000, 1.0000,  205, 133, 63
L -236.0000, -74.0000, 1.0000,  -231.0000, -63.0000, 2.0000,  205, 133, 63
L -231.0000, -63.0000, 2.0000,  -224.0000, -57.0000, 4.0000,  205, 133, 63
L -224.0000, -57.0000, 4.0000,  -219.0000, -45.0000, 6.0000,  205, 133, 63
L -219.0000, -45.0000, 6.0000,  -207.0000, -37.0000, 9.0000,  205, 133, 63
L -207.0000, -37.0000, 9.0000,  -199.0000, -38.0000, 11.0000,  205, 133, 63
L -199.0000, -38.0000, 11.0000,  -193.0000, -31.0000, 11.0000,  205, 133, 63
L -193.0000, -31.0000, 11.0000,  -189.0000, -28.0000, 12.0000,  205, 133, 63
L -189.0000, -28.0000, 12.0000,  -186.0000, -24.0000, 12.0000,  205, 133, 63
L -186.0000, -24.0000, 12.0000,  -182.0000, -14.0000, 12.0000,  205, 133, 63
L -182.0000, -14.0000, 12.0000,  -174.0000, -7.0000, 13.0000,  205, 133, 63
L -174.0000, -7.0000, 13.0000,  -170.0000, 3.0000, 13.0000,  205, 133, 63
L -170.0000, 3.0000, 13.0000,  -157.0000, 11.0000, 14.0000,  205, 133, 63
L -157.0000, 11.0000, 14.0000,  -149.0000, 11.0000, 15.0000,  205, 133, 63
L -149.0000, 11.0000, 15.0000,  -143.0000, 12.0000, 15.0000,  205, 133, 63
L -143.0000, 12.0000, 15.0000,  -139.0000, 12.0000, 15.0000,  205, 133, 63
L -139.0000, 12.0000, 15.0000,  -134.0000, 15.0000, 15.0000,  205, 133, 63
L -134.0000, 15.0000, 15.0000,  -125.0000, 15.0000, 15.0000,  205, 133, 63
L -125.0000, 15.0000, 15.0000,  -120.0000, 13.0000, 15.0000,  205, 133, 63
L -120.0000, 13.0000, 15.0000,  -115.0000, 13.0000, 15.0000,  205, 133, 63
L -115.0000, 13.0000, 15.0000,  -109.0000, 12.0000, 15.0000,  205, 133, 63
L -109.0000, 12.0000, 15.0000,  -103.0000, 12.0000, 15.0000,  205, 133, 63
L -103.0000, 12.0000, 15.0000,  -99.0000, 11.0000, 14.0000,  205, 133, 63
L -99.0000, 11.0000, 14.0000,  -93.0000, 18.0000, 13.0000,  205, 133, 63
L -93.0000, 18.0000, 13.0000,  -86.0000, 24.0000, 12.0000,  205, 133, 63
L -86.0000, 24.0000, 12.0000,  -83.0000, 31.0000, 12.0000,  205, 133, 63
L -83.0000, 31.0000, 12.0000,  -81.0000, 36.0000, 11.0000,  205, 133, 63
L -81.0000, 36.0000, 11.0000,  -74.0000, 42.0000, 10.0000,  205, 133, 63
L -74.0000, 42.0000, 10.0000,  -69.0000, 53.0000, 9.0000,  205, 133, 63
L -69.0000, 53.0000, 9.0000,  -56.0000, 62.0000, 7.0000,  205, 133, 63
L -56.0000, 62.0000, 7.0000,  -43.0000, 61.0000, 3.0000,  205, 133, 63
L -43.0000, 61.0000, 3.0000,  -39.0000, 61.0000, 1.0000,  205, 133, 63
L -39.0000, 61.0000, 1.0000,  -32.0000, 58.0000, 0.0000,  205, 133, 63
L -32.0000, 58.0000, 0.0000,  -29.0000, 59.0000, -1.0000,  205, 133, 63
L -29.0000, 59.0000, -1.0000,  -24.0000, 57.0000, -2.0000,  205, 133, 63
L -1225.0000, -651.0000, -22.0000,  -1225.0000, -575.0000, -22.0000,  178, 102, 255
L -1313.0000, -575.0000, -26.0000,  -1225.0000, -575.0000, -22.0000,  178, 102, 255
L -1313.0000, -575.0000, -26.0000,  -1450.0000, -575.0000, -57.0000,  178, 102, 255
L -1450.0000, -575.0000, -57.0000,  -1450.0000, -499.0000, -81.0000,  178, 102, 255
L -1450.0000, -499.0000, -82.0000,  -1440.0000, -499.0000, -83.0000,  178, 102, 255
L -1440.0000, -499.0000, -83.0000,  -1300.0000, -499.0000, -92.0000,  178, 102, 255
L -1300.0000, -499.0000, -92.0000,  -1300.0000, -424.0000, -92.0000,  178, 102, 255
L -1300.0000, -424.0000, -92.0000,  -1224.0000, -424.0000, -117.0000,  178, 102, 255
L -1224.0000, -424.0000, -117.0000,  -1224.0000, -524.0000, -117.0000,  178, 102, 255
L -1224.0000, -524.0000, -117.0000,  -1125.0000, -524.0000, -117.0000,  178, 102, 255
L -1125.0000, -524.0000, -117.0000,  -1125.0000, -424.0000, -117.0000,  178, 102, 255
L -1125.0000, -424.0000, -117.0000,  -1075.0000, -424.0000, -117.0000,  178, 102, 255
L -1075.0000, -424.0000, -117.0000,  -1075.0000, -350.0000, -117.0000,  178, 102, 255
L -1475.0000, -75.0000, -129.0000,  -1475.0000, 0.0000, -152.0000,  178, 102, 255
L -1475.0000, 0.0000, -152.0000,  -1400.0000, 0.0000, -152.0000,  178, 102, 255
L -1400.0000, 0.0000, -152.0000,  -1400.0000, 149.0000, -152.0000,  178, 102, 255
L -1400.0000, 149.0000, -152.0000,  -1624.0000, 149.0000, -152.0000,  178, 102, 255
L -1624.0000, 149.0000, -152.0000,  -1624.0000, 0.0000, -152.0000,  178, 102, 255
L -1624.0000, 0.0000, -152.0000,  -1549.0000, 0.0000, -151.0000,  178, 102, 255
L -1549.0000, 0.0000, -151.0000,  -1549.0000, -75.0000, -127.0000,  178, 102, 255
L -1724.0000, -425.0000, -202.0000,  -1724.0000, -510.0000, -223.0000,  178, 102, 255
L -1724.0000, -625.0000, -252.0000,  -1749.0000, -675.0000, -257.0000,  178, 102, 255
L -1749.0000, -675.0000, -257.0000,  -1849.0000, -675.0000, -252.0000,  178, 102, 255
L -1849.0000, -675.0000, -252.0000,  -1849.0000, -778.0000, -259.0000,  178, 102, 255
L -1849.0000, -778.0000, -259.0000,  -1849.0000, -860.0000, -267.0000,  178, 102, 255
L -1865.0000, -871.0000, -271.0000,  -1936.0000, -871.0000, -271.0000,  178, 102, 255
L -1936.0000, -871.0000, -271.0000,  -1936.0000, -787.0000, -271.0000,  178, 102, 255
L -1948.0000, -799.0000, -271.0000,  -1949.0000, -883.0000, -271.0000,  178, 102, 255
L -1949.0000, -883.0000, -271.0000,  -1945.0000, -882.0000, -271.0000,  178, 102, 255
L -1945.0000, -882.0000, -271.0000,  -1927.0000, -881.0000, -271.0000,  178, 102, 255
L -1927.0000, -881.0000, -271.0000,  -1916.0000, -881.0000, -271.0000,  178, 102, 255
L -1916.0000, -881.0000, -271.0000,  -1901.0000, -880.0000, -271.0000,  178, 102, 255
L -1901.0000, -880.0000, -271.0000,  -1886.0000, -880.0000, -271.0000,  178, 102, 255
L -1886.0000, -880.0000, -271.0000,  -1863.0000, -881.0000, -271.0000,  178, 102, 255
L -1863.0000, -881.0000, -271.0000,  -1859.0000, -882.0000, -268.0000,  178, 102, 255
L -1859.0000, -882.0000, -268.0000,  -1849.0000, -878.0000, -268.0000,  178, 102, 255
L -1849.0000, -878.0000, -268.0000,  -1821.0000, -875.0000, -261.0000,  178, 102, 255
L -1810.0000, -874.0000, -258.0000,  -1650.0000, -874.0000, -252.0000,  178, 102, 255
L -1650.0000, -874.0000, -252.0000,  -1650.0000, -724.0000, -257.0000,  178, 102, 255
L -1650.0000, -724.0000, -257.0000,  -1650.0000, -673.0000, -252.0000,  178, 102, 255
L -1549.0000, -149.0000, -132.0000,  -1549.0000, -225.0000, -152.0000,  178, 102, 255
L -1549.0000, -225.0000, -152.0000,  -1624.0000, -225.0000, -152.0000,  178, 102, 255
L -1624.0000, -225.0000, -152.0000,  -1624.0000, -324.0000, -152.0000,  178, 102, 255
L -1624.0000, -324.0000, -152.0000,  -1425.0000, -324.0000, -152.0000,  178, 102, 255
L -1425.0000, -324.0000, -152.0000,  -1425.0000, -225.0000, -152.0000,  178, 102, 255
L -1425.0000, -225.0000, -152.0000,  -1475.0000, -225.0000, -152.0000,  178, 102, 255
L -1475.0000, -225.0000, -152.0000,  -1475.0000, -149.0000, -127.0000,  178, 102, 255
L -1425.0000, -254.0000, -152.0000,  -1425.0000, -253.0000, -152.0000,  178, 102, 255
L -1400.0000, -425.0000, -89.0000,  -1524.0000, -425.0000, -82.0000,  178, 102, 255
L -1524.0000, -799.0000, -82.0000,  -1375.0000, -799.0000, -82.0000,  178, 102, 255
L -1375.0000, -799.0000, -82.0000,  -1375.0000, -725.0000, -82.0000,  178, 102, 255
L -1375.0000, -725.0000, -82.0000,  -1450.0000, -725.0000, -82.0000,  178, 102, 255
L -1450.0000, -725.0000, -82.0000,  -1450.0000, -649.0000, -57.0000,  178, 102, 255
L -1450.0000, -649.0000, -57.0000,  -1299.0000, -649.0000, -22.0000,  178, 102, 255
L -1144.0000, 221.0000, 48.0000,  -1085.0000, 236.0000, 48.0000,  127, 64, 0
L -1085.0000, 236.0000, 48.0000,  -1070.0000, 176.0000, 48.0000,  127, 64, 0
L -1070.0000, 176.0000, 48.0000,  -1129.0000, 162.0000, 48.0000,  127, 64, 0
L -1129.0000, 162.0000, 48.0000,  -1144.0000, 221.0000, 48.0000,  127, 64, 0
L -1140.0000, 215.0000, 46.0000,  -1137.0000, 221.0000, 46.0000,  127, 64, 0
L -1137.0000, 221.0000, 46.0000,  -1115.0000, 207.0000, 46.0000,  127, 64, 0
L -1104.0000, 210.0000, 45.0000,  -1091.0000, 232.0000, 45.0000,  127, 64, 0
L -1091.0000, 232.0000, 45.0000,  -1085.0000, 229.0000, 45.0000,  127, 64, 0
L -1085.0000, 229.0000, 45.0000,  -1098.0000, 207.0000, 45.0000,  127, 64, 0
L -1096.0000, 196.0000, 45.0000,  -1074.0000, 183.0000, 45.0000,  127, 64, 0
L -1074.0000, 183.0000, 45.0000,  -1077.0000, 177.0000, 45.0000,  127, 64, 0
L -1077.0000, 177.0000, 45.0000,  -1099.0000, 190.0000, 45.0000,  127, 64, 0
L -1110.0000, 188.0000, 45.0000,  -1123.0000, 166.0000, 45.0000,  127, 64, 0
L -1123.0000, 166.0000, 45.0000,  -1129.0000, 169.0000, 45.0000,  127, 64, 0
L -1129.0000, 169.0000, 45.0000,  -1115.0000, 191.0000, 45.0000,  127, 64, 0
L -1118.0000, 202.0000, 45.0000,  -1140.0000, 215.0000, 45.0000,  127, 64, 0
L -1115.0000, 191.0000, 45.0000,  -1118.0000, 196.0000, 41.0000,  127, 64, 0
L -1118.0000, 196.0000, 41.0000,  -1118.0000, 202.0000, 45.0000,  127, 64, 0
L -1115.0000, 207.0000, 46.0000,  -1110.0000, 210.0000, 41.0000,  127, 64, 0
L -1098.0000, 207.0000, 45.0000,  -1096.0000, 202.0000, 41.0000,  127, 64, 0
L -1096.0000, 202.0000, 41.0000,  -1096.0000, 196.0000, 45.0000,  127, 64, 0
L -1099.0000, 190.0000, 45.0000,  -1104.0000, 188.0000, 40.0000,  127, 64, 0
L -1104.0000, 188.0000, 40.0000,  -1110.0000, 188.0000, 45.0000,  127, 64, 0
L -1109.0000, 192.0000, 41.0000,  -1112.0000, 194.0000, 42.0000,  127, 64, 0
L -1112.0000, 194.0000, 42.0000,  -1114.0000, 197.0000, 41.0000,  127, 64, 0
L -1114.0000, 197.0000, 41.0000,  -1114.0000, 201.0000, 41.0000,  127, 64, 0
L -1114.0000, 201.0000, 41.0000,  -1112.0000, 204.0000, 41.0000,  127, 64, 0
L -1112.0000, 204.0000, 41.0000,  -1109.0000, 206.0000, 41.0000,  127, 64, 0
L -1109.0000, 206.0000, 41.0000,  -1105.0000, 206.0000, 41.0000,  127, 64, 0
L -1105.0000, 206.0000, 41.0000,  -1102.0000, 204.0000, 41.0000,  127, 64, 0
L -1102.0000, 204.0000, 41.0000,  -1100.0000, 201.0000, 41.0000,  127, 64, 0
L -1100.0000, 201.0000, 41.0000,  -1100.0000, 197.0000, 41.0000,  127, 64, 0
L -1109.0000, 192.0000, 41.0000,  -1105.0000, 192.0000, 41.0000,  127, 64, 0
L -1105.0000, 192.0000, 41.0000,  -1102.0000, 194.0000, 40.0000,  127, 64, 0
L -1102.0000, 194.0000, 40.0000,  -1100.0000, 197.0000, 41.0000,  127, 64, 0
L 676.0000, -1683.0000, 71.0000,  674.0000, -1674.0000, 70.0000,  0, 0, 0
L 674.0000, -1674.0000, 70.0000,  671.0000, -1666.0000, 69.0000,  0, 0, 0
L 671.0000, -1666.0000, 69.0000,  670.0000, -1657.0000, 66.0000,  0, 0, 0
L 670.0000, -1657.0000, 66.0000,  668.0000, -1647.0000, 66.0000,  0, 0, 0
L 668.0000, -1647.0000, 66.0000,  667.0000, -1637.0000, 68.0000,  0, 0, 0
L 667.0000, -1637.0000, 68.0000,  667.0000, -1624.0000, 68.0000,  0, 0, 0
L 667.0000, -1624.0000, 68.0000,  667.0000, -1615.0000, 68.0000,  0, 0, 0
L 667.0000, -1615.0000, 68.0000,  668.0000, -1605.0000, 67.0000,  0, 0, 0
L 668.0000, -1605.0000, 67.0000,  669.0000, -1596.0000, 67.0000,  0, 0, 0
L 669.0000, -1596.0000, 67.0000,  671.0000, -1587.0000, 66.0000,  0, 0, 0
L 671.0000, -1587.0000, 66.0000,  675.0000, -1571.0000, 64.0000,  0, 0, 0
L 675.0000, -1571.0000, 64.0000,  677.0000, -1563.0000, 63.0000,  0, 0, 0
L 677.0000, -1563.0000, 63.0000,  680.0000, -1556.0000, 63.0000,  0, 0, 0
L 680.0000, -1556.0000, 63.0000,  685.0000, -1549.0000, 62.0000,  0, 0, 0
L 685.0000, -1549.0000, 62.0000,  692.0000, -1542.0000, 58.0000,  0, 0, 0
L 692.0000, -1542.0000, 58.0000,  698.0000, -1536.0000, 56.0000,  0, 0, 0
L 698.0000, -1536.0000, 56.0000,  705.0000, -1530.0000, 54.0000,  0, 0, 0
L 705.0000, -1530.0000, 54.0000,  714.0000, -1524.0000, 52.0000,  0, 0, 0
L 714.0000, -1524.0000, 52.0000,  723.0000, -1520.0000, 50.0000,  0, 0, 0
L 723.0000, -1520.0000, 50.0000,  731.0000, -1517.0000, 48.0000,  0, 0, 0
L 731.0000, -1517.0000, 48.0000,  741.0000, -1514.0000, 47.0000,  0, 0, 0
L 741.0000, -1514.0000, 47.0000,  752.0000, -1511.0000, 46.0000,  0, 0, 0
L 752.0000, -1511.0000, 46.0000,  797.0000, -1508.0000, 36.0000,  0, 0, 0
L 797.0000, -1508.0000, 36.0000,  800.0000, -1508.0000, 34.0000,  0, 0, 0
L 800.0000, -1508.0000, 34.0000,  806.0000, -1508.0000, 30.0000,  0, 0, 0
L 806.0000, -1508.0000, 30.0000,  813.0000, -1505.0000, 28.0000,  0, 0, 0
L 813.0000, -1505.0000, 28.0000,  821.0000, -1502.0000, 26.0000,  0, 0, 0
L 821.0000, -1502.0000, 26.0000,  829.0000, -1499.0000, 21.0000,  0, 0, 0
L 829.0000, -1499.0000, 21.0000,  836.0000, -1495.0000, 19.0000,  0, 0, 0
L 836.0000, -1495.0000, 19.0000,  839.0000, -1493.0000, 18.0000,  0, 0, 0
L 839.0000, -1493.0000, 18.0000,  845.0000, -1488.0000, 14.0000,  0, 0, 0
L 845.0000, -1488.0000, 14.0000,  850.0000, -1483.0000, 10.0000,  0, 0, 0
L 850.0000, -1483.0000, 10.0000,  856.0000, -1477.0000, 7.0000,  0, 0, 0
L 856.0000, -1477.0000, 7.0000,  861.0000, -1471.0000, 5.0000,  0, 0, 0
L 861.0000, -1471.0000, 5.0000,  868.0000, -1464.0000, 4.0000,  0, 0, 0
L 868.0000, -1464.0000, 4.0000,  874.0000, -1451.0000, 0.0000,  0, 0, 0
L 874.0000, -1451.0000, 0.0000,  875.0000, -1446.0000, -1.0000,  0, 0, 0
L 875.0000, -1446.0000, -1.0000,  876.0000, -1442.0000, -1.0000,  0, 0, 0
L 876.0000, -1442.0000, -1.0000,  876.0000, -1428.0000, -1.0000,  0, 0, 0
L 876.0000, -1428.0000, -1.0000,  876.0000, -1421.0000, -1.0000,  0, 0, 0
L 876.0000, -1421.0000, -1.0000,  875.0000, -1412.0000, 2.0000,  0, 0, 0
L 923.0000, -1405.0000, 5.0000,  923.0000, -1413.0000, 2.0000,  0, 0, 0
L 923.0000, -1413.0000, 2.0000,  922.0000, -1420.0000, 0.0000,  0, 0, 0
L 922.0000, -1420.0000, 0.0000,  922.0000, -1426.0000, -1.0000,  0, 0, 0
L 922.0000, -1426.0000, -1.0000,  918.0000, -1461.0000, 1.0000,  0, 0, 0
L 918.0000, -1461.0000, 1.0000,  917.0000, -1466.0000, 2.0000,  0, 0, 0
L 917.0000, -1466.0000, 2.0000,  915.0000, -1474.0000, 4.0000,  0, 0, 0
L 915.0000, -1474.0000, 4.0000,  911.0000, -1480.0000, 5.0000,  0, 0, 0
L 911.0000, -1480.0000, 5.0000,  907.0000, -1486.0000, 6.0000,  0, 0, 0
L 907.0000, -1486.0000, 6.0000,  900.0000, -1495.0000, 9.0000,  0, 0, 0
L 900.0000, -1495.0000, 9.0000,  892.0000, -1505.0000, 11.0000,  0, 0, 0
L 892.0000, -1505.0000, 11.0000,  885.0000, -1513.0000, 14.0000,  0, 0, 0
L 885.0000, -1513.0000, 14.0000,  881.0000, -1518.0000, 16.0000,  0, 0, 0
L 881.0000, -1518.0000, 16.0000,  873.0000, -1526.0000, 20.0000,  0, 0, 0
L 873.0000, -1526.0000, 20.0000,  866.0000, -1532.0000, 23.0000,  0, 0, 0
L 866.0000, -1532.0000, 23.0000,  858.0000, -1537.0000, 24.0000,  0, 0, 0
L 858.0000, -1537.0000, 24.0000,  849.0000, -1542.0000, 25.0000,  0, 0, 0
L 849.0000, -1542.0000, 25.0000,  843.0000, -1545.0000, 26.0000,  0, 0, 0
L 843.0000, -1545.0000, 26.0000,  835.0000, -1548.0000, 28.0000,  0, 0, 0
L 835.0000, -1548.0000, 28.0000,  827.0000, -1550.0000, 29.0000,  0, 0, 0
L 827.0000, -1550.0000, 29.0000,  815.0000, -1554.0000, 31.0000,  0, 0, 0
L 815.0000, -1554.0000, 31.0000,  807.0000, -1556.0000, 33.0000,  0, 0, 0
L 807.0000, -1556.0000, 33.0000,  793.0000, -1559.0000, 39.0000,  0, 0, 0
L 793.0000, -1559.0000, 39.0000,  786.0000, -1559.0000, 41.0000,  0, 0, 0
L 786.0000, -1559.0000, 41.0000,  778.0000, -1560.0000, 42.0000,  0, 0, 0
L 778.0000, -1560.0000, 42.0000,  771.0000, -1560.0000, 44.0000,  0, 0, 0
L 771.0000, -1560.0000, 44.0000,  764.0000, -1560.0000, 46.0000,  0, 0, 0
L 764.0000, -1560.0000, 46.0000,  755.0000, -1561.0000, 48.0000,  0, 0, 0
L 755.0000, -1561.0000, 48.0000,  748.0000, -1562.0000, 49.0000,  0, 0, 0
L 748.0000, -1562.0000, 49.0000,  739.0000, -1564.0000, 52.0000,  0, 0, 0
L 739.0000, -1564.0000, 52.0000,  733.0000, -1566.0000, 53.0000,  0, 0, 0
L 733.0000, -1566.0000, 53.0000,  729.0000, -1569.0000, 55.0000,  0, 0, 0
L 729.0000, -1569.0000, 55.0000,  720.0000, -1580.0000, 61.0000,  0, 0, 0
L 720.0000, -1580.0000, 61.0000,  718.0000, -1583.0000, 63.0000,  0, 0, 0
L 718.0000, -1583.0000, 63.0000,  716.0000, -1588.0000, 64.0000,  0, 0, 0
L 716.0000, -1588.0000, 64.0000,  715.0000, -1594.0000, 64.0000,  0, 0, 0
L 715.0000, -1594.0000, 64.0000,  715.0000, -1601.0000, 66.0000,  0, 0, 0
L 715.0000, -1601.0000, 66.0000,  715.0000, -1609.0000, 66.0000,  0, 0, 0
L 715.0000, -1609.0000, 66.0000,  716.0000, -1620.0000, 67.0000,  0, 0, 0
L 716.0000, -1620.0000, 67.0000,  716.0000, -1629.0000, 67.0000,  0, 0, 0
L 716.0000, -1629.0000, 67.0000,  716.0000, -1638.0000, 67.0000,  0, 0, 0
L 716.0000, -1638.0000, 67.0000,  716.0000, -1645.0000, 68.0000,  0, 0, 0
L 716.0000, -1645.0000, 68.0000,  716.0000, -1653.0000, 68.0000,  0, 0, 0
L 716.0000, -1653.0000, 68.0000,  720.0000, -1664.0000, 70.0000,  0, 0, 0
L 891.0000, -1289.0000, 45.0000,  884.0000, -1296.0000, 55.0000,  150, 150, 150
L 884.0000, -1296.0000, 55.0000,  881.0000, -1301.0000, 55.0000,  150, 150, 150
L 881.0000, -1301.0000, 55.0000,  876.0000, -1307.0000, 56.0000,  150, 150, 150
L 876.0000, -1307.0000, 56.0000,  871.0000, -1309.0000, 58.0000,  150, 150, 150
L 871.0000, -1309.0000, 58.0000,  868.0000, -1307.0000, 58.0000,  150, 150, 150
L 868.0000, -1307.0000, 58.0000,  866.0000, -1304.0000, 58.0000,  150, 150, 150
L 866.0000, -1304.0000, 58.0000,  868.0000, -1300.0000, 57.0000,  150, 150, 150
L 868.0000, -1300.0000, 57.0000,  869.0000, -1295.0000, 56.0000,  150, 150, 150
L 869.0000, -1295.0000, 56.0000,  873.0000, -1289.0000, 53.0000,  150, 150, 150
L 873.0000, -1289.0000, 53.0000,  872.0000, -1281.0000, 47.0000,  150, 150, 150
L 872.0000, -1281.0000, 47.0000,  876.0000, -1278.0000, 45.0000,  150, 150, 150
L 876.0000, -1278.0000, 45.0000,  886.0000, -1279.0000, 40.0000,  150, 150, 150
L 886.0000, -1279.0000, 40.0000,  893.0000, -1282.0000, 41.0000,  150, 150, 150
L 893.0000, -1282.0000, 41.0000,  893.0000, -1285.0000, 42.0000,  150, 150, 150
L 893.0000, -1285.0000, 42.0000,  891.0000, -1289.0000, 45.0000,  150, 150, 150
L 852.0000, -1283.0000, 52.0000,  843.0000, -1281.0000, 83.0000,  150, 150, 150
L 843.0000, -1281.0000, 83.0000,  838.0000, -1282.0000, 86.0000,  150, 150, 150
L 838.0000, -1282.0000, 86.0000,  835.0000, -1281.0000, 86.0000,  150, 150, 150
L 835.0000, -1281.0000, 86.0000,  830.0000, -1279.0000, 84.0000,  150, 150, 150
L 830.0000, -1279.0000, 84.0000,  820.0000, -1276.0000, 75.0000,  150, 150, 150
L 820.0000, -1276.0000, 75.0000,  819.0000, -1278.0000, 72.0000,  150, 150, 150
L 819.0000, -1278.0000, 72.0000,  819.0000, -1283.0000, 63.0000,  150, 150, 150
L 819.0000, -1283.0000, 63.0000,  820.0000, -1288.0000, 56.0000,  150, 150, 150
L 817.0000, -1287.0000, 52.0000,  820.0000, -1288.0000, 56.0000,  150, 150, 150
L 825.0000, -1289.0000, 60.0000,  835.0000, -1293.0000, 57.0000,  150, 150, 150
L 835.0000, -1293.0000, 57.0000,  842.0000, -1292.0000, 57.0000,  150, 150, 150
L 842.0000, -1292.0000, 57.0000,  845.0000, -1292.0000, 57.0000,  150, 150, 150
L 845.0000, -1292.0000, 57.0000,  849.0000, -1291.0000, 56.0000,  150, 150, 150
L 849.0000, -1291.0000, 56.0000,  851.0000, -1287.0000, 54.0000,  150, 150, 150
L 851.0000, -1287.0000, 54.0000,  852.0000, -1283.0000, 52.0000,  150, 150, 150
L 855.0000, -1270.0000, 44.0000,  854.0000, -1267.0000, 44.0000,  150, 150, 150
L 854.0000, -1267.0000, 44.0000,  852.0000, -1261.0000, 43.0000,  150, 150, 150
L 852.0000, -1261.0000, 43.0000,  849.0000, -1257.0000, 42.0000,  150, 150, 150
L 849.0000, -1257.0000, 42.0000,  848.0000, -1254.0000, 42.0000,  150, 150, 150
L 848.0000, -1254.0000, 42.0000,  843.0000, -1252.0000, 41.0000,  150, 150, 150
L 843.0000, -1252.0000, 41.0000,  836.0000, -1250.0000, 41.0000,  150, 150, 150
L 836.0000, -1250.0000, 41.0000,  833.0000, -1249.0000, 41.0000,  150, 150, 150
L 833.0000, -1249.0000, 41.0000,  826.0000, -1250.0000, 42.0000,  150, 150, 150
L 826.0000, -1250.0000, 42.0000,  823.0000, -1252.0000, 42.0000,  150, 150, 150
L 823.0000, -1252.0000, 42.0000,  818.0000, -1255.0000, 41.0000,  150, 150, 150
L 818.0000, -1255.0000, 41.0000,  814.0000, -1257.0000, 41.0000,  150, 150, 150
L 814.0000, -1257.0000, 41.0000,  811.0000, -1260.0000, 41.0000,  150, 150, 150
L 811.0000, -1260.0000, 41.0000,  810.0000, -1264.0000, 41.0000,  150, 150, 150
L 810.0000, -1264.0000, 41.0000,  809.0000, -1268.0000, 41.0000,  150, 150, 150
L 809.0000, -1268.0000, 41.0000,  809.0000, -1274.0000, 42.0000,  150, 150, 150
L 809.0000, -1274.0000, 42.0000,  810.0000, -1278.0000, 44.0000,  150, 150, 150
L 810.0000, -1278.0000, 44.0000,  814.0000, -1285.0000, 49.0000,  150, 150, 150
L 814.0000, -1285.0000, 49.0000,  817.0000, -1287.0000, 52.0000,  150, 150, 150
L 809.0000, -1222.0000, 47.0000,  808.0000, -1221.0000, 48.0000,  150, 150, 150
L 808.0000, -1221.0000, 48.0000,  806.0000, -1219.0000, 50.0000,  150, 150, 150
L 806.0000, -1219.0000, 50.0000,  803.0000, -1215.0000, 53.0000,  150, 150, 150
L 803.0000, -1215.0000, 53.0000,  801.0000, -1211.0000, 58.0000,  150, 150, 150
L 801.0000, -1211.0000, 58.0000,  801.0000, -1210.0000, 59.0000,  150, 150, 150
L 801.0000, -1210.0000, 59.0000,  802.0000, -1208.0000, 61.0000,  150, 150, 150
L 802.0000, -1208.0000, 61.0000,  802.0000, -1205.0000, 64.0000,  150, 150, 150
L 802.0000, -1205.0000, 64.0000,  805.0000, -1200.0000, 67.0000,  150, 150, 150
L 805.0000, -1200.0000, 67.0000,  806.0000, -1199.0000, 68.0000,  150, 150, 150
L 806.0000, -1199.0000, 68.0000,  807.0000, -1196.0000, 70.0000,  150, 150, 150
L 807.0000, -1196.0000, 70.0000,  808.0000, -1200.0000, 76.0000,  150, 150, 150
L 808.0000, -1200.0000, 76.0000,  809.0000, -1200.0000, 80.0000,  150, 150, 150
L 809.0000, -1200.0000, 80.0000,  811.0000, -1202.0000, 85.0000,  150, 150, 150
L 811.0000, -1202.0000, 85.0000,  818.0000, -1201.0000, 90.0000,  150, 150, 150
L 818.0000, -1201.0000, 90.0000,  821.0000, -1202.0000, 91.0000,  150, 150, 150
L 821.0000, -1202.0000, 91.0000,  829.0000, -1200.0000, 91.0000,  150, 150, 150
L 829.0000, -1200.0000, 91.0000,  832.0000, -1200.0000, 89.0000,  150, 150, 150
L 832.0000, -1200.0000, 89.0000,  846.0000, -1207.0000, 51.0000,  150, 150, 150
L 841.0000, -1191.0000, 61.0000,  845.0000, -1197.0000, 56.0000,  150, 150, 150
L 845.0000, -1197.0000, 56.0000,  847.0000, -1202.0000, 52.0000,  150, 150, 150
L 847.0000, -1202.0000, 52.0000,  847.0000, -1204.0000, 52.0000,  150, 150, 150
L 847.0000, -1204.0000, 52.0000,  846.0000, -1207.0000, 51.0000,  150, 150, 150
L 846.0000, -1207.0000, 51.0000,  844.0000, -1215.0000, 49.0000,  150, 150, 150
L 844.0000, -1215.0000, 49.0000,  841.0000, -1219.0000, 48.0000,  150, 150, 150
L 841.0000, -1219.0000, 48.0000,  836.0000, -1223.0000, 46.0000,  150, 150, 150
L 836.0000, -1223.0000, 46.0000,  831.0000, -1225.0000, 46.0000,  150, 150, 150
L 831.0000, -1225.0000, 46.0000,  827.0000, -1225.0000, 47.0000,  150, 150, 150
L 827.0000, -1225.0000, 47.0000,  824.0000, -1226.0000, 47.0000,  150, 150, 150
L 824.0000, -1226.0000, 47.0000,  819.0000, -1227.0000, 46.0000,  150, 150, 150
L 819.0000, -1227.0000, 46.0000,  815.0000, -1226.0000, 46.0000,  150, 150, 150
L 815.0000, -1226.0000, 46.0000,  809.0000, -1222.0000, 47.0000,  150, 150, 150
L 841.0000, -1191.0000, 62.0000,  841.0000, -1190.0000, 62.0000,  150, 150, 150
L 841.0000, -1190.0000, 62.0000,  845.0000, -1181.0000, 64.0000,  150, 150, 150
L 845.0000, -1181.0000, 64.0000,  845.0000, -1179.0000, 65.0000,  150, 150, 150
L 845.0000, -1179.0000, 65.0000,  845.0000, -1174.0000, 67.0000,  150, 150, 150
L 845.0000, -1174.0000, 67.0000,  844.0000, -1171.0000, 69.0000,  150, 150, 150
L 844.0000, -1171.0000, 69.0000,  842.0000, -1166.0000, 72.0000,  150, 150, 150
L 842.0000, -1166.0000, 72.0000,  838.0000, -1162.0000, 76.0000,  150, 150, 150
L 838.0000, -1162.0000, 76.0000,  830.0000, -1161.0000, 101.0000,  150, 150, 150
L 829.0000, -1157.0000, 83.0000,  832.0000, -1155.0000, 83.0000,  150, 150, 150
L 832.0000, -1155.0000, 83.0000,  835.0000, -1149.0000, 83.0000,  150, 150, 150
L 835.0000, -1149.0000, 83.0000,  836.0000, -1143.0000, 84.0000,  150, 150, 150
L 836.0000, -1143.0000, 84.0000,  836.0000, -1137.0000, 86.0000,  150, 150, 150
L 836.0000, -1137.0000, 86.0000,  834.0000, -1129.0000, 89.0000,  150, 150, 150
L 834.0000, -1129.0000, 89.0000,  833.0000, -1128.0000, 89.0000,  150, 150, 150
L 833.0000, -1128.0000, 89.0000,  831.0000, -1125.0000, 91.0000,  150, 150, 150
L 831.0000, -1125.0000, 91.0000,  828.0000, -1122.0000, 93.0000,  150, 150, 150
L 828.0000, -1122.0000, 93.0000,  817.0000, -1120.0000, 101.0000,  150, 150, 150
L 817.0000, -1120.0000, 101.0000,  816.0000, -1120.0000, 102.0000,  150, 150, 150
L 816.0000, -1120.0000, 102.0000,  808.0000, -1130.0000, 111.0000,  150, 150, 150
L 808.0000, -1130.0000, 111.0000,  806.0000, -1135.0000, 111.0000,  150, 150, 150
L 806.0000, -1135.0000, 111.0000,  804.0000, -1139.0000, 111.0000,  150, 150, 150
L 804.0000, -1139.0000, 111.0000,  803.0000, -1143.0000, 110.0000,  150, 150, 150
L 803.0000, -1143.0000, 110.0000,  802.0000, -1148.0000, 108.0000,  150, 150, 150
L 802.0000, -1148.0000, 108.0000,  802.0000, -1150.0000, 108.0000,  150, 150, 150
L 802.0000, -1150.0000, 108.0000,  802.0000, -1157.0000, 103.0000,  150, 150, 150
L 802.0000, -1157.0000, 103.0000,  806.0000, -1163.0000, 98.0000,  150, 150, 150
L 806.0000, -1163.0000, 98.0000,  809.0000, -1167.0000, 94.0000,  150, 150, 150
L 809.0000, -1167.0000, 94.0000,  808.0000, -1168.0000, 94.0000,  150, 150, 150
L 808.0000, -1168.0000, 94.0000,  804.0000, -1172.0000, 93.0000,  150, 150, 150
L 804.0000, -1172.0000, 93.0000,  803.0000, -1177.0000, 91.0000,  150, 150, 150
L 803.0000, -1177.0000, 91.0000,  802.0000, -1181.0000, 88.0000,  150, 150, 150
L 802.0000, -1181.0000, 88.0000,  801.0000, -1186.0000, 83.0000,  150, 150, 150
L 801.0000, -1186.0000, 83.0000,  802.0000, -1189.0000, 80.0000,  150, 150, 150
L 802.0000, -1189.0000, 80.0000,  805.0000, -1194.0000, 74.0000,  150, 150, 150
L 805.0000, -1194.0000, 74.0000,  807.0000, -1196.0000, 70.0000,  150, 150, 150
L 809.0000, -1167.0000, 94.0000,  818.0000, -1166.0000, 107.0000,  150, 150, 150
L 818.0000, -1166.0000, 107.0000,  824.0000, -1166.0000, 108.0000,  150, 150, 150
L 824.0000, -1166.0000, 108.0000,  826.0000, -1165.0000, 108.0000,  150, 150, 150
L 826.0000, -1165.0000, 108.0000,  838.0000, -1162.0000, 76.0000,  150, 150, 150
L 753.0000, -1079.0000, 122.0000,  748.0000, -1078.0000, 122.0000,  150, 150, 150
L 748.0000, -1078.0000, 122.0000,  747.0000, -1078.0000, 121.0000,  150, 150, 150
L 747.0000, -1078.0000, 121.0000,  739.0000, -1072.0000, 117.0000,  150, 150, 150
L 739.0000, -1072.0000, 117.0000,  732.0000, -1064.0000, 108.0000,  150, 150, 150
L 732.0000, -1064.0000, 108.0000,  732.0000, -1063.0000, 108.0000,  150, 150, 150
L 732.0000, -1063.0000, 108.0000,  734.0000, -1059.0000, 105.0000,  150, 150, 150
L 734.0000, -1059.0000, 105.0000,  735.0000, -1055.0000, 111.0000,  150, 150, 150
L 735.0000, -1055.0000, 111.0000,  736.0000, -1054.0000, 112.0000,  150, 150, 150
L 736.0000, -1054.0000, 112.0000,  736.0000, -1053.0000, 111.0000,  150, 150, 150
L 736.0000, -1053.0000, 111.0000,  738.0000, -1051.0000, 113.0000,  150, 150, 150
L 738.0000, -1051.0000, 113.0000,  743.0000, -1046.0000, 116.0000,  150, 150, 150
L 743.0000, -1046.0000, 116.0000,  746.0000, -1044.0000, 116.0000,  150, 150, 150
L 746.0000, -1044.0000, 116.0000,  751.0000, -1045.0000, 115.0000,  150, 150, 150
L 751.0000, -1045.0000, 115.0000,  756.0000, -1047.0000, 112.0000,  150, 150, 150
L 756.0000, -1047.0000, 112.0000,  761.0000, -1051.0000, 108.0000,  150, 150, 150
L 761.0000, -1051.0000, 108.0000,  762.0000, -1052.0000, 107.0000,  150, 150, 150
L 762.0000, -1052.0000, 107.0000,  764.0000, -1056.0000, 106.0000,  150, 150, 150
L 764.0000, -1056.0000, 106.0000,  766.0000, -1063.0000, 110.0000,  150, 150, 150
L 766.0000, -1063.0000, 110.0000,  766.0000, -1068.0000, 113.0000,  150, 150, 150
L 766.0000, -1068.0000, 113.0000,  765.0000, -1070.0000, 115.0000,  150, 150, 150
L 765.0000, -1070.0000, 115.0000,  760.0000, -1075.0000, 119.0000,  150, 150, 150
L 760.0000, -1075.0000, 119.0000,  756.0000, -1078.0000, 121.0000,  150, 150, 150
L 756.0000, -1078.0000, 121.0000,  753.0000, -1079.0000, 122.0000,  150, 150, 150
L 764.0000, -1056.0000, 106.0000,  767.0000, -1050.0000, 103.0000,  150, 150, 150
L 767.0000, -1050.0000, 103.0000,  771.0000, -1046.0000, 99.0000,  150, 150, 150
L 771.0000, -1046.0000, 99.0000,  773.0000, -1042.0000, 92.0000,  150, 150, 150
L 773.0000, -1042.0000, 92.0000,  773.0000, -1042.0000, 91.0000,  150, 150, 150
L 773.0000, -1042.0000, 91.0000,  769.0000, -1039.0000, 87.0000,  150, 150, 150
L 769.0000, -1039.0000, 87.0000,  768.0000, -1038.0000, 86.0000,  150, 150, 150
L 768.0000, -1038.0000, 86.0000,  765.0000, -1037.0000, 85.0000,  150, 150, 150
L 762.0000, -1036.0000, 84.0000,  757.0000, -1037.0000, 85.0000,  150, 150, 150
L 757.0000, -1037.0000, 85.0000,  751.0000, -1036.0000, 84.0000,  150, 150, 150
L 751.0000, -1036.0000, 84.0000,  750.0000, -1036.0000, 84.0000,  150, 150, 150
L 750.0000, -1036.0000, 84.0000,  746.0000, -1034.0000, 81.0000,  150, 150, 150
L 746.0000, -1034.0000, 81.0000,  745.0000, -1033.0000, 80.0000,  150, 150, 150
L 737.0000, -1032.0000, 80.0000,  738.0000, -1029.0000, 76.0000,  150, 150, 150
L 740.0000, -1027.0000, 73.0000,  740.0000, -1026.0000, 71.0000,  150, 150, 150
L 740.0000, -1026.0000, 71.0000,  740.0000, -1022.0000, 66.0000,  150, 150, 150
L 740.0000, -1022.0000, 66.0000,  743.0000, -1019.0000, 62.0000,  150, 150, 150
L 734.0000, -1059.0000, 105.0000,  730.0000, -1056.0000, 102.0000,  150, 150, 150
L 730.0000, -1056.0000, 102.0000,  727.0000, -1051.0000, 97.0000,  150, 150, 150
L 727.0000, -1051.0000, 97.0000,  726.0000, -1050.0000, 95.0000,  150, 150, 150
L 726.0000, -1050.0000, 95.0000,  724.0000, -1047.0000, 92.0000,  150, 150, 150
L 724.0000, -1047.0000, 92.0000,  729.0000, -1037.0000, 85.0000,  150, 150, 150
L 729.0000, -1037.0000, 85.0000,  732.0000, -1034.0000, 83.0000,  150, 150, 150
L 732.0000, -1034.0000, 83.0000,  737.0000, -1032.0000, 80.0000,  150, 150, 150
L 745.0000, -1033.0000, 80.0000,  738.0000, -1029.0000, 76.0000,  150, 150, 150
L 743.0000, -1019.0000, 62.0000,  742.0000, -1012.0000, 64.0000,  150, 150, 150
L 742.0000, -1012.0000, 64.0000,  746.0000, -1007.0000, 67.0000,  150, 150, 150
L 746.0000, -1007.0000, 67.0000,  747.0000, -1005.0000, 70.0000,  150, 150, 150
L 747.0000, -1005.0000, 70.0000,  751.0000, -1003.0000, 70.0000,  150, 150, 150
L 751.0000, -1003.0000, 70.0000,  752.0000, -1003.0000, 70.0000,  150, 150, 150
L 751.0000, -1003.0000, 70.0000,  764.0000, -1003.0000, 69.0000,  150, 150, 150
L 771.0000, -1026.0000, 66.0000,  778.0000, -1024.0000, 61.0000,  150, 150, 150
L 778.0000, -1024.0000, 61.0000,  779.0000, -1023.0000, 60.0000,  150, 150, 150
L 779.0000, -1023.0000, 60.0000,  783.0000, -1018.0000, 53.0000,  150, 150, 150
L 783.0000, -1018.0000, 53.0000,  784.0000, -1016.0000, 51.0000,  150, 150, 150
L 784.0000, -1016.0000, 51.0000,  785.0000, -1012.0000, 45.0000,  150, 150, 150
L 771.0000, -1026.0000, 66.0000,  765.0000, -1027.0000, 68.0000,  150, 150, 150
L 765.0000, -1027.0000, 68.0000,  759.0000, -1026.0000, 68.0000,  150, 150, 150
L 759.0000, -1026.0000, 68.0000,  756.0000, -1025.0000, 68.0000,  150, 150, 150
L 756.0000, -1025.0000, 68.0000,  753.0000, -1025.0000, 67.0000,  150, 150, 150
L 753.0000, -1025.0000, 67.0000,  749.0000, -1023.0000, 66.0000,  150, 150, 150
L 749.0000, -1023.0000, 66.0000,  746.0000, -1022.0000, 65.0000,  150, 150, 150
L 746.0000, -1022.0000, 65.0000,  743.0000, -1019.0000, 63.0000,  150, 150, 150
L 765.0000, -1037.0000, 85.0000,  768.0000, -1033.0000, 78.0000,  150, 150, 150
L 768.0000, -1033.0000, 78.0000,  771.0000, -1026.0000, 66.0000,  150, 150, 150
L 785.0000, -1012.0000, 45.0000,  780.0000, -1006.0000, 40.0000,  150, 150, 150
L 780.0000, -1006.0000, 40.0000,  778.0000, -1005.0000, 39.0000,  150, 150, 150
L 778.0000, -1005.0000, 39.0000,  770.0000, -1006.0000, 69.0000,  150, 150, 150
L 770.0000, -1006.0000, 69.0000,  768.0000, -1005.0000, 69.0000,  150, 150, 150
L 752.0000, -1003.0000, 70.0000,  750.0000, -1001.0000, 40.0000,  150, 150, 150
L 750.0000, -1001.0000, 40.0000,  745.0000, -995.0000, 35.0000,  150, 150, 150
L 745.0000, -995.0000, 35.0000,  745.0000, -992.0000, 33.0000,  150, 150, 150
L 745.0000, -992.0000, 33.0000,  745.0000, -986.0000, 27.0000,  150, 150, 150
L 745.0000, -986.0000, 27.0000,  747.0000, -982.0000, 24.0000,  150, 150, 150
L 747.0000, -982.0000, 24.0000,  750.0000, -976.0000, 19.0000,  150, 150, 150
L 750.0000, -976.0000, 19.0000,  752.0000, -969.0000, 13.0000,  150, 150, 150
L 752.0000, -969.0000, 13.0000,  753.0000, -968.0000, 13.0000,  150, 150, 150
L 753.0000, -968.0000, 13.0000,  756.0000, -965.0000, 10.0000,  150, 150, 150
L 753.0000, -964.0000, 10.0000,  753.0000, -963.0000, 10.0000,  150, 150, 150
L 753.0000, -963.0000, 10.0000,  749.0000, -952.0000, 4.0000,  150, 150, 150
L 749.0000, -952.0000, 4.0000,  749.0000, -951.0000, 4.0000,  150, 150, 150
L 749.0000, -951.0000, 4.0000,  749.0000, -949.0000, 3.0000,  150, 150, 150
L 749.0000, -949.0000, 3.0000,  750.0000, -945.0000, 1.0000,  150, 150, 150
L 750.0000, -945.0000, 1.0000,  751.0000, -942.0000, 0.0000,  150, 150, 150
L 751.0000, -942.0000, 0.0000,  752.0000, -938.0000, 0.0000,  150, 150, 150
L 752.0000, -938.0000, 0.0000,  748.0000, -932.0000, -1.0000,  150, 150, 150
L 748.0000, -932.0000, -1.0000,  747.0000, -931.0000, -2.0000,  150, 150, 150
L 747.0000, -931.0000, -2.0000,  744.0000, -925.0000, -3.0000,  150, 150, 150
L 744.0000, -925.0000, -3.0000,  743.0000, -922.0000, -3.0000,  150, 150, 150
L 743.0000, -922.0000, -3.0000,  739.0000, -912.0000, -4.0000,  150, 150, 150
L 739.0000, -912.0000, -4.0000,  734.0000, -907.0000, -4.0000,  150, 150, 150
L 734.0000, -907.0000, -4.0000,  733.0000, -903.0000, -5.0000,  150, 150, 150
L 733.0000, -903.0000, -5.0000,  734.0000, -899.0000, -5.0000,  150, 150, 150
L 734.0000, -899.0000, -5.0000,  736.0000, -896.0000, -5.0000,  150, 150, 150
L 736.0000, -896.0000, -5.0000,  746.0000, -893.0000, -3.0000,  150, 150, 150
L 745.0000, -890.0000, -5.0000,  747.0000, -888.0000, -6.0000,  150, 150, 150
L 747.0000, -888.0000, -6.0000,  753.0000, -887.0000, -5.0000,  150, 150, 150
L 753.0000, -887.0000, -5.0000,  755.0000, -888.0000, -6.0000,  150, 150, 150
L 753.0000, -900.0000, -4.0000,  761.0000, -893.0000, -6.0000,  150, 150, 150
L 761.0000, -893.0000, -6.0000,  766.0000, -892.0000, -7.0000,  150, 150, 150
L 766.0000, -892.0000, -7.0000,  768.0000, -892.0000, -7.0000,  150, 150, 150
L 768.0000, -892.0000, -7.0000,  773.0000, -895.0000, -7.0000,  150, 150, 150
L 773.0000, -895.0000, -7.0000,  774.0000, -895.0000, -7.0000,  150, 150, 150
L 774.0000, -895.0000, -7.0000,  778.0000, -898.0000, -8.0000,  150, 150, 150
L 778.0000, -898.0000, -8.0000,  780.0000, -900.0000, -8.0000,  150, 150, 150
L 780.0000, -900.0000, -8.0000,  782.0000, -904.0000, -8.0000,  150, 150, 150
L 782.0000, -904.0000, -8.0000,  783.0000, -907.0000, -8.0000,  150, 150, 150
L 783.0000, -907.0000, -8.0000,  785.0000, -915.0000, -7.0000,  150, 150, 150
L 785.0000, -915.0000, -7.0000,  784.0000, -922.0000, -5.0000,  150, 150, 150
L 784.0000, -922.0000, -5.0000,  782.0000, -929.0000, -3.0000,  150, 150, 150
L 782.0000, -929.0000, -3.0000,  781.0000, -931.0000, -3.0000,  150, 150, 150
L 782.0000, -931.0000, -3.0000,  785.0000, -932.0000, -3.0000,  150, 150, 150
L 785.0000, -932.0000, -3.0000,  791.0000, -935.0000, -2.0000,  150, 150, 150
L 791.0000, -935.0000, -2.0000,  793.0000, -940.0000, -1.0000,  150, 150, 150
L 793.0000, -940.0000, -1.0000,  795.0000, -947.0000, 0.0000,  150, 150, 150
L 795.0000, -947.0000, 0.0000,  797.0000, -953.0000, 3.0000,  150, 150, 150
L 797.0000, -953.0000, 3.0000,  796.0000, -957.0000, 4.0000,  150, 150, 150
L 796.0000, -957.0000, 4.0000,  792.0000, -965.0000, 8.0000,  150, 150, 150
L 792.0000, -965.0000, 8.0000,  790.0000, -967.0000, 9.0000,  150, 150, 150
L 790.0000, -967.0000, 9.0000,  788.0000, -968.0000, 9.0000,  150, 150, 150
L 788.0000, -968.0000, 9.0000,  780.0000, -970.0000, 11.0000,  150, 150, 150
L 780.0000, -970.0000, 11.0000,  777.0000, -971.0000, 12.0000,  150, 150, 150
L 777.0000, -971.0000, 12.0000,  771.0000, -972.0000, 13.0000,  150, 150, 150
L 771.0000, -972.0000, 13.0000,  779.0000, -974.0000, 14.0000,  150, 150, 150
L 779.0000, -974.0000, 14.0000,  780.0000, -974.0000, 14.0000,  150, 150, 150
L 780.0000, -974.0000, 14.0000,  782.0000, -975.0000, 14.0000,  150, 150, 150
L 782.0000, -975.0000, 14.0000,  788.0000, -980.0000, 17.0000,  150, 150, 150
L 788.0000, -980.0000, 17.0000,  789.0000, -981.0000, 17.0000,  150, 150, 150
L 789.0000, -981.0000, 17.0000,  792.0000, -990.0000, 24.0000,  150, 150, 150
L 792.0000, -990.0000, 24.0000,  790.0000, -996.0000, 28.0000,  150, 150, 150
L 790.0000, -996.0000, 28.0000,  789.0000, -998.0000, 30.0000,  150, 150, 150
L 789.0000, -998.0000, 30.0000,  786.0000, -1001.0000, 33.0000,  150, 150, 150
L 786.0000, -1001.0000, 33.0000,  782.0000, -1003.0000, 37.0000,  150, 150, 150
L 782.0000, -1003.0000, 37.0000,  778.0000, -1005.0000, 39.0000,  150, 150, 150
L 760.0000, -967.0000, 10.0000,  771.0000, -972.0000, 13.0000,  150, 150, 150
L 782.0000, -931.0000, -3.0000,  770.0000, -929.0000, 16.0000,  150, 150, 150
L 770.0000, -929.0000, 16.0000,  766.0000, -928.0000, 18.0000,  150, 150, 150
L 766.0000, -928.0000, 18.0000,  762.0000, -929.0000, 18.0000,  150, 150, 150
L 762.0000, -929.0000, 18.0000,  754.0000, -930.0000, 16.0000,  150, 150, 150
L 754.0000, -930.0000, 16.0000,  752.0000, -938.0000, 0.0000,  150, 150, 150
L 745.0000, -890.0000, -5.0000,  746.0000, -893.0000, -3.0000,  150, 150, 150
L 747.0000, -897.0000, -1.0000,  752.0000, -906.0000, -5.0000,  150, 150, 150
L 755.0000, -888.0000, -6.0000,  753.0000, -896.0000, -1.0000,  150, 150, 150
L 753.0000, -896.0000, -1.0000,  753.0000, -899.0000, -3.0000,  150, 150, 150
L 753.0000, -899.0000, -3.0000,  753.0000, -900.0000, -4.0000,  150, 150, 150
L 753.0000, -900.0000, -4.0000,  752.0000, -906.0000, -5.0000,  150, 150, 150
L 752.0000, -906.0000, -5.0000,  752.0000, -908.0000, -5.0000,  150, 150, 150
L 752.0000, -908.0000, -5.0000,  739.0000, -912.0000, -4.0000,  150, 150, 150
L 756.0000, -899.0000, 35.0000,  750.0000, -896.0000, 32.0000,  127, 64, 0
L 750.0000, -896.0000, 32.0000,  768.0000, -854.0000, 35.0000,  127, 64, 0
L 774.0000, -856.0000, 35.0000,  756.0000, -899.0000, 35.0000,  127, 64, 0
L 768.0000, -854.0000, 35.0000,  774.0000, -856.0000, 35.0000,  127, 64, 0
L 815.0000, -1217.0000, 80.0000,  825.0000, -1261.0000, 80.0000,  127, 64, 0
L 818.0000, -1262.0000, 78.0000,  808.0000, -1218.0000, 78.0000,  127, 64, 0
L 808.0000, -1218.0000, 78.0000,  815.0000, -1217.0000, 80.0000,  127, 64, 0
L 825.0000, -1261.0000, 81.0000,  818.0000, -1262.0000, 79.0000,  127, 64, 0
L 787.0000, -798.0000, 108.0000,  794.0000, -802.0000, 104.0000,  150, 150, 150
L 794.0000, -802.0000, 104.0000,  797.0000, -805.0000, 100.0000,  150, 150, 150
L 797.0000, -805.0000, 100.0000,  800.0000, -809.0000, 94.0000,  150, 150, 150
L 800.0000, -809.0000, 94.0000,  802.0000, -811.0000, 90.0000,  150, 150, 150
L 802.0000, -811.0000, 90.0000,  801.0000, -815.0000, 83.0000,  150, 150, 150
L 801.0000, -815.0000, 83.0000,  797.0000, -818.0000, 77.0000,  150, 150, 150
L 797.0000, -818.0000, 77.0000,  794.0000, -820.0000, 72.0000,  150, 150, 150
L 794.0000, -820.0000, 72.0000,  795.0000, -823.0000, 68.0000,  150, 150, 150
L 795.0000, -823.0000, 68.0000,  795.0000, -828.0000, 60.0000,  150, 150, 150
L 795.0000, -828.0000, 60.0000,  792.0000, -829.0000, 57.0000,  150, 150, 150
L 792.0000, -829.0000, 57.0000,  789.0000, -831.0000, 53.0000,  150, 150, 150
L 789.0000, -831.0000, 54.0000,  789.0000, -831.0000, 53.0000,  150, 150, 150
L 795.0000, -835.0000, 50.0000,  795.0000, -838.0000, 46.0000,  150, 150, 150
L 795.0000, -838.0000, 46.0000,  796.0000, -841.0000, 42.0000,  150, 150, 150
L 796.0000, -841.0000, 42.0000,  796.0000, -846.0000, 35.0000,  150, 150, 150
L 796.0000, -846.0000, 35.0000,  794.0000, -847.0000, 33.0000,  150, 150, 150
L 794.0000, -847.0000, 33.0000,  792.0000, -848.0000, 31.0000,  150, 150, 150
L 776.0000, -861.0000, 34.0000,  771.0000, -864.0000, 2.0000,  150, 150, 150
L 771.0000, -864.0000, 2.0000,  769.0000, -863.0000, 2.0000,  150, 150, 150
L 787.0000, -798.0000, 107.0000,  781.0000, -799.0000, 105.0000,  150, 150, 150
L 781.0000, -799.0000, 105.0000,  780.0000, -799.0000, 104.0000,  150, 150, 150
L 780.0000, -799.0000, 104.0000,  775.0000, -801.0000, 100.0000,  150, 150, 150
L 775.0000, -801.0000, 100.0000,  771.0000, -803.0000, 94.0000,  150, 150, 150
L 771.0000, -803.0000, 94.0000,  769.0000, -807.0000, 86.0000,  150, 150, 150
L 769.0000, -807.0000, 86.0000,  768.0000, -814.0000, 84.0000,  150, 150, 150
L 766.0000, -809.0000, 82.0000,  764.0000, -809.0000, 81.0000,  150, 150, 150
L 764.0000, -809.0000, 81.0000,  758.0000, -809.0000, 78.0000,  150, 150, 150
L 758.0000, -809.0000, 78.0000,  753.0000, -812.0000, 72.0000,  150, 150, 150
L 753.0000, -812.0000, 72.0000,  751.0000, -813.0000, 69.0000,  150, 150, 150
L 751.0000, -813.0000, 69.0000,  749.0000, -816.0000, 63.0000,  150, 150, 150
L 749.0000, -816.0000, 63.0000,  751.0000, -821.0000, 56.0000,  150, 150, 150
L 751.0000, -821.0000, 56.0000,  751.0000, -822.0000, 55.0000,  150, 150, 150
L 751.0000, -822.0000, 55.0000,  756.0000, -827.0000, 50.0000,  150, 150, 150
L 756.0000, -827.0000, 50.0000,  755.0000, -828.0000, 47.0000,  150, 150, 150
L 755.0000, -828.0000, 47.0000,  752.0000, -834.0000, 38.0000,  150, 150, 150
L 752.0000, -834.0000, 38.0000,  752.0000, -836.0000, 35.0000,  150, 150, 150
L 752.0000, -836.0000, 35.0000,  751.0000, -838.0000, 32.0000,  150, 150, 150
L 751.0000, -838.0000, 32.0000,  752.0000, -840.0000, 29.0000,  150, 150, 150
L 752.0000, -840.0000, 29.0000,  756.0000, -848.0000, 20.0000,  150, 150, 150
L 756.0000, -848.0000, 20.0000,  759.0000, -851.0000, 18.0000,  150, 150, 150
L 759.0000, -851.0000, 18.0000,  760.0000, -852.0000, 16.0000,  150, 150, 150
L 760.0000, -852.0000, 16.0000,  760.0000, -856.0000, 11.0000,  150, 150, 150
L 760.0000, -856.0000, 11.0000,  761.0000, -857.0000, 10.0000,  150, 150, 150
L 761.0000, -857.0000, 10.0000,  763.0000, -860.0000, 6.0000,  150, 150, 150
L 763.0000, -860.0000, 6.0000,  765.0000, -861.0000, 5.0000,  150, 150, 150
L 765.0000, -861.0000, 5.0000,  769.0000, -863.0000, 2.0000,  150, 150, 150
L 766.0000, -809.0000, 82.0000,  768.0000, -814.0000, 84.0000,  150, 150, 150
L 771.0000, -819.0000, 86.0000,  768.0000, -825.0000, 57.0000,  150, 150, 150
L 778.0000, -826.0000, 59.0000,  784.0000, -828.0000, 84.0000,  150, 150, 150
L 784.0000, -828.0000, 84.0000,  786.0000, -827.0000, 83.0000,  150, 150, 150
L 786.0000, -827.0000, 83.0000,  790.0000, -825.0000, 79.0000,  150, 150, 150
L 790.0000, -825.0000, 79.0000,  794.0000, -820.0000, 72.0000,  150, 150, 150
L 789.0000, -831.0000, 54.0000,  778.0000, -826.0000, 59.0000,  150, 150, 150
L 778.0000, -826.0000, 59.0000,  775.0000, -825.0000, 60.0000,  150, 150, 150
L 775.0000, -825.0000, 60.0000,  774.0000, -825.0000, 60.0000,  150, 150, 150
L 774.0000, -825.0000, 60.0000,  768.0000, -825.0000, 57.0000,  150, 150, 150
L 763.0000, -825.0000, 54.0000,  758.0000, -826.0000, 51.0000,  150, 150, 150
L 758.0000, -826.0000, 51.0000,  756.0000, -827.0000, 50.0000,  150, 150, 150
L 776.0000, -861.0000, 34.0000,  781.0000, -859.0000, 28.0000,  150, 150, 150
L 781.0000, -859.0000, 28.0000,  785.0000, -856.0000, 25.0000,  150, 150, 150
L 785.0000, -856.0000, 25.0000,  792.0000, -848.0000, 31.0000,  150, 150, 150
L -1936.0000, -865.0000, -271.0000,  -1949.0000, -864.0000, -270.0000,  199, 21, 133
