L 123.5000, -197.6000, 0.2000,  123.5000, -202.2000, 0.2000,  205, 133, 63
L 120.5000, -202.2000, 0.2000,  120.5000, -206.9000, 0.2000,  205, 133, 63
L 120.5000, -206.9000, 0.2000,  64.3000, -206.9000, 0.2000,  0, 0, 0
L 120.5000, -202.2000, 0.2000,  123.5000, -202.2000, 0.2000,  205, 133, 63
L 117.5000, -202.2000, 0.2000,  120.5000, -202.2000, 0.2000,  205, 133, 63
L 117.5000, -197.6000, 0.2000,  123.5000, -197.6000, 0.2000,  205, 133, 63
L 120.5000, -192.9000, 0.2000,  120.5000, -197.6000, 0.2000,  205, 133, 63
L 120.5000, -192.9000, 0.2000,  191.0000, -192.9000, 0.2000,  0, 0, 0
L 117.5000, -197.6000, 0.2000,  117.5000, -202.2000, 0.2000,  205, 133, 63
L 64.3000, -192.9000, 0.2000,  120.5000, -192.9000, 0.2000,  0, 0, 0
L 119.3000, -229.6000, 0.2000,  119.3000, -234.2000, 0.2000,  205, 133, 63
L 117.8000, -234.2000, 0.2000,  117.8000, -238.9000, 0.2000,  205, 133, 63
L 117.8000, -238.9000, 0.2000,  115.4000, -238.9000, 0.2000,  0, 0, 0
L 117.8000, -234.2000, 0.2000,  119.3000, -234.2000, 0.2000,  205, 133, 63
L 116.4000, -234.2000, 0.2000,  117.8000, -234.2000, 0.2000,  205, 133, 63
L 116.4000, -229.6000, 0.2000,  119.3000, -229.6000, 0.2000,  205, 133, 63
L 117.8000, -224.9000, 0.2000,  117.8000, -229.6000, 0.2000,  205, 133, 63
L 117.8000, -224.9000, 0.2000,  128.9000, -224.9000, 0.2000,  0, 0, 0
L 116.4000, -229.6000, 0.2000,  116.4000, -234.2000, 0.2000,  205, 133, 63
L 128.9000, -238.9000, 0.2000,  117.8000, -238.9000, 0.2000,  0, 0, 0
L -573.1000, 139.0000, -297.4000,  -573.1000, 128.7000, -297.4000,  155, 155, 155
L -573.1000, 128.7000, -297.4000,  -574.7000, 128.7000, -295.9000,  102, 0, 204
L -573.1000, 139.0000, -297.4000,  -574.7000, 139.0000, -295.9000,  102, 0, 204
L -566.5000, 139.0000, -303.4000,  -566.5000, 128.7000, -303.4000,  155, 155, 155
L -566.5000, 128.7000, -303.4000,  -568.2000, 128.7000, -301.9000,  102, 0, 204
L -566.5000, 139.0000, -303.4000,  -568.2000, 139.0000, -301.9000,  102, 0, 204
L -563.2000, 139.0000, -306.4000,  -563.2000, 128.7000, -306.4000,  155, 155, 155
L -563.2000, 128.7000, -306.4000,  -564.9000, 128.7000, -304.9000,  102, 0, 204
L -563.2000, 139.0000, -306.4000,  -564.9000, 139.0000, -304.9000,  102, 0, 204
L -560.0000, 139.0000, -309.4000,  -560.0000, 128.8000, -309.4000,  155, 155, 155
L -560.0000, 128.8000, -309.4000,  -561.6000, 128.8000, -307.9000,  102, 0, 204
L -560.0000, 139.0000, -309.4000,  -561.6000, 139.0000, -307.9000,  102, 0, 204
L -556.7000, 139.0000, -312.4000,  -556.7000, 128.8000, -312.4000,  155, 155, 155
L -556.7000, 128.8000, -312.4000,  -558.3000, 128.8000, -310.9000,  102, 0, 204
L -556.7000, 139.0000, -312.4000,  -558.3000, 139.0000, -310.9000,  102, 0, 204
L -553.4000, 139.0000, -315.4000,  -553.4000, 128.8000, -315.4000,  155, 155, 155
L -553.4000, 128.8000, -315.4000,  -555.0000, 128.8000, -313.9000,  102, 0, 204
L -553.4000, 139.0000, -315.4000,  -555.0000, 139.0000, -313.9000,  102, 0, 204
L -550.1000, 139.0000, -318.4000,  -550.1000, 128.8000, -318.4000,  155, 155, 155
L -550.1000, 128.8000, -318.4000,  -551.8000, 128.8000, -316.9000,  102, 0, 204
L -550.1000, 139.0000, -318.4000,  -551.8000, 139.0000, -316.9000,  102, 0, 204
L -558.3000, 139.0000, -310.9000,  -558.3000, 128.8000, -310.9000,  155, 155, 155
L -558.3000, 128.8000, -310.9000,  -560.0000, 128.8000, -309.4000,  102, 0, 204
L -558.3000, 139.0000, -310.9000,  -560.0000, 139.0000, -309.4000,  102, 0, 204
L -551.8000, 139.0000, -316.9000,  -551.8000, 128.8000, -316.9000,  155, 155, 155
L -551.8000, 128.8000, -316.9000,  -553.4000, 128.8000, -315.4000,  102, 0, 204
L -551.8000, 139.0000, -316.9000,  -553.4000, 139.0000, -315.4000,  102, 0, 204
L -555.0000, 139.0000, -313.9000,  -555.0000, 128.8000, -313.9000,  155, 155, 155
L -555.0000, 128.8000, -313.9000,  -556.7000, 128.8000, -312.4000,  102, 0, 204
L -555.0000, 139.0000, -313.9000,  -556.7000, 139.0000, -312.4000,  102, 0, 204
L -564.9000, 139.0000, -304.9000,  -564.9000, 128.7000, -304.9000,  155, 155, 155
L -564.9000, 128.7000, -304.9000,  -566.5000, 128.7000, -303.4000,  102, 0, 204
L -564.9000, 139.0000, -304.9000,  -566.5000, 139.0000, -303.4000,  102, 0, 204
L -569.8000, 139.0000, -300.4000,  -569.8000, 128.7000, -300.4000,  155, 155, 155
L -569.8000, 128.7000, -300.4000,  -571.4000, 128.7000, -298.9000,  102, 0, 204
L -569.8000, 139.0000, -300.4000,  -571.4000, 139.0000, -298.9000,  102, 0, 204
L -571.4000, 139.0000, -298.9000,  -571.4000, 128.7000, -298.9000,  155, 155, 155
L -571.4000, 128.7000, -298.9000,  -573.1000, 128.7000, -297.4000,  102, 0, 204
L -571.4000, 139.0000, -298.9000,  -573.1000, 139.0000, -297.4000,  102, 0, 204
L -568.2000, 139.0000, -301.9000,  -568.2000, 128.7000, -301.9000,  155, 155, 155
L -568.2000, 128.7000, -301.9000,  -569.8000, 128.7000, -300.4000,  102, 0, 204
L -568.2000, 139.0000, -301.9000,  -569.8000, 139.0000, -300.4000,  102, 0, 204
L -561.6000, 139.0000, -307.9000,  -561.6000, 128.8000, -307.9000,  155, 155, 155
L -561.6000, 128.8000, -307.9000,  -563.2000, 128.7000, -306.4000,  102, 0, 204
L -561.6000, 139.0000, -307.9000,  -563.2000, 139.0000, -306.4000,  102, 0, 204
L -548.5000, 139.0000, -319.9000,  -550.1000, 139.0000, -318.4000,  102, 0, 204
L -548.5000, 139.0000, -319.9000,  -548.5000, 128.8000, -319.9000,  155, 155, 155
L -536.9000, 125.0000, -319.9000,  -536.9000, 128.8000, -319.9000,  102, 0, 204
L -536.9000, 128.8000, -319.9000,  -548.5000, 128.8000, -319.9000,  102, 0, 204
L -548.5000, 139.0000, -319.9000,  -529.1000, 139.0000, -319.9000,  102, 0, 204
L -529.1000, 139.0000, -319.9000,  -516.7000, 126.6000, -319.9000,  102, 0, 204
L -590.4000, 139.0000, -295.9000,  -574.7000, 139.0000, -295.9000,  178, 102, 255
L -574.7000, 128.7000, -295.9000,  -574.7000, 139.0000, -295.9000,  155, 155, 155
L 31.1000, -292.3000, 0.2000,  27.6000, -288.8000, 0.2000,  255, 255, 0
L 27.6000, -288.8000, 0.2000,  24.0000, -288.8000, 0.2000,  0, 0, 0
L 31.1000, -292.3000, 0.2000,  31.1000, -295.9000, 0.2000,  255, 255, 0
L 20.4000, -302.9000, 0.2000,  16.9000, -299.3000, 0.2000,  255, 255, 0
L 16.9000, -299.3000, 0.2000,  16.9000, -302.9000, 0.2000,  255, 255, 0
L 20.4000, -302.9000, 0.2000,  16.9000, -302.9000, 0.2000,  0, 0, 0
L 27.6000, -302.9000, 0.2000,  16.9000, -292.2000, 0.2000,  255, 255, 0
L 16.9000, -292.2000, 0.2000,  16.9000, -295.8000, 0.2000,  255, 255, 0
L 27.6000, -302.9000, 0.2000,  24.0000, -302.9000, 0.2000,  0, 0, 0
L 24.0000, -302.9000, 0.2000,  16.9000, -295.8000, 0.2000,  255, 255, 0
L 16.9000, -295.8000, 0.2000,  16.9000, -299.3000, 0.2000,  255, 255, 0
L 24.0000, -302.9000, 0.2000,  20.4000, -302.9000, 0.2000,  0, 0, 0
L 31.1000, -299.4000, 0.2000,  20.5000, -288.8000, 0.2000,  255, 255, 0
L 20.5000, -288.8000, 0.2000,  16.9000, -288.8000, 0.2000,  0, 0, 0
L 31.1000, -299.4000, 0.2000,  31.1000, -302.9000, 0.2000,  255, 255, 0
L 31.1000, -295.9000, 0.2000,  24.0000, -288.8000, 0.2000,  255, 255, 0
L 24.0000, -288.8000, 0.2000,  20.5000, -288.8000, 0.2000,  0, 0, 0
L 31.1000, -295.9000, 0.2000,  31.1000, -299.4000, 0.2000,  255, 255, 0
L 31.1000, -302.9000, 0.2000,  16.9000, -288.8000, 0.2000,  255, 255, 0
L -111.1000, -88.0000, 33.5000,  -117.5000, -84.5000, 33.5000,  255, 255, 0
L -117.5000, -91.5000, 33.5000,  -111.1000, -88.0000, 33.5000,  255, 255, 0
L -117.5000, -91.5000, 33.5000,  -117.5000, -84.5000, 33.5000,  255, 255, 0
L -359.0000, -132.2000, -144.9000,  -367.1000, -135.9000, -144.9000,  255, 255, 0
L -359.0000, -139.7000, -144.9000,  -367.1000, -135.9000, -144.9000,  255, 255, 0
L -359.0000, -132.2000, -144.9000,  -359.0000, -139.7000, -144.9000,  255, 255, 0
L -367.1000, -135.9000, -144.9000,  -367.1000, -128.4000, -144.9000,  255, 255, 0
L -143.0000, -199.9000, 65.5000,  -148.7000, -196.4000, 65.5000,  255, 255, 0
L -148.7000, -203.4000, 65.5000,  -143.0000, -199.9000, 65.5000,  255, 255, 0
L -148.7000, -196.4000, 65.5000,  -148.7000, -203.4000, 65.5000,  255, 255, 0
L -143.0000, -199.9000, 65.5000,  -143.0000, -206.9000, 65.5000,  255, 255, 0
L -43.5000, -144.4000, 33.2000,  -47.0000, -140.2000, 33.2000,  255, 255, 0
L -47.0000, -140.2000, 33.2000,  -47.0000, -136.1000, 33.2000,  0, 0, 0
L -43.5000, -144.4000, 33.2000,  -47.0000, -144.4000, 33.2000,  255, 255, 0
L -36.5000, -144.4000, 33.2000,  -47.0000, -131.9000, 33.2000,  255, 255, 0
L -47.0000, -131.9000, 33.2000,  -47.0000, -127.8000, 33.2000,  0, 0, 0
L -36.5000, -144.4000, 33.2000,  -40.0000, -144.4000, 33.2000,  255, 255, 0
L -40.0000, -144.4000, 33.2000,  -47.0000, -136.1000, 33.2000,  255, 255, 0
L -47.0000, -136.1000, 33.2000,  -47.0000, -131.9000, 33.2000,  0, 0, 0
L -40.0000, -144.4000, 33.2000,  -43.5000, -144.4000, 33.2000,  255, 255, 0
L -33.0000, -140.2000, 33.2000,  -43.5000, -127.8000, 33.2000,  255, 255, 0
L -43.5000, -127.8000, 33.2000,  -47.0000, -127.8000, 33.2000,  255, 255, 0
L -33.0000, -140.2000, 33.2000,  -33.0000, -144.4000, 33.2000,  0, 0, 0
L -33.0000, -131.9000, 33.2000,  -36.5000, -127.8000, 33.2000,  255, 255, 0
L -36.5000, -127.8000, 33.2000,  -40.0000, -127.8000, 33.2000,  255, 255, 0
L -33.0000, -131.9000, 33.2000,  -33.0000, -136.1000, 33.2000,  0, 0, 0
L -33.0000, -136.1000, 33.2000,  -40.0000, -127.8000, 33.2000,  255, 255, 0
L -40.0000, -127.8000, 33.2000,  -43.5000, -127.8000, 33.2000,  255, 255, 0
L -33.0000, -136.1000, 33.2000,  -33.0000, -140.2000, 33.2000,  0, 0, 0
L 53.4000, -206.9000, 0.2000,  49.7000, -203.3000, 0.2000,  255, 255, 0
L 49.7000, -203.3000, 0.2000,  49.7000, -199.6000, 0.2000,  255, 255, 0
L 53.4000, -206.9000, 0.2000,  49.7000, -206.9000, 0.2000,  0, 0, 0
L 60.7000, -206.9000, 0.2000,  49.7000, -196.3000, 0.2000,  255, 255, 0
L 49.7000, -196.3000, 0.2000,  49.7000, -192.9000, 0.2000,  255, 255, 0
L 60.7000, -206.9000, 0.2000,  57.0000, -206.9000, 0.2000,  0, 0, 0
L 57.0000, -206.9000, 0.2000,  49.7000, -199.6000, 0.2000,  255, 255, 0
L 49.7000, -199.6000, 0.2000,  49.7000, -196.3000, 0.2000,  255, 255, 0
L 57.0000, -206.9000, 0.2000,  53.4000, -206.9000, 0.2000,  0, 0, 0
L 64.3000, -203.4000, 0.2000,  53.4000, -192.9000, 0.2000,  255, 255, 0
L 53.4000, -192.9000, 0.2000,  57.0000, -192.9000, 0.2000,  0, 0, 0
L 64.3000, -203.4000, 0.2000,  64.3000, -199.9000, 0.2000,  255, 255, 0
L 64.3000, -196.4000, 0.2000,  60.7000, -192.9000, 0.2000,  255, 255, 0
L 60.7000, -192.9000, 0.2000,  64.3000, -192.9000, 0.2000,  0, 0, 0
L 64.3000, -196.4000, 0.2000,  64.3000, -192.9000, 0.2000,  255, 255, 0
L 64.3000, -199.9000, 0.2000,  57.0000, -192.9000, 0.2000,  255, 255, 0
L 57.0000, -192.9000, 0.2000,  60.7000, -192.9000, 0.2000,  0, 0, 0
L 64.3000, -199.9000, 0.2000,  64.3000, -196.4000, 0.2000,  255, 255, 0
L 64.3000, -206.9000, 0.2000,  49.7000, -192.9000, 0.2000,  255, 255, 0
L 49.7000, -206.9000, 0.2000,  49.7000, -203.3000, 0.2000,  255, 255, 0
L 49.7000, -192.9000, 0.2000,  53.4000, -192.9000, 0.2000,  0, 0, 0
L 49.7000, -206.9000, 0.2000,  48.9000, -206.9000, 0.2000,  0, 0, 0
L -10.2000, -206.9000, 48.1000,  -15.0000, -203.4000, 48.1000,  255, 255, 0
L -15.0000, -203.4000, 48.1000,  -15.0000, -206.9000, 48.1000,  255, 255, 0
L -10.2000, -206.9000, 48.1000,  -14.0000, -206.9000, 48.1000,  0, 0, 0
L -2.8000, -206.9000, 48.1000,  -15.0000, -196.4000, 48.1000,  255, 255, 0
L -15.0000, -196.4000, 48.1000,  -15.0000, -199.9000, 48.1000,  255, 255, 0
L -2.8000, -206.9000, 48.1000,  -6.5000, -206.9000, 48.1000,  0, 0, 0
L -6.5000, -206.9000, 48.1000,  -15.0000, -199.9000, 48.1000,  255, 255, 0
L -15.0000, -199.9000, 48.1000,  -15.0000, -203.4000, 48.1000,  255, 255, 0
L -6.5000, -206.9000, 48.1000,  -10.2000, -206.9000, 48.1000,  0, 0, 0
L 1.0000, -203.4000, 48.1000,  -11.0000, -192.9000, 48.1000,  255, 255, 0
L -11.0000, -192.9000, 48.1000,  -7.0000, -192.9000, 48.1000,  0, 0, 0
L 1.0000, -203.4000, 48.1000,  1.0000, -206.9000, 48.1000,  255, 255, 0
L 1.0000, -196.4000, 48.1000,  -3.0000, -192.9000, 48.1000,  255, 255, 0
L -3.0000, -192.9000, 48.1000,  1.0000, -192.9000, 48.1000,  0, 0, 0
L 1.0000, -196.4000, 48.1000,  1.0000, -199.9000, 48.1000,  255, 255, 0
L 1.0000, -199.9000, 48.1000,  -7.0000, -192.9000, 48.1000,  255, 255, 0
L -7.0000, -192.9000, 48.1000,  -3.0000, -192.9000, 48.1000,  0, 0, 0
L 1.0000, -199.9000, 48.1000,  1.0000, -203.4000, 48.1000,  255, 255, 0
L -670.8000, 31.7000, -150.2000,  -702.8000, 96.2000, -133.2000,  204, 0, 204
L -548.9000, -88.0000, -271.0000,  -549.6000, -95.1000, -271.0000,  155, 155, 155
L -549.6000, -95.1000, -271.0000,  -548.2000, -95.1000, -269.9000,  205, 102, 255
L -548.9000, -88.0000, -271.0000,  -547.4000, -88.0000, -269.9000,  205, 102, 255
L -551.8000, -88.1000, -273.3000,  -552.5000, -95.1000, -273.3000,  155, 155, 155
L -552.5000, -95.1000, -273.3000,  -551.1000, -95.1000, -272.2000,  205, 102, 255
L -551.8000, -88.1000, -273.3000,  -550.4000, -88.0000, -272.2000,  205, 102, 255
L -554.8000, -88.1000, -275.5000,  -555.4000, -95.1000, -275.5000,  155, 155, 155
L -555.4000, -95.1000, -275.5000,  -553.9000, -95.1000, -274.4000,  205, 102, 255
L -554.8000, -88.1000, -275.5000,  -553.3000, -88.1000, -274.4000,  205, 102, 255
L -557.8000, -88.1000, -277.8000,  -558.2000, -95.1000, -277.8000,  155, 155, 155
L -558.2000, -95.1000, -277.8000,  -556.8000, -95.1000, -276.7000,  205, 102, 255
L -557.8000, -88.1000, -277.8000,  -556.3000, -88.1000, -276.7000,  205, 102, 255
L -560.7000, -88.2000, -280.0000,  -561.1000, -95.1000, -280.0000,  155, 155, 155
L -561.1000, -95.1000, -280.0000,  -559.7000, -95.1000, -278.9000,  205, 102, 255
L -560.7000, -88.2000, -280.0000,  -559.2000, -88.2000, -278.9000,  205, 102, 255
L -563.7000, -88.2000, -282.3000,  -563.9000, -95.1000, -282.3000,  155, 155, 155
L -563.9000, -95.1000, -282.3000,  -562.5000, -95.1000, -281.2000,  205, 102, 255
L -563.7000, -88.2000, -282.3000,  -562.2000, -88.2000, -281.2000,  205, 102, 255
L -566.7000, -88.2000, -284.5000,  -566.8000, -95.1000, -284.5000,  155, 155, 155
L -566.8000, -95.1000, -284.5000,  -565.4000, -95.1000, -283.4000,  205, 102, 255
L -566.7000, -88.2000, -284.5000,  -565.2000, -88.2000, -283.4000,  205, 102, 255
L -569.6000, -88.3000, -286.8000,  -569.7000, -95.1000, -286.8000,  155, 155, 155
L -569.7000, -95.1000, -286.8000,  -568.2000, -95.1000, -285.7000,  205, 102, 255
L -569.6000, -88.3000, -286.8000,  -568.1000, -88.3000, -285.7000,  205, 102, 255
L -568.1000, -88.3000, -285.7000,  -568.2000, -95.1000, -285.7000,  155, 155, 155
L -568.2000, -95.1000, -285.7000,  -566.8000, -95.1000, -284.5000,  205, 102, 255
L -568.1000, -88.3000, -285.7000,  -566.7000, -88.2000, -284.5000,  205, 102, 255
L -562.2000, -88.2000, -281.2000,  -562.5000, -95.1000, -281.2000,  155, 155, 155
L -562.5000, -95.1000, -281.2000,  -561.1000, -95.1000, -280.0000,  205, 102, 255
L -562.2000, -88.2000, -281.2000,  -560.7000, -88.2000, -280.0000,  205, 102, 255
L -565.2000, -88.2000, -283.4000,  -565.4000, -95.1000, -283.4000,  155, 155, 155
L -565.4000, -95.1000, -283.4000,  -563.9000, -95.1000, -282.3000,  205, 102, 255
L -565.2000, -88.2000, -283.4000,  -563.7000, -88.2000, -282.3000,  205, 102, 255
L -556.3000, -88.1000, -276.7000,  -556.8000, -95.1000, -276.7000,  155, 155, 155
L -556.8000, -95.1000, -276.7000,  -555.4000, -95.1000, -275.5000,  205, 102, 255
L -556.3000, -88.1000, -276.7000,  -554.8000, -88.1000, -275.5000,  205, 102, 255
L -550.4000, -88.0000, -272.2000,  -551.1000, -95.1000, -272.2000,  155, 155, 155
L -551.1000, -95.1000, -272.2000,  -549.6000, -95.1000, -271.0000,  205, 102, 255
L -550.4000, -88.0000, -272.2000,  -548.9000, -88.0000, -271.0000,  205, 102, 255
L -553.3000, -88.1000, -274.4000,  -553.9000, -95.1000, -274.4000,  155, 155, 155
L -553.9000, -95.1000, -274.4000,  -552.5000, -95.1000, -273.3000,  205, 102, 255
L -553.3000, -88.1000, -274.4000,  -551.8000, -88.1000, -273.3000,  205, 102, 255
L -559.2000, -88.2000, -278.9000,  -559.7000, -95.1000, -278.9000,  155, 155, 155
L -559.7000, -95.1000, -278.9000,  -558.2000, -95.1000, -277.8000,  205, 102, 255
L -559.2000, -88.2000, -278.9000,  -557.8000, -88.1000, -277.8000,  205, 102, 255
L -571.1000, -88.3000, -287.9000,  -571.1000, -95.1000, -287.9000,  150, 150, 150
L -571.5000, -87.1000, -287.9000,  -571.1000, -88.3000, -287.9000,  178, 102, 255
L -575.3000, -95.1000, -287.9000,  -571.1000, -95.1000, -287.9000,  178, 102, 255
L -589.6000, -80.9000, -287.9000,  -575.3000, -95.1000, -287.9000,  178, 102, 255
L -571.2000, -80.9000, -287.9000,  -589.6000, -80.9000, -287.9000,  178, 102, 255
L -528.7000, -77.1000, -287.9000,  -554.7000, -77.1000, -287.9000,  178, 102, 255
L -554.7000, -77.1000, -287.9000,  -554.7000, -80.9000, -287.9000,  178, 102, 255
L -548.7000, -80.9000, -287.9000,  -548.7000, -87.0000, -287.9000,  178, 102, 255
L -554.7000, -80.9000, -287.9000,  -548.7000, -80.9000, -287.9000,  178, 102, 255
L -548.7000, -87.0000, -287.9000,  -571.5000, -87.1000, -287.9000,  178, 102, 255
L -571.2000, -80.9000, -287.9000,  -571.2000, -77.1000, -287.9000,  178, 102, 255
L -571.2000, -77.1000, -287.9000,  -590.9000, -77.1000, -287.9000,  178, 102, 255
L -571.1000, -95.1000, -287.9000,  -569.7000, -95.1000, -286.8000,  205, 102, 255
L -547.4000, -95.1000, -269.9000,  -544.2000, -95.1000, -269.9000,  205, 102, 255
L -547.4000, -88.0000, -269.9000,  -547.4000, -95.1000, -269.9000,  155, 155, 155
L -547.4000, -79.6000, -269.9000,  -590.9000, -79.4000, -269.9000,  205, 102, 255
L -590.9000, -79.4000, -269.9000,  -590.9000, -79.6000, -269.9000,  205, 102, 255
L -544.2000, -95.1000, -269.9000,  -528.7000, -79.6000, -269.9000,  205, 102, 255
L -544.3000, -32.9000, -269.9000,  -575.4000, -32.9000, -269.9000,  205, 102, 255
L -586.1000, -60.4000, -269.9000,  -580.4000, -65.5000, -269.9000,  205, 102, 255
L -565.8000, -50.6000, -269.9000,  -575.6000, -43.9000, -269.9000,  205, 102, 255
L -561.6000, -60.4000, -269.9000,  -555.6000, -53.9000, -269.9000,  205, 102, 255
L -547.4000, -88.0000, -269.9000,  -547.4000, -79.6000, -269.9000,  205, 102, 255
L -565.8000, -70.0000, -269.9000,  -561.6000, -60.4000, -269.9000,  205, 102, 255
L -580.4000, -65.5000, -269.9000,  -569.5000, -70.5000, -269.9000,  205, 102, 255
L -569.5000, -70.5000, -269.9000,  -565.8000, -70.0000, -269.9000,  205, 102, 255
L -590.9000, -60.3000, -269.9000,  -586.1000, -60.4000, -269.9000,  205, 102, 255
L -590.9000, -60.4000, -269.9000,  -590.9000, -79.4000, -269.9000,  205, 102, 255
L -571.1000, -88.3000, -287.9000,  -569.6000, -88.3000, -286.8000,  205, 102, 255
L -555.6000, -53.9000, -269.9000,  -565.8000, -50.6000, -269.9000,  205, 102, 255
L -528.7000, -48.3000, -269.9000,  -544.3000, -32.9000, -269.9000,  205, 102, 255
L -575.6000, -43.9000, -269.9000,  -575.6000, -33.1000, -269.9000,  205, 102, 255
L -528.7000, -79.6000, -269.9000,  -528.7000, -48.3000, -269.9000,  205, 102, 255
L -548.2000, -95.1000, -269.9000,  -547.4000, -95.1000, -269.9000,  205, 102, 255
L -545.3000, 125.0000, -295.9000,  -545.2000, 139.0000, -295.9000,  178, 102, 255
L -545.2000, 139.0000, -295.9000,  -529.2000, 139.0000, -295.9000,  178, 102, 255
L -516.7000, 126.7000, -295.9000,  -516.7000, 112.0000, -295.9000,  178, 102, 255
L -513.0000, 191.9000, -143.9000,  -528.6000, 207.5000, -143.9000,  204, 0, 204
L -400.7000, 52.9000, -155.4000,  -400.7000, 79.6000, -157.8000,  204, 0, 204
L -416.3000, 32.8000, -155.9000,  -428.9000, 32.9000, -155.9000,  204, 0, 204
L -54.9000, 111.1000, -16.0000,  -47.2000, 111.1000, -16.0000,  0, 0, 0
L -0.9000, 56.9000, -14.9000,  -0.9000, 64.8000, -14.5000,  0, 0, 0
L -47.2000, 111.1000, -16.0000,  -47.1000, 112.1000, -14.5000,  0, 0, 0
L -32.7000, 111.1000, -14.5000,  -32.9000, 112.1000, -14.5000,  0, 0, 0
L -33.0000, -144.4000, 33.2000,  -47.0000, -127.8000, 33.2000,  255, 255, 0
L -47.0000, -127.7000, 33.2000,  -47.1000, -127.7000, 0.2000,  0, 0, 0
L 82.7000, -288.8000, -172.9000,  82.7000, -303.0000, -172.9000,  150, 150, 150
L 82.7000, -303.0000, -172.9000,  85.8000, -303.0000, -169.9000,  204, 0, 204
L 82.7000, -288.8000, -172.9000,  85.8000, -288.8000, -169.9000,  204, 0, 204
L -33.0000, -144.4000, 0.2000,  -47.0000, -144.4000, 0.2000,  0, 0, 0
L -32.9000, -127.8000, 0.2000,  -33.0000, -144.4000, 0.2000,  0, 0, 0
L -32.9000, -127.8000, 0.2000,  -32.9000, -127.8000, 33.2000,  0, 0, 0
L -47.1000, -127.7000, 0.2000,  -47.0000, -144.4000, 0.2000,  0, 0, 0
L -47.0000, -144.4000, 0.2000,  -47.0000, -144.4000, 33.2000,  0, 0, 0
L -33.0000, -144.4000, 0.2000,  -33.0000, -144.4000, 33.2000,  0, 0, 0
L -47.0000, -127.8000, 33.2000,  -47.0000, -127.7000, 33.2000,  255, 0, 0
L -33.0000, -127.8000, 33.2000,  -36.5000, -127.8000, 33.2000,  255, 255, 0
L -33.0000, -127.8000, 33.2000,  -33.0000, -131.9000, 33.2000,  0, 0, 0
L -47.0000, -144.4000, 33.2000,  -47.0000, -140.2000, 33.2000,  0, 0, 0
L -33.0000, -144.4000, 33.2000,  -33.0000, -176.3000, 48.1000,  0, 0, 0
L -47.0000, -144.4000, 33.2000,  -47.0000, -176.4000, 49.1000,  0, 0, 0
L -33.0000, -144.4000, 33.2000,  -36.5000, -144.4000, 33.2000,  255, 255, 0
L -6.7000, -200.1000, 48.1000,  -15.0000, -192.9000, 48.1000,  255, 255, 0
L 1.0000, -206.9000, 48.1000,  -6.7000, -200.1000, 48.1000,  255, 255, 0
L -15.0000, -192.9000, 48.1000,  -15.0000, -196.4000, 48.1000,  255, 255, 0
L -15.0000, -192.9000, 0.2000,  -15.0000, -192.9000, 48.1000,  0, 0, 0
L -14.0000, -206.9000, 48.1000,  -15.0000, -206.9000, 48.1000,  0, 0, 0
L -14.0000, -206.9000, 48.1000,  -15.0000, -206.9000, 0.2000,  0, 0, 0
L 1.0000, -192.9000, 0.2000,  1.0000, -192.9000, 48.1000,  0, 0, 0
L 1.0000, -206.9000, 0.2000,  1.0000, -206.9000, 48.1000,  0, 0, 0
L -15.0000, -206.9000, 0.2000,  -15.0000, -192.9000, 0.2000,  0, 0, 0
L 1.0000, -206.9000, 0.2000,  -15.0000, -206.9000, 0.2000,  0, 0, 0
L 1.0000, -192.9000, 0.2000,  -15.0000, -192.9000, 0.2000,  0, 0, 0
L 1.0000, -192.9000, 48.1000,  1.0000, -196.4000, 48.1000,  255, 255, 0
L 1.0000, -206.9000, 48.1000,  -2.8000, -206.9000, 48.1000,  0, 0, 0
L -15.0000, -206.9000, 48.1000,  -16.4000, -206.9000, 48.1000,  0, 0, 0
L -15.0000, -192.9000, 48.1000,  -11.0000, -192.9000, 48.1000,  0, 0, 0
L -33.0000, -223.5000, 50.1000,  -16.4000, -206.9000, 48.1000,  0, 0, 0
L -15.0000, -192.9000, 48.1000,  -33.0000, -176.3000, 48.1000,  0, 0, 0
L -33.0000, -319.7000, 48.1000,  -47.0000, -319.7000, 48.1000,  150, 150, 150
L -77.1000, -108.1000, -64.0000,  -79.1000, -108.1000, -64.0000,  204, 0, 204
L -65.5000, -111.9000, -64.0000,  -48.1000, -128.8000, -64.0000,  204, 0, 204
L -79.1000, -108.1000, -64.0000,  -79.1000, -96.9000, -64.0000,  204, 0, 204
L -77.1000, -111.9000, -64.0000,  -77.1000, -108.1000, -64.0000,  204, 0, 204
L -66.9000, -111.9000, -64.0000,  -65.5000, -111.9000, -64.0000,  204, 0, 204
L -66.9000, -108.1000, -64.0000,  -66.9000, -111.9000, -64.0000,  204, 0, 204
L -64.9000, -96.9000, -64.0000,  -64.9000, -108.1000, -64.0000,  204, 0, 204
L -79.1000, -96.9000, -64.0000,  -64.9000, -96.9000, -64.0000,  204, 0, 204
L -79.1000, -111.9000, -64.0000,  -77.1000, -111.9000, -64.0000,  204, 0, 204
L -96.6000, -128.8000, -64.0000,  -79.1000, -111.9000, -64.0000,  204, 0, 204
L -64.9000, -108.1000, -64.0000,  -66.9000, -108.1000, -64.0000,  204, 0, 204
L 1.0000, -111.0000, 0.2000,  -32.9000, -111.0000, 0.2000,  0, 0, 0
L -47.1000, -127.7000, 0.2000,  -47.1000, -111.0000, 0.2000,  0, 0, 0
L -32.9000, -127.8000, 0.2000,  -32.9000, -111.0000, 0.2000,  0, 0, 0
L -33.0000, -96.9000, 0.2000,  1.0000, -96.9000, 0.2000,  0, 0, 0
L -33.0000, -96.9000, 0.2000,  -33.0000, -79.9000, 0.2000,  0, 0, 0
L -33.0000, -79.9000, 0.2000,  -17.0000, -63.6000, 0.2000,  0, 0, 0
L -47.1000, -111.0000, 0.2000,  -62.0000, -111.0000, 0.2000,  0, 0, 0
L -47.0000, -79.6000, 0.2000,  -63.5000, -63.0000, 0.2000,  0, 0, 0
L -62.0000, -97.0000, 0.2000,  -47.0000, -96.9000, 0.2000,  0, 0, 0
L -47.0000, -96.9000, 0.2000,  -47.0000, -79.6000, 0.2000,  0, 0, 0
L -62.6000, -102.2000, 0.0000,  -62.6000, -105.6000, 0.0000,  205, 133, 63
L -64.0000, -105.6000, 0.0000,  -64.0000, -109.1000, 0.0000,  205, 133, 63
L -64.0000, -109.1000, 0.0000,  -62.0000, -109.1000, 0.0000,  0, 0, 0
L -64.0000, -105.6000, 0.0000,  -62.6000, -105.6000, 0.0000,  205, 133, 63
L -65.5000, -105.6000, 0.0000,  -64.0000, -105.6000, 0.0000,  205, 133, 63
L -65.5000, -102.2000, 0.0000,  -62.6000, -102.2000, 0.0000,  205, 133, 63
L -64.0000, -98.7000, 0.0000,  -64.0000, -102.2000, 0.0000,  205, 133, 63
L -65.5000, -102.2000, 0.0000,  -65.5000, -105.6000, 0.0000,  205, 133, 63
L -111.1000, -95.1000, 33.5000,  -111.1000, -95.1000, 0.0000,  0, 0, 0
L -111.1000, -95.1000, 0.0000,  -111.1000, -111.1000, 0.0000,  0, 0, 0
L -111.1000, -80.9000, 33.5000,  -111.1000, -80.9000, 0.0000,  0, 0, 0
L -111.1000, -88.0000, 33.5000,  -111.1000, -95.1000, 33.5000,  255, 255, 0
L -111.1000, -80.9000, 33.5000,  -111.1000, -88.0000, 33.5000,  255, 255, 0
L -144.3000, -80.9000, 33.5000,  -111.1000, -80.9000, 33.5000,  0, 0, 0
L -111.1000, -95.1000, 33.5000,  -146.1000, -96.8000, 33.5000,  0, 0, 0
L -111.1000, -80.9000, 0.0000,  -111.1000, -95.1000, 0.0000,  0, 0, 0
L -111.1000, -80.9000, 0.0000,  -96.9000, -80.9000, 0.0000,  0, 0, 0
L 64.3000, -192.9000, 0.2000,  64.3000, -192.9000, -127.8000,  204, 0, 204
L 64.3000, -192.9000, -127.8000,  124.0000, -192.9000, -127.8000,  204, 0, 204
L 64.3000, -206.9000, 0.2000,  64.3000, -206.9000, -127.8000,  204, 0, 204
L 64.3000, -206.9000, -127.8000,  124.0000, -206.9000, -127.8000,  204, 0, 204
L 31.1000, -302.9000, 0.2000,  31.1000, -303.0000, -175.9000,  204, 0, 204
L 31.1000, -288.8000, 0.2000,  31.1000, -292.3000, 0.2000,  255, 255, 0
L 31.1000, -288.8000, -175.9000,  31.1000, -288.8000, 0.2000,  204, 0, 204
L 31.1000, -288.8000, -175.9000,  16.9000, -288.8000, -175.9000,  204, 0, 204
L 16.9000, -303.0000, -175.9000,  16.9000, -302.9000, 0.2000,  204, 0, 204
L 16.9000, -288.8000, 0.2000,  16.9000, -292.2000, 0.2000,  255, 255, 0
L 16.9000, -302.9000, 0.2000,  15.1000, -302.9000, 0.2000,  0, 0, 0
L 31.1000, -302.9000, 0.2000,  27.6000, -302.9000, 0.2000,  0, 0, 0
L 16.9000, -288.8000, 0.2000,  0.9000, -288.8000, 0.2000,  0, 0, 0
L 31.1000, -288.8000, 0.2000,  27.6000, -288.8000, 0.2000,  0, 0, 0
L 33.0000, -288.8000, 0.2000,  31.1000, -288.8000, 0.2000,  0, 0, 0
L 16.9000, -288.8000, -175.9000,  16.9000, -288.8000, 0.2000,  204, 0, 204
L 16.9000, -303.0000, -175.9000,  16.9000, -380.0000, -175.9000,  204, 0, 204
L 48.9000, -202.2000, 0.2000,  48.9000, -197.6000, 0.2000,  205, 133, 63
L 48.0000, -202.2000, 0.2000,  48.0000, -206.9000, 0.2000,  205, 133, 63
L 48.0000, -206.9000, 0.2000,  47.0000, -206.9000, 0.2000,  0, 0, 0
L 48.0000, -202.2000, 0.2000,  48.9000, -202.2000, 0.2000,  205, 133, 63
L 47.0000, -202.2000, 0.2000,  48.0000, -202.2000, 0.2000,  205, 133, 63
L 47.0000, -197.6000, 0.2000,  48.9000, -197.6000, 0.2000,  205, 133, 63
L 48.0000, -192.9000, 0.2000,  48.0000, -197.6000, 0.2000,  205, 133, 63
L 48.0000, -192.9000, 0.2000,  47.0000, -192.9000, 0.2000,  0, 0, 0
L 47.0000, -197.6000, 0.2000,  47.0000, -202.2000, 0.2000,  205, 133, 63
L -143.0000, -192.9000, 65.5000,  -143.0000, -192.9000, 48.1000,  0, 0, 0
L -143.0000, -206.9000, 65.5000,  -143.0000, -206.9000, 48.1000,  0, 0, 0
L 47.0000, -192.9000, 0.2000,  48.9000, -192.9000, -127.8000,  204, 0, 204
L 48.9000, -206.9000, -127.8000,  48.9000, -206.9000, 0.2000,  204, 0, 204
L 64.3000, -206.9000, 0.2000,  64.3000, -203.4000, 0.2000,  255, 255, 0
L 47.0000, -177.9000, 0.2000,  47.0000, -192.9000, 0.2000,  0, 0, 0
L 64.3000, -206.9000, 0.2000,  60.7000, -206.9000, 0.2000,  0, 0, 0
L 48.9000, -206.9000, 0.2000,  48.0000, -206.9000, 0.2000,  0, 0, 0
L 47.0000, -206.9000, 0.2000,  47.0000, -288.8000, 0.2000,  0, 0, 0
L 44.1000, -345.6000, 0.2000,  47.9000, -345.6000, 0.2000,  205, 133, 63
L 33.0000, -174.0000, 0.2000,  33.0000, -159.0000, 0.2000,  0, 0, 0
L 35.0000, -174.0000, 0.2000,  33.0000, -174.0000, 0.2000,  0, 0, 0
L 66.9000, -318.4000, 0.2000,  70.3000, -318.4000, 0.2000,  205, 133, 63
L 33.0000, -177.9000, 0.2000,  35.0000, -177.9000, 0.2000,  0, 0, 0
L 77.1000, -318.4000, 0.2000,  77.1000, -315.9000, 0.2000,  0, 0, 0
L 70.3000, -315.9000, 0.2000,  73.7000, -315.9000, 0.2000,  205, 133, 63
L 33.0000, -159.0000, 0.2000,  1.0000, -159.0000, 0.2000,  0, 0, 0
L 35.0000, -177.9000, 0.2000,  35.0000, -175.9000, 0.2000,  0, 0, 0
L 66.9000, -318.4000, 0.2000,  66.9000, -315.9000, 0.2000,  0, 0, 0
L 33.0000, -192.9000, 0.2000,  33.0000, -177.9000, 0.2000,  0, 0, 0
L 15.1000, -336.8000, 0.2000,  15.1000, -302.9000, 0.2000,  0, 0, 0
L 44.1000, -342.2000, 0.2000,  47.9000, -342.2000, 0.2000,  205, 133, 63
L 47.9000, -342.2000, 0.2000,  47.9000, -345.6000, 0.2000,  205, 133, 63
L 35.0000, -175.9000, 0.2000,  38.3000, -175.9000, 0.2000,  205, 133, 63
L 38.3000, -175.9000, 0.2000,  38.3000, -174.0000, 0.2000,  205, 133, 63
L 35.0000, -175.9000, 0.2000,  35.0000, -174.0000, 0.2000,  0, 0, 0
L 46.0000, -338.8000, 0.2000,  46.0000, -342.2000, 0.2000,  205, 133, 63
L 46.0000, -338.8000, 0.2000,  44.1000, -338.8000, 0.2000,  0, 0, 0
L 73.7000, -318.4000, 0.2000,  77.1000, -318.4000, 0.2000,  205, 133, 63
L 1.0000, -159.0000, 0.2000,  1.0000, -111.0000, 0.2000,  0, 0, 0
L 46.0000, -345.6000, 0.2000,  46.0000, -349.0000, 0.2000,  205, 133, 63
L 46.0000, -349.0000, 0.2000,  44.1000, -349.0000, 0.2000,  0, 0, 0
L 44.1000, -342.2000, 0.2000,  44.1000, -345.6000, 0.2000,  205, 133, 63
L 44.1000, -336.8000, 0.2000,  15.1000, -336.8000, 0.2000,  0, 0, 0
L 0.9000, -288.8000, 0.2000,  0.9000, -351.0000, 0.2000,  0, 0, 0
L 48.9000, -320.8000, 0.2000,  48.9000, -338.8000, 0.2000,  0, 0, 0
L 44.1000, -351.0000, 0.2000,  44.1000, -349.0000, 0.2000,  0, 0, 0
L 44.1000, -338.8000, 0.2000,  44.1000, -336.8000, 0.2000,  0, 0, 0
L 66.9000, -320.8000, 0.2000,  66.9000, -318.4000, 0.2000,  0, 0, 0
L 77.1000, -320.8000, 0.2000,  77.1000, -318.4000, 0.2000,  0, 0, 0
L 47.9000, -351.0000, 0.2000,  111.1000, -351.0000, 0.2000,  0, 0, 0
L 47.9000, -349.0000, 0.2000,  47.9000, -351.0000, 0.2000,  0, 0, 0
L 0.9000, -351.0000, 0.2000,  44.1000, -351.0000, 0.2000,  0, 0, 0
L 111.1000, -351.0000, 0.2000,  111.1000, -320.8000, 0.2000,  0, 0, 0
L 47.9000, -349.0000, 0.2000,  46.0000, -349.0000, 0.2000,  0, 0, 0
L 66.9000, -320.8000, 0.2000,  48.9000, -320.8000, 0.2000,  0, 0, 0
L 111.1000, -320.8000, 0.2000,  77.1000, -320.8000, 0.2000,  0, 0, 0
L 48.9000, -338.8000, 0.2000,  46.0000, -338.8000, 0.2000,  0, 0, 0
L 64.9000, -315.9000, 0.2000,  64.9000, -302.9000, 0.2000,  0, 0, 0
L 143.0000, -256.9000, 0.2000,  143.0000, -206.9000, 0.2000,  0, 0, 0
L 79.0000, -302.9000, 0.2000,  79.0000, -315.9000, 0.2000,  0, 0, 0
L 206.9000, -229.1000, 0.2000,  206.9000, -302.9000, 0.2000,  0, 0, 0
L 33.0000, -206.9000, 0.2000,  1.0000, -206.9000, 0.2000,  0, 0, 0
L 33.0000, -288.8000, 0.2000,  33.0000, -206.9000, 0.2000,  0, 0, 0
L 79.0000, -315.9000, 0.2000,  77.1000, -315.9000, 0.2000,  0, 0, 0
L 160.9000, -210.9000, 0.2000,  160.9000, -256.9000, 0.2000,  0, 0, 0
L 143.0000, -302.9000, 0.2000,  79.0000, -302.9000, 0.2000,  0, 0, 0
L 160.9000, -256.9000, 0.2000,  143.0000, -256.9000, 0.2000,  0, 0, 0
L 172.1000, -210.9000, 0.2000,  160.9000, -210.9000, 0.2000,  0, 0, 0
L 176.5000, -206.9000, 0.2000,  172.1000, -210.9000, 0.2000,  0, 0, 0
L 143.0000, -270.9000, 0.2000,  143.0000, -302.9000, 0.2000,  0, 0, 0
L 143.0000, -206.9000, 0.2000,  176.5000, -206.9000, 0.2000,  0, 0, 0
L 160.9000, -270.9000, 0.2000,  143.0000, -270.9000, 0.2000,  0, 0, 0
L 64.9000, -302.9000, 0.2000,  31.1000, -302.9000, 0.2000,  0, 0, 0
L 160.9000, -302.9000, 0.2000,  160.9000, -270.9000, 0.2000,  0, 0, 0
L 206.9000, -302.9000, 0.2000,  160.9000, -302.9000, 0.2000,  0, 0, 0
L 66.9000, -315.9000, 0.2000,  64.9000, -315.9000, 0.2000,  0, 0, 0
L 128.9000, -288.8000, 0.2000,  128.9000, -238.9000, 0.2000,  0, 0, 0
L 1.0000, -192.9000, 0.2000,  33.0000, -192.9000, 0.2000,  0, 0, 0
L 48.0000, -192.9000, 0.2000,  49.7000, -192.9000, 0.2000,  0, 0, 0
L 191.0000, -192.9000, 0.2000,  191.3000, -208.8000, 0.2000,  0, 0, 0
L 115.4000, -238.9000, 0.2000,  115.3000, -224.9000, 0.2000,  0, 0, 0
L 203.6000, -228.3000, 0.2000,  206.9000, -229.1000, 0.2000,  0, 0, 0
L 128.9000, -224.9000, 0.2000,  128.9000, -206.9000, 0.2000,  0, 0, 0
L 191.3000, -208.8000, 0.2000,  203.8000, -221.1000, 0.2000,  0, 0, 0
L 115.3000, -224.9000, 0.2000,  117.8000, -224.9000, 0.2000,  0, 0, 0
L 128.9000, -206.9000, 0.2000,  120.5000, -206.9000, 0.2000,  0, 0, 0
L 47.0000, -288.8000, 0.2000,  128.9000, -288.8000, 0.2000,  0, 0, 0
L 203.8000, -221.1000, 0.2000,  203.6000, -228.3000, 0.2000,  0, 0, 0
L -143.0000, -206.9000, 48.1000,  -143.0000, -192.9000, 48.1000,  0, 0, 0
L -143.0000, -192.9000, 65.5000,  -143.0000, -199.9000, 65.5000,  255, 255, 0
L -22.3000, -111.9000, -64.0000,  -18.9000, -111.9000, -64.0000,  205, 133, 63
L -18.9000, -111.9000, -64.0000,  -18.9000, -110.1000, -64.0000,  204, 0, 204
L -22.3000, -111.9000, -64.0000,  -22.3000, -110.6000, -64.0000,  205, 133, 63
L -22.3000, -113.3000, -64.0000,  -22.3000, -111.9000, -64.0000,  205, 133, 63
L -25.7000, -110.6000, -64.0000,  -22.3000, -110.6000, -64.0000,  205, 133, 63
L -25.8000, -113.3000, -64.0000,  -22.3000, -113.3000, -64.0000,  205, 133, 63
L -25.8000, -113.3000, -64.0000,  -25.8000, -110.6000, -64.0000,  205, 133, 63
L -29.2000, -111.9000, -64.0000,  -25.8000, -111.9000, -64.0000,  205, 133, 63
L -18.9000, -113.9000, -64.0000,  -16.9000, -113.9000, -64.0000,  204, 0, 204
L -31.1000, -96.9000, -64.0000,  -16.9000, -96.9000, -64.0000,  204, 0, 204
L -31.1000, -110.1000, -64.0000,  -31.1000, -96.9000, -64.0000,  204, 0, 204
L -29.1000, -110.1000, -64.0000,  -31.1000, -110.1000, -64.0000,  204, 0, 204
L -48.1000, -128.8000, -64.0000,  -31.1000, -128.8000, -64.0000,  204, 0, 204
L -18.9000, -113.9000, -64.0000,  -18.9000, -111.9000, -64.0000,  204, 0, 204
L -31.1000, -113.9000, -64.0000,  -29.1000, -113.8000, -64.0000,  204, 0, 204
L -29.1000, -158.0000, -64.0000,  -31.1000, -158.0000, -64.0000,  204, 0, 204
L -18.9000, -159.0000, -64.0000,  -29.1000, -159.0000, -64.0000,  204, 0, 204
L -18.9000, -158.0000, -64.0000,  -18.9000, -159.0000, -64.0000,  204, 0, 204
L -29.1000, -159.0000, -64.0000,  -29.1000, -158.0000, -64.0000,  204, 0, 204
L -16.9000, -158.0000, -64.0000,  -18.9000, -158.0000, -64.0000,  204, 0, 204
L -16.9000, -113.9000, -64.0000,  -16.9000, -158.0000, -64.0000,  204, 0, 204
L -31.1000, -128.8000, -64.0000,  -31.1000, -113.9000, -64.0000,  204, 0, 204
L -29.1000, -110.1000, -64.0000,  -29.1000, -113.8000, -64.0000,  204, 0, 204
L -16.9000, -110.1000, -64.0000,  -18.9000, -110.1000, -64.0000,  204, 0, 204
L -16.9000, -96.9000, -64.0000,  -16.9000, -110.1000, -64.0000,  204, 0, 204
L -31.1000, -143.0000, -64.0000,  -31.1000, -158.0000, -64.0000,  204, 0, 204
L -31.1000, -143.0000, -64.0000,  -48.7000, -143.0000, -64.0000,  204, 0, 204
L 73.7000, -320.8000, 0.0000,  73.7000, -315.9000, 0.0000,  205, 133, 63
L 70.3000, -320.8000, 0.0000,  73.7000, -320.8000, 0.0000,  205, 133, 63
L 70.3000, -320.8000, 0.0000,  70.3000, -315.9000, 0.0000,  205, 133, 63
L 41.7000, -175.9000, 0.2000,  45.0000, -175.9000, 0.2000,  205, 133, 63
L 45.0000, -175.9000, 0.2000,  45.0000, -177.9000, 0.2000,  0, 0, 0
L 41.7000, -175.9000, 0.2000,  41.7000, -174.0000, 0.2000,  205, 133, 63
L 41.7000, -177.9000, 0.2000,  41.7000, -175.9000, 0.2000,  205, 133, 63
L 38.3000, -174.0000, 0.2000,  41.7000, -174.0000, 0.2000,  205, 133, 63
L 38.3000, -177.9000, 0.2000,  41.7000, -177.9000, 0.2000,  205, 133, 63
L 38.3000, -177.9000, 0.2000,  38.3000, -175.9000, 0.2000,  205, 133, 63
L 57.6000, -78.5000, 0.2000,  61.0000, -78.5000, 0.2000,  205, 133, 63
L 61.0000, -78.5000, 0.2000,  61.0000, -76.0000, 0.2000,  0, 0, 0
L 57.6000, -78.5000, 0.2000,  57.6000, -76.0000, 0.2000,  205, 133, 63
L 57.6000, -80.9000, 0.2000,  57.6000, -78.5000, 0.2000,  205, 133, 63
L 54.3000, -76.0000, 0.2000,  57.6000, -76.0000, 0.2000,  205, 133, 63
L 54.3000, -80.9000, 0.2000,  57.6000, -80.9000, 0.2000,  205, 133, 63
L 54.3000, -80.9000, 0.2000,  54.3000, -76.0000, 0.2000,  205, 133, 63
L 50.9000, -78.5000, 0.2000,  54.3000, -78.5000, 0.2000,  205, 133, 63
L 50.9000, -78.5000, 0.2000,  50.9000, -80.9000, 0.2000,  0, 0, 0
L 61.0000, -80.9000, 0.2000,  61.0000, -78.5000, 0.2000,  0, 0, 0
L 47.0000, -174.0000, 0.2000,  47.0000, -159.0000, 0.2000,  0, 0, 0
L 50.9000, -76.0000, 0.2000,  50.9000, -78.5000, 0.2000,  0, 0, 0
L 95.0000, -159.0000, 0.2000,  47.0000, -159.0000, 0.2000,  0, 0, 0
L 1.0000, -80.9000, 0.2000,  50.9000, -80.9000, 0.2000,  0, 0, 0
L 61.0000, -80.9000, 0.2000,  95.0000, -80.9000, 0.2000,  0, 0, 0
L 1.0000, -96.9000, 0.2000,  1.0000, -80.9000, 0.2000,  0, 0, 0
L 95.0000, -80.9000, 0.2000,  95.0000, -159.0000, 0.2000,  0, 0, 0
L 112.9000, -116.5000, -23.5000,  127.0000, -116.5000, -23.5000,  150, 150, 150
L 127.0000, -116.5000, -23.5000,  127.0000, -120.7000, -25.3000,  0, 0, 0
L 112.9000, -116.5000, -23.5000,  112.9000, -120.7000, -25.3000,  0, 0, 0
L 112.9000, -124.8000, -27.2000,  127.0000, -124.8000, -27.2000,  150, 150, 150
L 127.0000, -124.8000, -27.2000,  127.0000, -128.9000, -29.0000,  0, 0, 0
L 112.9000, -124.8000, -27.2000,  112.9000, -128.9000, -29.0000,  0, 0, 0
L 112.9000, -100.1000, -16.2000,  127.0000, -100.1000, -16.2000,  150, 150, 150
L 127.0000, -100.1000, -16.2000,  127.0000, -104.2000, -18.0000,  0, 0, 0
L 112.9000, -100.1000, -16.2000,  112.9000, -104.2000, -18.0000,  0, 0, 0
L 112.9000, -108.3000, -19.9000,  127.0000, -108.3000, -19.9000,  150, 150, 150
L 127.0000, -108.3000, -19.9000,  127.0000, -112.4000, -21.7000,  0, 0, 0
L 112.9000, -108.3000, -19.9000,  112.9000, -112.4000, -21.7000,  0, 0, 0
L 112.9000, -104.2000, -18.0000,  127.0000, -104.2000, -18.0000,  150, 150, 150
L 127.0000, -104.2000, -18.0000,  127.0000, -108.3000, -19.9000,  0, 0, 0
L 112.9000, -104.2000, -18.0000,  112.9000, -108.3000, -19.9000,  0, 0, 0
L 112.9000, -91.8000, -12.6000,  127.0000, -91.8000, -12.6000,  150, 150, 150
L 127.0000, -91.8000, -12.6000,  127.0000, -96.0000, -14.4000,  0, 0, 0
L 112.9000, -91.8000, -12.6000,  112.9000, -96.0000, -14.4000,  0, 0, 0
L 112.9000, -83.6000, -8.9000,  127.0000, -83.6000, -8.9000,  150, 150, 150
L 127.0000, -83.6000, -8.9000,  127.0000, -87.7000, -10.7000,  0, 0, 0
L 112.9000, -83.6000, -8.9000,  112.9000, -87.7000, -10.7000,  0, 0, 0
L 112.9000, -67.1000, -1.6000,  127.0000, -67.1000, -1.6000,  150, 150, 150
L 127.0000, -67.1000, -1.6000,  127.0000, -71.2000, -3.4000,  0, 0, 0
L 112.9000, -67.1000, -1.6000,  112.9000, -71.2000, -3.4000,  0, 0, 0
L 112.9000, -75.4000, -5.3000,  127.0000, -75.4000, -5.3000,  150, 150, 150
L 127.0000, -75.4000, -5.3000,  127.0000, -79.5000, -7.1000,  0, 0, 0
L 112.9000, -75.4000, -5.3000,  112.9000, -79.5000, -7.1000,  0, 0, 0
L 112.9000, -71.2000, -3.4000,  127.0000, -71.2000, -3.4000,  150, 150, 150
L 127.0000, -71.2000, -3.4000,  127.0000, -75.4000, -5.3000,  0, 0, 0
L 112.9000, -71.2000, -3.4000,  112.9000, -75.4000, -5.3000,  0, 0, 0
L 112.9000, -87.7000, -10.7000,  127.0000, -87.7000, -10.7000,  150, 150, 150
L 127.0000, -87.7000, -10.7000,  127.0000, -91.8000, -12.6000,  0, 0, 0
L 112.9000, -87.7000, -10.7000,  112.9000, -91.8000, -12.6000,  0, 0, 0
L 112.9000, -79.5000, -7.1000,  127.0000, -79.5000, -7.1000,  150, 150, 150
L 127.0000, -79.5000, -7.1000,  127.0000, -83.6000, -8.9000,  0, 0, 0
L 112.9000, -79.5000, -7.1000,  112.9000, -83.6000, -8.9000,  0, 0, 0
L 112.9000, -120.7000, -25.3000,  127.0000, -120.7000, -25.3000,  150, 150, 150
L 127.0000, -120.7000, -25.3000,  127.0000, -124.8000, -27.2000,  0, 0, 0
L 112.9000, -120.7000, -25.3000,  112.9000, -124.8000, -27.2000,  0, 0, 0
L 112.9000, -112.4000, -21.7000,  127.0000, -112.4000, -21.7000,  150, 150, 150
L 127.0000, -112.4000, -21.7000,  127.0000, -116.5000, -23.5000,  0, 0, 0
L 112.9000, -112.4000, -21.7000,  112.9000, -116.5000, -23.5000,  0, 0, 0
L 112.9000, -96.0000, -14.4000,  127.0000, -96.0000, -14.4000,  150, 150, 150
L 127.0000, -96.0000, -14.4000,  127.0000, -100.1000, -16.2000,  0, 0, 0
L 112.9000, -96.0000, -14.4000,  112.9000, -100.1000, -16.2000,  0, 0, 0
L 112.9000, -63.0000, 0.2000,  127.0000, -63.0000, 0.2000,  150, 150, 150
L 112.9000, -63.0000, 0.2000,  112.9000, -67.1000, -1.6000,  0, 0, 0
L 127.0000, -63.0000, 0.2000,  127.0000, -67.1000, -1.6000,  0, 0, 0
L 112.9000, -128.9000, -29.0000,  112.9000, -143.0000, -29.0000,  0, 0, 0
L 127.0000, -128.9000, -29.0000,  112.9000, -128.9000, -29.0000,  150, 150, 150
L 81.5000, -48.9000, 0.2000,  81.5000, -63.0000, 0.2000,  255, 255, 0
L 81.5000, -63.0000, 0.2000,  112.9000, -63.0000, 0.2000,  0, 0, 0
L 81.5000, -48.9000, 0.2000,  79.0000, -48.9000, 0.2000,  0, 0, 0
L 127.0000, -63.0000, 0.2000,  127.0000, -48.9000, 0.2000,  0, 0, 0
L 127.0000, -48.9000, 0.2000,  81.5000, -48.9000, 0.2000,  0, 0, 0
L 79.0000, -33.0000, 0.2000,  79.0000, -48.9000, 0.2000,  0, 0, 0
L 79.0000, -33.0000, 0.2000,  17.0000, -33.0000, 0.2000,  0, 0, 0
L 63.0000, -76.0000, 0.2000,  63.0000, -63.0000, 0.2000,  0, 0, 0
L 79.0000, -48.9000, 0.2000,  79.1000, -63.0000, 0.2000,  255, 255, 0
L 79.1000, -63.0000, 0.2000,  81.5000, -63.0000, 0.2000,  0, 0, 0
L 48.9000, -63.0000, 0.2000,  48.9000, -76.0000, 0.2000,  0, 0, 0
L 48.9000, -76.0000, 0.2000,  50.9000, -76.0000, 0.2000,  0, 0, 0
L 63.0000, -63.0000, 0.2000,  79.1000, -63.0000, 0.2000,  0, 0, 0
L 63.0000, -76.0000, 0.2000,  61.0000, -76.0000, 0.2000,  0, 0, 0
L 17.0000, -63.0000, 0.2000,  48.9000, -63.0000, 0.2000,  0, 0, 0
L 17.0000, -63.0000, 0.2000,  17.0000, -33.0000, 0.2000,  0, 0, 0
L 154.6000, -128.9000, -29.0000,  156.9000, -125.0000, -29.0000,  0, 0, 0
L 154.6000, -128.9000, -29.0000,  127.0000, -128.9000, -29.0000,  0, 0, 0
L 144.9000, -112.6000, -29.0000,  144.9000, -125.0000, -29.0000,  0, 0, 0
L 144.9000, -125.0000, -29.0000,  156.9000, -125.0000, -29.0000,  0, 0, 0
L 150.4000, -146.8000, -29.0000,  148.3000, -146.9000, -29.0000,  0, 0, 0
L 154.1000, -143.0000, -29.0000,  150.4000, -146.8000, -29.0000,  0, 0, 0
L 112.9000, -143.0000, -29.0000,  154.1000, -143.0000, -29.0000,  0, 0, 0
L 206.5000, -111.9000, -29.0000,  190.6000, -96.0000, -29.0000,  0, 0, 0
L 175.5000, -159.0000, -29.0000,  206.9000, -127.5000, -29.0000,  0, 0, 0
L 160.3000, -159.0000, -29.0000,  175.5000, -159.0000, -29.0000,  0, 0, 0
L 148.3000, -146.9000, -29.0000,  160.3000, -159.0000, -29.0000,  0, 0, 0
L 206.9000, -127.5000, -29.0000,  206.5000, -111.9000, -29.0000,  0, 0, 0
L 336.8000, -72.1000, -103.8000,  350.9000, -75.9000, -103.8000,  204, 0, 204
L 410.8000, -27.0000, -103.8000,  410.8000, -33.0000, -103.8000,  204, 0, 204
L 404.9000, -27.0000, -103.8000,  410.8000, -27.0000, -103.8000,  204, 0, 204
L 404.9000, -33.0000, -103.8000,  404.9000, -27.0000, -103.8000,  204, 0, 204
L 446.8000, -49.0000, -103.8000,  430.8000, -48.9000, -103.8000,  204, 0, 204
L 410.8000, -33.0000, -103.8000,  404.9000, -33.0000, -103.8000,  204, 0, 204
L 430.8000, -48.9000, -103.8000,  430.9000, -35.0000, -103.8000,  204, 0, 204
L 422.9000, -33.0000, -103.8000,  424.9000, -33.0000, -103.8000,  204, 0, 204
L 424.9000, -33.0000, -103.8000,  424.9000, -35.0000, -103.8000,  204, 0, 204
L 424.9000, -35.0000, -103.8000,  430.9000, -35.0000, -103.8000,  204, 0, 204
L 422.9000, -27.0000, -103.8000,  422.9000, -33.0000, -103.8000,  204, 0, 204
L 390.8000, -35.0000, -103.8000,  384.8000, -35.0000, -103.8000,  204, 0, 204
L 384.8000, -35.0000, -103.8000,  384.8000, -48.9000, -103.8000,  204, 0, 204
L 392.8000, -33.0000, -103.8000,  390.8000, -33.0000, -103.8000,  204, 0, 204
L 390.5000, -27.0000, -103.8000,  392.8000, -27.0000, -103.8000,  204, 0, 204
L 392.8000, -27.0000, -103.8000,  392.8000, -33.0000, -103.8000,  204, 0, 204
L 390.8000, -33.0000, -103.8000,  390.8000, -35.0000, -103.8000,  204, 0, 204
L 390.5000, -17.5000, -103.8000,  390.5000, -27.0000, -103.8000,  204, 0, 204
L 384.8000, -48.9000, -103.8000,  368.8000, -49.0000, -103.8000,  204, 0, 204
L -33.0000, -322.7000, 51.1000,  -47.0000, -322.7000, 51.1000,  150, 150, 150
L -47.0000, -322.7000, 51.1000,  -47.0000, -325.8000, 54.1000,  0, 0, 0
L -33.0000, -322.7000, 51.1000,  -33.0000, -319.7000, 48.1000,  0, 0, 0
L -33.0000, -328.8000, 57.1000,  -47.0000, -328.8000, 57.1000,  150, 150, 150
L -47.0000, -328.8000, 57.1000,  -47.0000, -331.9000, 60.1000,  0, 0, 0
L -33.0000, -328.8000, 57.1000,  -33.0000, -325.8000, 54.1000,  0, 0, 0
L -33.0000, -325.8000, 54.1000,  -47.0000, -325.8000, 54.1000,  150, 150, 150
L -47.0000, -325.8000, 54.1000,  -47.0000, -328.8000, 57.1000,  0, 0, 0
L -33.0000, -325.8000, 54.1000,  -33.0000, -322.7000, 51.1000,  0, 0, 0
L -33.0000, -334.9000, 63.1000,  -47.0000, -334.9000, 63.1000,  150, 150, 150
L -47.0000, -334.9000, 63.1000,  -47.0000, -337.9000, 66.1000,  0, 0, 0
L -33.0000, -334.9000, 63.1000,  -33.0000, -331.9000, 60.1000,  0, 0, 0
L -33.0000, -341.0000, 69.1000,  -47.0000, -341.0000, 69.1000,  150, 150, 150
L -47.0000, -341.0000, 69.1000,  -47.0000, -344.0000, 72.1000,  0, 0, 0
L -33.0000, -341.0000, 69.1000,  -33.0000, -337.9000, 66.1000,  0, 0, 0
L -33.0000, -337.9000, 66.1000,  -47.0000, -337.9000, 66.1000,  150, 150, 150
L -47.0000, -337.9000, 66.1000,  -47.0000, -341.0000, 69.1000,  0, 0, 0
L -33.0000, -337.9000, 66.1000,  -33.0000, -334.9000, 63.1000,  0, 0, 0
L -33.0000, -347.0000, 75.1000,  -47.0000, -347.0000, 75.1000,  150, 150, 150
L -47.0000, -347.0000, 75.1000,  -47.0000, -350.1000, 78.1000,  0, 0, 0
L -33.0000, -347.0000, 75.1000,  -33.0000, -344.0000, 72.1000,  0, 0, 0
L -33.0000, -353.1000, 81.1000,  -47.0000, -353.1000, 81.1000,  150, 150, 150
L -47.0000, -353.1000, 81.1000,  -47.0000, -356.1000, 84.1000,  0, 0, 0
L -33.0000, -353.1000, 81.1000,  -33.0000, -350.1000, 78.1000,  0, 0, 0
L -33.0000, -350.1000, 78.1000,  -47.0000, -350.1000, 78.1000,  150, 150, 150
L -47.0000, -350.1000, 78.1000,  -47.0000, -353.1000, 81.1000,  0, 0, 0
L -33.0000, -350.1000, 78.1000,  -33.0000, -347.0000, 75.1000,  0, 0, 0
L -33.0000, -365.3000, 93.1000,  -47.0000, -365.3000, 93.1000,  150, 150, 150
L -47.0000, -365.3000, 93.1000,  -47.0000, -368.3000, 96.1000,  0, 0, 0
L -33.0000, -365.3000, 93.1000,  -33.0000, -362.2000, 90.1000,  0, 0, 0
L -33.0000, -359.2000, 87.1000,  -47.0000, -359.2000, 87.1000,  150, 150, 150
L -47.0000, -359.2000, 87.1000,  -47.0000, -362.2000, 90.1000,  0, 0, 0
L -33.0000, -359.2000, 87.1000,  -33.0000, -356.1000, 84.1000,  0, 0, 0
L -33.0000, -362.2000, 90.1000,  -47.0000, -362.2000, 90.1000,  150, 150, 150
L -47.0000, -362.2000, 90.1000,  -47.0000, -365.3000, 93.1000,  0, 0, 0
L -33.0000, -362.2000, 90.1000,  -33.0000, -359.2000, 87.1000,  0, 0, 0
L -33.0000, -356.1000, 84.1000,  -47.0000, -356.1000, 84.1000,  150, 150, 150
L -47.0000, -356.1000, 84.1000,  -47.0000, -359.2000, 87.1000,  0, 0, 0
L -33.0000, -356.1000, 84.1000,  -33.0000, -353.1000, 81.1000,  0, 0, 0
L -33.0000, -331.9000, 60.1000,  -47.0000, -331.9000, 60.1000,  150, 150, 150
L -47.0000, -331.9000, 60.1000,  -47.0000, -334.9000, 63.1000,  0, 0, 0
L -33.0000, -331.9000, 60.1000,  -33.0000, -328.8000, 57.1000,  0, 0, 0
L -33.0000, -344.0000, 72.1000,  -47.0000, -344.0000, 72.1000,  150, 150, 150
L -47.0000, -344.0000, 72.1000,  -47.0000, -347.0000, 75.1000,  0, 0, 0
L -33.0000, -344.0000, 72.1000,  -33.0000, -341.0000, 69.1000,  0, 0, 0
L -47.0000, -319.7000, 48.1000,  -47.0000, -322.7000, 51.1000,  0, 0, 0
L -33.0000, -368.3000, 96.1000,  -33.0000, -365.3000, 93.1000,  0, 0, 0
L -33.0000, -368.3000, 96.1000,  -33.0000, -382.5000, 96.1000,  0, 0, 0
L -47.0000, -368.3000, 96.1000,  -33.0000, -368.3000, 96.1000,  150, 150, 150
L -47.0000, -382.5000, 96.1000,  -33.0000, -382.5000, 96.1000,  199, 21, 133
L -47.0000, -382.5000, 96.1000,  -47.0000, -368.3000, 96.1000,  0, 0, 0
L 348.9000, -268.9000, -111.8000,  348.9000, -222.1000, -111.8000,  204, 0, 204
L 290.8000, -268.9000, -111.8000,  348.9000, -268.9000, -111.8000,  204, 0, 204
L 332.8000, -210.9000, -111.8000,  290.8000, -210.9000, -111.8000,  204, 0, 204
L 290.8000, -210.9000, -111.8000,  290.8000, -242.8000, -111.8000,  204, 0, 204
L 273.3000, -175.9000, -111.8000,  288.2000, -190.9000, -111.8000,  204, 0, 204
L 330.3000, -206.9000, -111.8000,  332.8000, -210.9000, -111.8000,  204, 0, 204
L 320.1000, -206.9000, -111.8000,  330.3000, -206.9000, -111.8000,  204, 0, 204
L 348.9000, -222.1000, -111.8000,  352.8000, -225.2000, -111.8000,  204, 0, 204
L 288.2000, -190.9000, -111.8000,  320.1000, -206.9000, -111.8000,  204, 0, 204
L 288.8000, -160.0000, -111.8000,  273.3000, -175.9000, -111.8000,  204, 0, 204
L 288.8000, -144.3000, -111.8000,  288.8000, -160.0000, -111.8000,  204, 0, 204
L 304.1000, -128.2000, -111.8000,  288.8000, -144.3000, -111.8000,  204, 0, 204
L 332.9000, -127.9000, -111.8000,  304.1000, -128.2000, -111.8000,  204, 0, 204
L 332.9000, -176.9000, -111.8000,  332.9000, -127.9000, -111.8000,  204, 0, 204
L 380.9000, -176.9000, -111.8000,  332.9000, -176.9000, -111.8000,  204, 0, 204
L 352.8000, -225.2000, -111.8000,  352.8000, -238.9000, -111.8000,  204, 0, 204
L 352.8000, -216.3000, -111.8000,  349.0000, -212.4000, -111.8000,  204, 0, 204
L 352.8000, -238.9000, -111.8000,  367.5000, -238.9000, -111.8000,  204, 0, 204
L 343.5000, -207.0000, -111.8000,  352.8000, -206.9000, -111.8000,  204, 0, 204
L 348.9000, -210.9000, -111.8000,  347.6000, -210.9000, -111.8000,  204, 0, 204
L 347.6000, -210.9000, -111.8000,  343.5000, -207.0000, -111.8000,  204, 0, 204
L 352.8000, -206.9000, -111.8000,  352.8000, -216.3000, -111.8000,  204, 0, 204
L 349.0000, -212.4000, -111.8000,  348.9000, -210.9000, -111.8000,  204, 0, 204
L 178.2000, -208.9000, -126.8000,  178.2000, -222.9000, -126.8000,  150, 150, 150
L 178.2000, -208.9000, -126.8000,  181.5000, -208.9000, -125.8000,  204, 0, 204
L 184.7000, -208.9000, -124.8000,  184.7000, -222.9000, -124.8000,  150, 150, 150
L 184.7000, -222.9000, -124.8000,  188.0000, -222.9000, -123.8000,  204, 0, 204
L 184.7000, -208.9000, -124.8000,  188.0000, -208.9000, -123.8000,  204, 0, 204
L 191.2000, -208.9000, -122.8000,  191.2000, -222.9000, -122.8000,  150, 150, 150
L 191.2000, -222.9000, -122.8000,  194.5000, -222.9000, -121.8000,  204, 0, 204
L 191.2000, -208.9000, -122.8000,  194.5000, -208.9000, -121.8000,  204, 0, 204
L 197.7000, -208.9000, -120.8000,  197.7000, -222.9000, -120.8000,  150, 150, 150
L 197.7000, -222.9000, -120.8000,  200.9000, -222.9000, -119.8000,  204, 0, 204
L 197.7000, -208.9000, -120.8000,  200.9000, -208.9000, -119.8000,  204, 0, 204
L 204.2000, -208.9000, -118.9000,  204.2000, -222.9000, -118.8000,  150, 150, 150
L 204.2000, -222.9000, -118.8000,  207.4000, -222.9000, -117.8000,  204, 0, 204
L 204.2000, -208.9000, -118.9000,  207.4000, -208.9000, -117.9000,  204, 0, 204
L 210.7000, -208.9000, -116.9000,  210.7000, -222.9000, -116.8000,  150, 150, 150
L 210.7000, -222.9000, -116.8000,  213.9000, -222.9000, -115.8000,  204, 0, 204
L 210.7000, -208.9000, -116.9000,  213.9000, -208.9000, -115.9000,  204, 0, 204
L 217.2000, -208.9000, -114.9000,  217.2000, -222.9000, -114.8000,  150, 150, 150
L 217.2000, -222.9000, -114.8000,  220.4000, -222.9000, -113.8000,  204, 0, 204
L 217.2000, -208.9000, -114.9000,  220.4000, -208.9000, -113.9000,  204, 0, 204
L 223.7000, -208.9000, -112.9000,  223.7000, -222.9000, -112.8000,  150, 150, 150
L 223.7000, -222.9000, -112.8000,  226.9000, -222.9000, -111.8000,  204, 0, 204
L 223.7000, -208.9000, -112.9000,  226.9000, -208.9000, -111.9000,  204, 0, 204
L 220.4000, -208.9000, -113.9000,  220.4000, -222.9000, -113.8000,  150, 150, 150
L 220.4000, -222.9000, -113.8000,  223.7000, -222.9000, -112.8000,  204, 0, 204
L 220.4000, -208.9000, -113.9000,  223.7000, -208.9000, -112.9000,  204, 0, 204
L 207.4000, -208.9000, -117.9000,  207.4000, -222.9000, -117.8000,  150, 150, 150
L 207.4000, -222.9000, -117.8000,  210.7000, -222.9000, -116.8000,  204, 0, 204
L 207.4000, -208.9000, -117.9000,  210.7000, -208.9000, -116.9000,  204, 0, 204
L 181.5000, -208.9000, -125.8000,  181.5000, -222.9000, -125.8000,  150, 150, 150
L 181.5000, -222.9000, -125.8000,  184.7000, -222.9000, -124.8000,  204, 0, 204
L 181.5000, -208.9000, -125.8000,  184.7000, -208.9000, -124.8000,  204, 0, 204
L 194.5000, -208.9000, -121.8000,  194.5000, -222.9000, -121.8000,  150, 150, 150
L 194.5000, -222.9000, -121.8000,  197.7000, -222.9000, -120.8000,  204, 0, 204
L 194.5000, -208.9000, -121.8000,  197.7000, -208.9000, -120.8000,  204, 0, 204
L 188.0000, -208.9000, -123.8000,  188.0000, -222.9000, -123.8000,  150, 150, 150
L 188.0000, -222.9000, -123.8000,  191.2000, -222.9000, -122.8000,  204, 0, 204
L 188.0000, -208.9000, -123.8000,  191.2000, -208.9000, -122.8000,  204, 0, 204
L 213.9000, -208.9000, -115.9000,  213.9000, -222.9000, -115.8000,  150, 150, 150
L 213.9000, -222.9000, -115.8000,  217.2000, -222.9000, -114.8000,  204, 0, 204
L 213.9000, -208.9000, -115.9000,  217.2000, -208.9000, -114.9000,  204, 0, 204
L 200.9000, -208.9000, -119.8000,  200.9000, -222.9000, -119.8000,  150, 150, 150
L 200.9000, -222.9000, -119.8000,  204.2000, -222.9000, -118.8000,  204, 0, 204
L 200.9000, -208.9000, -119.8000,  204.2000, -208.9000, -118.9000,  204, 0, 204
L 226.9000, -208.9000, -111.9000,  226.9000, -222.9000, -111.8000,  150, 150, 150
L 175.0000, -208.9000, -127.8000,  175.0000, -222.9000, -127.8000,  150, 150, 150
L 243.9000, -208.9000, -111.8000,  243.9000, -210.9000, -111.8000,  204, 0, 204
L 233.6000, -227.2000, -111.8000,  233.6000, -225.7000, -111.8000,  205, 133, 63
L 238.9000, -160.9000, -111.8000,  238.9000, -203.9000, -111.8000,  204, 0, 204
L 243.9000, -220.9000, -111.8000,  243.9000, -222.9000, -111.8000,  204, 0, 204
L 233.6000, -224.2000, -111.8000,  233.7000, -224.2000, -111.8000,  205, 133, 63
L 236.9000, -224.0000, -111.8000,  236.9000, -225.7000, -111.8000,  204, 0, 204
L 233.6000, -225.7000, -111.8000,  236.9000, -225.7000, -111.8000,  205, 133, 63
L 236.9000, -225.7000, -111.8000,  236.9000, -227.8000, -111.8000,  204, 0, 204
L 233.6000, -225.7000, -111.8000,  233.6000, -224.2000, -111.8000,  205, 133, 63
L 224.9000, -203.9000, -111.8000,  224.9000, -163.6000, -111.8000,  204, 0, 204
L 254.9000, -208.9000, -111.8000,  254.9000, -222.9000, -111.8000,  204, 0, 204
L 224.9000, -227.9000, -111.8000,  224.9000, -254.9000, -111.8000,  204, 0, 204
L 234.7000, -160.9000, -111.8000,  238.9000, -160.9000, -111.8000,  204, 0, 204
L 224.9000, -163.6000, -111.8000,  230.5000, -164.7000, -111.8000,  204, 0, 204
L 236.9000, -203.9000, -111.8000,  236.9000, -205.9000, -111.8000,  204, 0, 204
L 230.0000, -224.2000, -111.8000,  233.6000, -224.2000, -111.8000,  205, 133, 63
L 243.9000, -208.9000, -111.8000,  254.9000, -208.9000, -111.8000,  204, 0, 204
L 238.9000, -203.9000, -111.8000,  236.9000, -203.9000, -111.8000,  204, 0, 204
L 230.5000, -164.7000, -111.8000,  234.7000, -160.9000, -111.8000,  204, 0, 204
L 254.9000, -222.9000, -111.8000,  243.9000, -222.9000, -111.8000,  204, 0, 204
L 239.0000, -240.8000, -111.8000,  287.0000, -240.8000, -111.8000,  204, 0, 204
L 243.9000, -220.9000, -111.8000,  239.9000, -220.9000, -111.8000,  204, 0, 204
L 236.9000, -208.9000, -111.8000,  239.9000, -208.9000, -111.8000,  204, 0, 204
L 239.9000, -208.9000, -111.8000,  239.9000, -210.9000, -111.8000,  204, 0, 204
L 243.9000, -210.9000, -111.8000,  239.9000, -210.9000, -111.8000,  204, 0, 204
L 224.9000, -254.9000, -111.8000,  286.9000, -254.9000, -111.8000,  204, 0, 204
L 239.0000, -240.8000, -111.8000,  239.0000, -227.8000, -111.8000,  204, 0, 204
L 230.2000, -207.4000, -111.8000,  230.2000, -205.9000, -111.8000,  205, 133, 63
L 239.0000, -227.8000, -111.8000,  236.9000, -227.8000, -111.8000,  204, 0, 204
L 226.9000, -205.9000, -111.8000,  230.2000, -205.9000, -111.8000,  205, 133, 63
L 230.2000, -205.9000, -111.8000,  230.2000, -204.4000, -111.8000,  205, 133, 63
L 230.2000, -204.4000, -111.8000,  233.6000, -204.4000, -111.8000,  205, 133, 63
L 226.9000, -205.9000, -111.8000,  226.9000, -208.9000, -111.8000,  204, 0, 204
L 233.6000, -205.9000, -111.8000,  236.9000, -205.9000, -111.8000,  205, 133, 63
L 236.9000, -205.9000, -111.8000,  236.9000, -208.9000, -111.8000,  204, 0, 204
L 233.6000, -205.9000, -111.8000,  233.6000, -204.4000, -111.8000,  205, 133, 63
L 230.1000, -204.4000, -111.8000,  230.2000, -204.4000, -111.8000,  205, 133, 63
L 233.6000, -207.4000, -111.8000,  233.6000, -205.9000, -111.8000,  205, 133, 63
L 233.6000, -204.4000, -111.8000,  233.7000, -204.4000, -111.8000,  205, 133, 63
L 230.2000, -207.4000, -111.8000,  233.6000, -207.4000, -111.8000,  205, 133, 63
L 230.2000, -227.2000, -111.8000,  233.6000, -227.2000, -111.8000,  205, 133, 63
L 230.2000, -227.2000, -111.8000,  230.2000, -225.7000, -111.8000,  205, 133, 63
L 239.9000, -220.9000, -111.8000,  239.9000, -222.9000, -111.8000,  204, 0, 204
L 226.9000, -203.9000, -111.8000,  224.9000, -203.9000, -111.8000,  204, 0, 204
L 226.9000, -203.9000, -111.8000,  226.9000, -205.9000, -111.8000,  204, 0, 204
L 226.9000, -225.7000, -111.8000,  230.2000, -225.7000, -111.8000,  205, 133, 63
L 230.2000, -225.7000, -111.8000,  230.2000, -224.2000, -111.8000,  205, 133, 63
L 226.9000, -225.7000, -111.8000,  226.9000, -227.9000, -111.8000,  204, 0, 204
L 239.9000, -222.9000, -111.8000,  239.9000, -223.9000, -111.8000,  204, 0, 204
L 239.9000, -223.9000, -111.8000,  236.9000, -224.0000, -111.8000,  204, 0, 204
L 226.9000, -227.9000, -111.8000,  224.9000, -227.9000, -111.8000,  204, 0, 204
L 226.9000, -222.9000, -111.8000,  226.9000, -225.7000, -111.8000,  204, 0, 204
L 127.1000, -288.8000, -130.9000,  127.1000, -303.0000, -130.9000,  150, 150, 150
L 127.1000, -303.0000, -130.9000,  130.3000, -303.0000, -127.9000,  204, 0, 204
L 127.1000, -288.8000, -130.9000,  130.3000, -288.8000, -127.9000,  204, 0, 204
L 120.8000, -288.8000, -136.9000,  120.8000, -303.0000, -136.9000,  150, 150, 150
L 120.8000, -303.0000, -136.9000,  124.0000, -303.0000, -133.9000,  204, 0, 204
L 120.8000, -288.8000, -136.9000,  124.0000, -288.8000, -133.9000,  204, 0, 204
L 114.4000, -288.8000, -142.9000,  114.4000, -303.0000, -142.9000,  150, 150, 150
L 114.4000, -303.0000, -142.9000,  117.6000, -303.0000, -139.9000,  204, 0, 204
L 114.4000, -288.8000, -142.9000,  117.6000, -288.8000, -139.9000,  204, 0, 204
L 108.1000, -288.8000, -148.9000,  108.1000, -303.0000, -148.9000,  150, 150, 150
L 108.1000, -303.0000, -148.9000,  111.2000, -303.0000, -145.9000,  204, 0, 204
L 108.1000, -288.8000, -148.9000,  111.2000, -288.8000, -145.9000,  204, 0, 204
L 101.7000, -288.8000, -154.9000,  101.7000, -303.0000, -154.9000,  150, 150, 150
L 101.7000, -303.0000, -154.9000,  104.9000, -303.0000, -151.9000,  204, 0, 204
L 101.7000, -288.8000, -154.9000,  104.9000, -288.8000, -151.9000,  204, 0, 204
L 95.4000, -288.8000, -160.9000,  95.4000, -303.0000, -160.9000,  150, 150, 150
L 95.4000, -303.0000, -160.9000,  98.6000, -303.0000, -157.9000,  204, 0, 204
L 95.4000, -288.8000, -160.9000,  98.6000, -288.8000, -157.9000,  204, 0, 204
L 89.0000, -288.8000, -166.9000,  89.0000, -303.0000, -166.9000,  150, 150, 150
L 89.0000, -303.0000, -166.9000,  92.2000, -303.0000, -163.9000,  204, 0, 204
L 89.0000, -288.8000, -166.9000,  92.2000, -288.8000, -163.9000,  204, 0, 204
L 124.0000, -288.8000, -133.9000,  124.0000, -303.0000, -133.9000,  150, 150, 150
L 124.0000, -303.0000, -133.9000,  127.1000, -303.0000, -130.9000,  204, 0, 204
L 124.0000, -288.8000, -133.9000,  127.1000, -288.8000, -130.9000,  204, 0, 204
L 111.2000, -288.8000, -145.9000,  111.2000, -303.0000, -145.9000,  150, 150, 150
L 111.2000, -303.0000, -145.9000,  114.4000, -303.0000, -142.9000,  204, 0, 204
L 111.2000, -288.8000, -145.9000,  114.4000, -288.8000, -142.9000,  204, 0, 204
L 98.6000, -288.8000, -157.9000,  98.6000, -303.0000, -157.9000,  150, 150, 150
L 98.6000, -303.0000, -157.9000,  101.7000, -303.0000, -154.9000,  204, 0, 204
L 98.6000, -288.8000, -157.9000,  101.7000, -288.8000, -154.9000,  204, 0, 204
L 85.8000, -288.8000, -169.9000,  85.8000, -303.0000, -169.9000,  150, 150, 150
L 85.8000, -303.0000, -169.9000,  89.0000, -303.0000, -166.9000,  204, 0, 204
L 85.8000, -288.8000, -169.9000,  89.0000, -288.8000, -166.9000,  204, 0, 204
L 92.2000, -288.8000, -163.9000,  92.2000, -303.0000, -163.9000,  150, 150, 150
L 92.2000, -303.0000, -163.9000,  95.4000, -303.0000, -160.9000,  204, 0, 204
L 92.2000, -288.8000, -163.9000,  95.4000, -288.8000, -160.9000,  204, 0, 204
L 117.6000, -288.8000, -139.9000,  117.6000, -303.0000, -139.9000,  150, 150, 150
L 117.6000, -303.0000, -139.9000,  120.8000, -303.0000, -136.9000,  204, 0, 204
L 117.6000, -288.8000, -139.9000,  120.8000, -288.8000, -136.9000,  204, 0, 204
L 104.9000, -288.8000, -151.9000,  104.9000, -303.0000, -151.9000,  150, 150, 150
L 104.9000, -303.0000, -151.9000,  108.1000, -303.0000, -148.9000,  204, 0, 204
L 104.9000, -288.8000, -151.9000,  108.1000, -288.8000, -148.9000,  204, 0, 204
L 130.3000, -303.0000, -127.9000,  159.0000, -302.9000, -127.9000,  204, 0, 204
L 79.5000, -288.8000, -175.9000,  79.5000, -303.0000, -175.9000,  150, 150, 150
L 79.5000, -303.0000, -175.9000,  82.7000, -303.0000, -172.9000,  204, 0, 204
L 79.5000, -288.8000, -175.9000,  82.7000, -288.8000, -172.9000,  204, 0, 204
L 130.3000, -288.8000, -127.9000,  130.3000, -303.0000, -127.9000,  150, 150, 150
L 130.3000, -288.8000, -127.9000,  144.8000, -288.8000, -127.9000,  204, 0, 204
L 79.5000, -303.0000, -175.9000,  31.1000, -303.0000, -175.9000,  204, 0, 204
L 18.8000, -381.9000, -175.9000,  22.3000, -381.9000, -175.9000,  205, 133, 63
L 22.3000, -381.9000, -175.9000,  22.3000, -380.4000, -175.9000,  205, 133, 63
L 79.5000, -288.8000, -175.9000,  31.1000, -288.8000, -175.9000,  204, 0, 204
L 0.9000, -415.5000, -175.9000,  16.4000, -430.9000, -175.9000,  204, 0, 204
L 0.9000, -400.2000, -175.9000,  0.9000, -415.5000, -175.9000,  204, 0, 204
L 16.9000, -384.2000, -175.9000,  0.9000, -400.2000, -175.9000,  204, 0, 204
L 25.7000, -381.9000, -175.9000,  29.2000, -381.9000, -175.9000,  205, 133, 63
L 25.7000, -381.9000, -175.9000,  25.7000, -380.4000, -175.9000,  205, 133, 63
L 47.1000, -415.5000, -175.9000,  47.1000, -400.2000, -175.9000,  204, 0, 204
L 22.3000, -383.3000, -175.9000,  25.7000, -383.3000, -175.9000,  205, 133, 63
L 22.4000, -380.4000, -175.9000,  25.7000, -380.4000, -175.9000,  205, 133, 63
L 25.7000, -383.3000, -175.9000,  25.7000, -381.9000, -175.9000,  205, 133, 63
L 47.1000, -400.2000, -175.9000,  31.1000, -384.2000, -175.9000,  204, 0, 204
L 22.3000, -383.3000, -175.9000,  22.3000, -381.9000, -175.9000,  205, 133, 63
L 31.6000, -430.9000, -175.9000,  47.1000, -415.5000, -175.9000,  204, 0, 204
L 16.4000, -430.9000, -175.9000,  31.6000, -430.9000, -175.9000,  204, 0, 204
L 31.1000, -383.7000, -175.9000,  31.1000, -384.2000, -175.9000,  204, 0, 204
L 18.9000, -383.7000, -175.9000,  16.9000, -383.7000, -175.9000,  204, 0, 204
L 16.9000, -380.0000, -175.9000,  18.9000, -380.0000, -175.9000,  204, 0, 204
L 16.9000, -383.7000, -175.9000,  16.9000, -384.2000, -175.9000,  204, 0, 204
L 29.1000, -380.0000, -175.9000,  29.1000, -383.7000, -175.9000,  204, 0, 204
L 18.9000, -380.0000, -175.9000,  18.9000, -383.7000, -175.9000,  204, 0, 204
L 31.1000, -380.0000, -175.9000,  31.1000, -303.0000, -175.9000,  204, 0, 204
L 29.1000, -380.0000, -175.9000,  31.1000, -380.0000, -175.9000,  204, 0, 204
L 16.9000, -288.8000, -175.9000,  16.9000, -303.0000, -175.9000,  204, 0, 204
L 31.1000, -383.7000, -175.9000,  29.1000, -383.7000, -175.9000,  204, 0, 204
L 159.0000, -259.8000, -127.9000,  159.0000, -302.9000, -127.9000,  204, 0, 204
L 144.8000, -259.8000, -127.9000,  144.8000, -288.8000, -127.9000,  204, 0, 204
L 153.6000, -257.7000, -127.8000,  157.0000, -257.7000, -127.8000,  205, 133, 63
L 153.6000, -257.7000, -127.8000,  153.6000, -256.3000, -127.8000,  205, 133, 63
L 153.6000, -259.1000, -127.8000,  153.6000, -257.7000, -127.8000,  205, 133, 63
L 150.2000, -256.3000, -127.8000,  153.6000, -256.3000, -127.8000,  205, 133, 63
L 150.2000, -259.1000, -127.8000,  153.6000, -259.1000, -127.8000,  205, 133, 63
L 150.2000, -259.1000, -127.8000,  150.2000, -256.3000, -127.8000,  205, 133, 63
L 146.8000, -257.7000, -127.8000,  150.2000, -257.7000, -127.8000,  205, 133, 63
L 127.3000, -198.3000, -127.8000,  127.3000, -201.7000, -127.8000,  205, 133, 63
L 125.8000, -201.7000, -127.8000,  125.8000, -205.1000, -127.8000,  205, 133, 63
L 125.8000, -201.7000, -127.8000,  127.3000, -201.7000, -127.8000,  205, 133, 63
L 124.3000, -201.7000, -127.8000,  125.8000, -201.7000, -127.8000,  205, 133, 63
L 124.3000, -198.3000, -127.8000,  127.3000, -198.3000, -127.8000,  205, 133, 63
L 125.8000, -194.9000, -127.8000,  125.8000, -198.3000, -127.8000,  205, 133, 63
L 125.8000, -194.9000, -127.8000,  127.9000, -194.9000, -127.8000,  204, 0, 204
L 124.3000, -198.3000, -127.8000,  124.3000, -201.7000, -127.8000,  205, 133, 63
L 127.9000, -192.9000, -127.8000,  175.0000, -192.9000, -127.8000,  204, 0, 204
L 175.0000, -192.9000, -127.8000,  175.0000, -208.9000, -127.8000,  204, 0, 204
L 175.0000, -255.0000, -127.8000,  175.0000, -222.9000, -127.8000,  204, 0, 204
L 290.8000, -242.8000, -111.8000,  287.0000, -242.8000, -111.8000,  204, 0, 204
L 287.0000, -242.8000, -111.8000,  287.0000, -240.8000, -111.8000,  204, 0, 204
L 286.9000, -252.9000, -111.8000,  290.8000, -252.9000, -111.8000,  204, 0, 204
L 290.8000, -252.9000, -111.8000,  290.8000, -268.9000, -111.8000,  204, 0, 204
L 286.9000, -254.9000, -111.8000,  286.9000, -252.9000, -111.8000,  204, 0, 204
L 628.6000, -158.9000, -111.0000,  624.9000, -158.9000, -111.0000,  204, 0, 204
L 624.9000, -158.9000, -111.0000,  624.9000, -152.8000, -111.0000,  204, 0, 204
L 624.9000, -152.8000, -111.0000,  594.7000, -152.8000, -111.0000,  204, 0, 204
L 628.6000, -158.9000, -111.0000,  628.6000, -152.8000, -111.0000,  204, 0, 204
L 640.6000, -152.8000, -111.0000,  628.6000, -152.8000, -111.0000,  204, 0, 204
L 590.9000, -111.1000, -111.0000,  590.9000, -192.8000, -111.0000,  204, 0, 204
L 640.6000, -148.7000, -111.0000,  594.7000, -148.7000, -111.0000,  204, 0, 204
L 647.5000, -150.9000, -111.0000,  650.9000, -150.9000, -111.0000,  205, 133, 63
L 650.9000, -150.9000, -111.0000,  650.9000, -152.8000, -111.0000,  204, 0, 204
L 647.5000, -150.9000, -111.0000,  647.5000, -149.5000, -111.0000,  205, 133, 63
L 647.5000, -152.3000, -111.0000,  647.5000, -150.9000, -111.0000,  205, 133, 63
L 644.0000, -149.5000, -111.0000,  647.5000, -149.5000, -111.0000,  205, 133, 63
L 644.0000, -152.3000, -111.0000,  647.5000, -152.3000, -111.0000,  205, 133, 63
L 644.0000, -152.3000, -111.0000,  644.0000, -149.5000, -111.0000,  205, 133, 63
L 640.6000, -150.9000, -111.0000,  644.0000, -150.9000, -111.0000,  205, 133, 63
L 640.6000, -150.9000, -111.0000,  640.6000, -152.8000, -111.0000,  204, 0, 204
L 617.5000, -112.8000, -111.0000,  620.9000, -112.8000, -111.0000,  205, 133, 63
L 620.9000, -112.8000, -111.0000,  620.9000, -114.9000, -111.0000,  204, 0, 204
L 617.5000, -112.8000, -111.0000,  617.5000, -111.5000, -111.0000,  205, 133, 63
L 617.5000, -114.2000, -111.0000,  617.5000, -112.8000, -111.0000,  205, 133, 63
L 614.0000, -111.5000, -111.0000,  617.5000, -111.5000, -111.0000,  205, 133, 63
L 614.0000, -114.2000, -111.0000,  617.5000, -114.2000, -111.0000,  205, 133, 63
L 614.0000, -114.2000, -111.0000,  614.0000, -111.5000, -111.0000,  205, 133, 63
L 610.6000, -112.8000, -111.0000,  614.0000, -112.8000, -111.0000,  205, 133, 63
L 610.6000, -112.8000, -111.0000,  610.6000, -111.1000, -111.0000,  204, 0, 204
L 656.6000, -111.1000, -111.0000,  656.6000, -192.8000, -111.0000,  204, 0, 204
L 656.6000, -192.8000, -111.0000,  590.9000, -192.8000, -111.0000,  204, 0, 204
L 652.8000, -152.8000, -111.0000,  650.9000, -152.8000, -111.0000,  204, 0, 204
L 620.9000, -111.1000, -111.0000,  656.6000, -111.1000, -111.0000,  204, 0, 204
L 594.6000, -189.0000, -111.0000,  594.6000, -152.8000, -111.0000,  204, 0, 204
L 610.6000, -114.9000, -111.0000,  610.6000, -112.8000, -111.0000,  204, 0, 204
L 652.9000, -114.9000, -111.0000,  652.9000, -149.0000, -111.0000,  204, 0, 204
L 650.9000, -149.0000, -111.0000,  650.9000, -150.9000, -111.0000,  204, 0, 204
L 652.9000, -149.0000, -111.0000,  650.9000, -149.0000, -111.0000,  204, 0, 204
L 652.9000, -152.9000, -111.0000,  652.9000, -189.0000, -111.0000,  204, 0, 204
L 620.9000, -111.1000, -111.0000,  620.9000, -112.8000, -111.0000,  204, 0, 204
L 652.9000, -189.0000, -111.0000,  594.6000, -189.0000, -111.0000,  204, 0, 204
L 590.9000, -111.1000, -111.0000,  610.6000, -111.1000, -111.0000,  204, 0, 204
L 610.6000, -114.9000, -111.0000,  594.6000, -114.9000, -111.0000,  204, 0, 204
L 620.9000, -114.9000, -111.0000,  652.9000, -114.9000, -111.0000,  204, 0, 204
L 594.6000, -114.9000, -111.0000,  594.7000, -148.7000, -111.0000,  204, 0, 204
L 640.6000, -148.7000, -111.0000,  640.6000, -150.9000, -111.0000,  204, 0, 204
L -579.2000, 83.8000, -301.9000,  -589.5000, 87.8000, -301.9000,  255, 255, 0
L -575.0000, 86.1000, -301.9000,  -579.2000, 83.8000, -301.9000,  255, 255, 0
L -579.9000, 86.3000, -301.9000,  -575.0000, 86.1000, -301.9000,  255, 255, 0
L -590.2000, 92.0000, -298.6000,  -579.9000, 86.3000, -301.9000,  255, 255, 0
L -597.7000, 88.6000, -298.9000,  -590.2000, 92.0000, -298.6000,  255, 255, 0
L -601.8000, 88.5000, -301.9000,  -597.7000, 88.6000, -298.9000,  255, 255, 0
L -601.8000, 74.3000, -299.9000,  -601.8000, 88.5000, -301.9000,  255, 255, 0
L -593.8000, 77.6000, -301.9000,  -601.8000, 74.3000, -299.9000,  255, 255, 0
L -586.1000, 73.7000, -301.9000,  -593.8000, 77.6000, -301.9000,  255, 255, 0
L -581.5000, 76.2000, -301.9000,  -586.1000, 73.7000, -301.9000,  255, 255, 0
L -585.8000, 76.2000, -301.9000,  -581.5000, 76.2000, -301.9000,  255, 255, 0
L -591.4000, 82.6000, -301.9000,  -585.8000, 76.2000, -301.9000,  255, 255, 0
L -591.5000, 85.8000, -301.9000,  -591.4000, 82.6000, -301.9000,  255, 255, 0
L -589.5000, 87.8000, -301.9000,  -591.5000, 85.8000, -301.9000,  255, 255, 0
L -516.7000, 111.4000, -296.9000,  -544.9000, 111.4000, -296.9000,  150, 150, 150
L -544.9000, 109.5000, -297.9000,  -516.7000, 109.5000, -297.9000,  150, 150, 150
L -516.7000, 107.3000, -298.9000,  -544.9000, 107.4000, -298.9000,  150, 150, 150
L -544.9000, 105.6000, -299.9000,  -516.7000, 105.5000, -299.9000,  150, 150, 150
L -516.7000, 103.3000, -300.9000,  -544.9000, 103.3000, -300.9000,  150, 150, 150
L -545.1000, 101.4000, -301.9000,  -516.7000, 101.4000, -301.9000,  150, 150, 150
L -545.1000, 101.4000, -301.9000,  -551.4000, 95.1000, -301.9000,  178, 102, 255
L -602.9000, 101.3000, -301.9000,  -574.2000, 101.2000, -301.9000,  150, 150, 150
L -574.7000, 103.4000, -300.9000,  -602.9000, 103.4000, -300.9000,  150, 150, 150
L -602.9000, 105.2000, -299.9000,  -574.7000, 105.2000, -299.9000,  150, 150, 150
L -574.7000, 107.3000, -298.9000,  -602.9000, 107.5000, -298.9000,  150, 150, 150
L -602.9000, 109.6000, -297.9000,  -574.7000, 109.6000, -297.9000,  150, 150, 150
L -574.7000, 111.5000, -296.9000,  -602.9000, 111.6000, -296.9000,  150, 150, 150
L -518.9000, 25.2000, -303.9000,  -518.9000, 31.7000, -303.9000,  150, 150, 150
L -518.9000, 31.7000, -303.9000,  -494.9000, 55.6000, -303.9000,  150, 150, 150
L -526.7000, 31.1000, -303.9000,  -526.7000, 25.2000, -303.9000,  150, 150, 150
L -526.7000, 31.1000, -303.9000,  -519.4000, 31.1000, -303.9000,  150, 150, 150
L -518.9000, 25.2000, -303.9000,  -526.7000, 25.2000, -303.9000,  150, 150, 150
L -495.4000, 55.1000, -303.9000,  -488.9000, 55.1000, -303.9000,  150, 150, 150
L -488.9000, 62.9000, -303.9000,  -488.9000, 55.1000, -303.9000,  150, 150, 150
L -494.9000, 62.9000, -303.9000,  -488.9000, 62.9000, -303.9000,  150, 150, 150
L -494.9000, 62.9000, -303.9000,  -494.9000, 111.1000, -303.9000,  150, 150, 150
L -522.2000, 166.8000, -303.9000,  -517.4000, 166.8000, -303.9000,  150, 150, 150
L -522.2000, 160.8000, -303.9000,  -522.2000, 166.8000, -303.9000,  150, 150, 150
L -522.2000, 160.8000, -303.9000,  -592.8000, 160.8000, -303.9000,  150, 150, 150
L -592.8000, 166.9000, -303.9000,  -592.8000, 160.8000, -303.9000,  150, 150, 150
L -592.8000, 160.8000, -303.9000,  -600.1000, 160.8000, -303.9000,  150, 150, 150
L -600.6000, 166.9000, -303.9000,  -592.8000, 166.9000, -303.9000,  150, 150, 150
L -600.6000, 160.3000, -303.9000,  -600.6000, 166.9000, -303.9000,  150, 150, 150
L -630.7000, 136.7000, -303.9000,  -624.2000, 136.8000, -303.9000,  150, 150, 150
L -624.2000, 136.8000, -303.9000,  -624.6000, 136.3000, -303.9000,  150, 150, 150
L -630.7000, 128.9000, -303.9000,  -630.7000, 136.7000, -303.9000,  150, 150, 150
L -624.6000, 129.0000, -303.9000,  -630.7000, 128.9000, -303.9000,  150, 150, 150
L -624.6000, 129.0000, -303.9000,  -624.6000, 55.5000, -303.9000,  150, 150, 150
L -632.1000, 81.7000, -303.9000,  -627.7000, 68.6000, -303.9000,  150, 150, 150
L -626.3000, 84.1000, -303.9000,  -632.1000, 81.7000, -303.9000,  150, 150, 150
L -622.6000, 71.8000, -301.9000,  -626.3000, 84.1000, -303.9000,  150, 150, 150
L -624.0000, 61.0000, -301.9000,  -621.8000, 67.3000, -301.9000,  150, 150, 150
L -627.1000, 69.0000, -303.9000,  -621.8000, 67.3000, -301.9000,  150, 150, 150
L -627.7000, 68.6000, -303.9000,  -622.6000, 71.8000, -302.8000,  150, 150, 150
L -624.0000, 61.0000, -301.9000,  -630.0000, 63.5000, -303.9000,  150, 150, 150
L -630.0000, 63.5000, -303.9000,  -627.7000, 68.6000, -303.9000,  150, 150, 150
L -616.5000, 30.2000, -303.9000,  -614.9000, 24.3000, -303.9000,  150, 150, 150
L -603.3000, 33.7000, -303.9000,  -616.5000, 30.2000, -303.9000,  150, 150, 150
L -601.5000, 27.8000, -303.9000,  -603.3000, 33.7000, -303.9000,  150, 150, 150
L -614.9000, 24.3000, -303.9000,  -601.5000, 27.8000, -303.9000,  150, 150, 150
L -600.6000, 25.0000, -303.9000,  -600.6000, 31.0000, -303.9000,  150, 150, 150
L -592.8000, 25.0000, -303.9000,  -600.6000, 25.0000, -303.9000,  150, 150, 150
L -592.9000, 31.0000, -303.9000,  -592.8000, 25.0000, -303.9000,  150, 150, 150
L -600.1000, 31.1000, -303.9000,  -577.9000, 31.1000, -303.9000,  150, 150, 150
L -624.6000, 55.5000, -303.9000,  -600.1000, 31.1000, -303.9000,  150, 150, 150
L -624.6000, 136.3000, -303.9000,  -624.6000, 129.0000, -303.9000,  150, 150, 150
L -600.1000, 160.8000, -303.9000,  -624.2000, 136.8000, -303.9000,  150, 150, 150
L -520.3000, 160.8000, -303.9000,  -522.2000, 160.8000, -303.9000,  150, 150, 150
L -598.1000, 156.8000, -301.9000,  -522.4000, 156.8000, -301.9000,  150, 150, 150
L -620.6000, 134.3000, -301.9000,  -598.1000, 156.8000, -301.9000,  150, 150, 150
L -620.6000, 57.6000, -301.9000,  -620.6000, 134.3000, -301.9000,  150, 150, 150
L -598.1000, 35.1000, -301.9000,  -620.6000, 57.6000, -301.9000,  150, 150, 150
L -576.7000, 35.1000, -301.9000,  -598.1000, 35.1000, -301.9000,  150, 150, 150
L -576.7000, 32.8000, -301.9000,  -576.7000, 35.1000, -301.9000,  150, 150, 150
L -574.7000, 39.1000, -299.9000,  -574.7000, 32.9000, -299.9000,  150, 150, 150
L -596.1000, 39.1000, -299.9000,  -574.7000, 39.1000, -299.9000,  150, 150, 150
L -616.6000, 59.6000, -299.9000,  -596.1000, 39.1000, -299.9000,  150, 150, 150
L -616.6000, 132.3000, -299.9000,  -616.6000, 59.6000, -299.9000,  150, 150, 150
L -596.1000, 152.8000, -299.9000,  -616.6000, 132.3000, -299.9000,  150, 150, 150
L -524.3000, 152.8000, -299.9000,  -596.1000, 152.8000, -299.9000,  150, 150, 150
L -594.5000, 148.5000, -297.9000,  -526.3000, 148.9000, -297.9000,  150, 150, 150
L -612.6000, 130.3000, -297.9000,  -594.5000, 148.5000, -297.9000,  150, 150, 150
L -612.6000, 61.6000, -297.9000,  -612.6000, 130.3000, -297.9000,  150, 150, 150
L -594.1000, 43.1000, -297.9000,  -612.6000, 61.6000, -297.9000,  150, 150, 150
L -572.7000, 42.9000, -297.9000,  -594.1000, 43.1000, -297.9000,  150, 150, 150
L -572.7000, 32.9000, -297.9000,  -572.7000, 42.9000, -297.9000,  150, 150, 150
L -519.4000, 31.1000, -303.9000,  -518.9000, 31.7000, -303.9000,  150, 150, 150
L -541.6000, 31.1000, -303.9000,  -526.7000, 31.1000, -303.9000,  150, 150, 150
L -542.9000, 35.1000, -301.9000,  -542.9000, 32.4000, -301.9000,  150, 150, 150
L -521.4000, 35.1000, -301.9000,  -542.9000, 35.1000, -301.9000,  150, 150, 150
L -498.9000, 57.6000, -301.9000,  -521.4000, 35.1000, -301.9000,  150, 150, 150
L -523.4000, 39.1000, -299.9000,  -502.9000, 59.6000, -299.9000,  150, 150, 150
L -544.9000, 39.1000, -299.9000,  -523.4000, 39.1000, -299.9000,  150, 150, 150
L -544.9000, 32.9000, -299.9000,  -544.9000, 39.1000, -299.9000,  150, 150, 150
L -546.9000, 43.1000, -297.9000,  -546.9000, 32.9000, -297.9000,  150, 150, 150
L -525.4000, 43.1000, -297.9000,  -546.9000, 43.1000, -297.9000,  150, 150, 150
L -506.9000, 61.6000, -297.9000,  -525.4000, 43.1000, -297.9000,  150, 150, 150
L -494.9000, 55.6000, -303.9000,  -494.9000, 62.9000, -303.9000,  150, 150, 150
L -494.9000, 111.1000, -303.9000,  -480.3000, 111.1000, -303.9000,  178, 102, 255
L -498.9000, 111.3000, -301.9000,  -498.9000, 57.6000, -301.9000,  150, 150, 150
L -502.9000, 59.6000, -299.9000,  -502.9000, 117.8000, -299.9000,  150, 150, 150
L -506.9000, 121.8000, -297.9000,  -506.9000, 61.6000, -297.9000,  150, 150, 150
L -510.9000, 125.8000, -295.9000,  -510.9000, 63.6000, -295.9000,  178, 102, 255
L -496.2000, 111.1000, -303.9000,  -528.9000, 143.8000, -295.9000,  178, 102, 255
L -548.7000, 103.3000, -295.9000,  -548.7000, 112.9000, -295.9000,  178, 102, 255
L -553.2000, 98.9000, -295.9000,  -548.7000, 103.3000, -295.9000,  178, 102, 255
L -566.5000, 98.9000, -295.9000,  -553.2000, 98.9000, -295.9000,  178, 102, 255
L -570.8000, 103.3000, -295.9000,  -566.5000, 98.9000, -295.9000,  178, 102, 255
L -570.9000, 112.9000, -295.9000,  -570.8000, 103.3000, -295.9000,  178, 102, 255
L -574.7000, 112.9000, -295.9000,  -570.9000, 112.9000, -295.9000,  178, 102, 255
L -574.2000, 101.2000, -301.9000,  -574.7000, 112.9000, -295.9000,  178, 102, 255
L -568.1000, 95.1000, -301.9000,  -574.7000, 101.6000, -301.9000,  178, 102, 255
L -551.4000, 95.1000, -301.9000,  -568.1000, 95.1000, -301.9000,  178, 102, 255
L -544.9000, 101.6000, -301.9000,  -545.1000, 101.4000, -301.9000,  178, 102, 255
L -544.9000, 112.9000, -295.9000,  -544.9000, 101.6000, -301.9000,  178, 102, 255
L -548.7000, 112.9000, -295.9000,  -544.9000, 112.9000, -295.9000,  178, 102, 255
L -545.0000, 89.1000, -335.2000,  -545.6000, 96.9000, -329.3000,  102, 0, 204
L -542.0000, 82.1000, -338.8000,  -545.0000, 89.1000, -335.2000,  102, 0, 204
L -536.2000, 77.1000, -345.8000,  -542.0000, 82.1000, -338.8000,  102, 0, 204
L -545.5000, 67.7000, -346.6000,  -536.2000, 77.1000, -345.8000,  102, 0, 204
L -554.1000, 78.4000, -351.8000,  -545.5000, 67.7000, -346.6000,  102, 0, 204
L -592.1000, 47.1000, -295.9000,  -608.6000, 63.6000, -295.9000,  178, 102, 255
L -656.1000, 79.1000, -303.9000,  -672.2000, 95.1000, -303.9000,  178, 102, 255
L -637.6000, 79.1000, -302.8000,  -656.1000, 79.1000, -303.9000,  178, 102, 255
L -671.5000, 113.0000, -303.9000,  -637.6000, 79.1000, -303.9000,  178, 102, 255
L -703.8000, 112.9000, -303.9000,  -671.5000, 113.0000, -303.9000,  178, 102, 255
L -736.6000, 80.3000, -303.9000,  -703.8000, 112.9000, -303.9000,  178, 102, 255
L -736.6000, 47.8000, -303.9000,  -736.6000, 80.3000, -303.9000,  178, 102, 255
L -703.8000, 15.1000, -303.9000,  -736.6000, 47.8000, -303.9000,  178, 102, 255
L -672.0000, 15.1000, -303.9000,  -703.8000, 15.1000, -303.9000,  178, 102, 255
L -637.6000, 48.9000, -303.9000,  -672.0000, 15.1000, -303.9000,  178, 102, 255
L -655.9000, 48.9000, -303.0000,  -637.6000, 48.9000, -302.8000,  178, 102, 255
L -672.0000, 33.0000, -303.9000,  -655.9000, 48.9000, -303.0000,  178, 102, 255
L -703.4000, 33.0000, -303.9000,  -672.0000, 33.0000, -303.9000,  178, 102, 255
L -718.8000, 48.3000, -303.9000,  -703.4000, 33.0000, -303.9000,  178, 102, 255
L -718.8000, 79.6000, -303.9000,  -718.8000, 48.3000, -303.9000,  178, 102, 255
L -703.4000, 95.1000, -303.9000,  -718.8000, 79.6000, -303.9000,  178, 102, 255
L -672.0000, 95.0000, -303.9000,  -703.4000, 95.1000, -303.9000,  178, 102, 255
L -718.8000, 128.3000, -154.8000,  -703.3000, 112.9000, -159.6000,  204, 0, 204
L -718.8000, 159.5000, -145.1000,  -718.8000, 128.3000, -154.8000,  204, 0, 204
L -703.0000, 175.4000, -143.9000,  -718.8000, 159.5000, -145.1000,  204, 0, 204
L -638.9000, 77.2000, -159.9000,  -655.7000, 72.0000, -156.6000,  204, 0, 204
L -642.1000, 83.6000, -158.5000,  -662.9000, 86.0000, -151.9000,  204, 0, 204
L -160.8000, -175.9000, 65.5000,  -143.0000, -192.9000, 65.5000,  0, 0, 0
L -160.8000, -111.4000, 35.4000,  -160.8000, -175.9000, 65.5000,  0, 0, 0
L -146.1000, -96.8000, 33.5000,  -160.8000, -111.4000, 35.4000,  0, 0, 0
L -127.4000, -31.1000, -64.0000,  -96.4000, -31.1000, -63.7000,  204, 0, 204
L -143.0000, 0.2000, -64.0000,  -127.4000, -31.1000, -64.0000,  204, 0, 204
L -143.0000, 63.7000, -94.3000,  -143.0000, 0.2000, -64.0000,  204, 0, 204
L -127.1000, 111.8000, -111.9000,  -143.0000, 63.7000, -94.3000,  204, 0, 204
L -175.2000, 144.5000, -112.0000,  -127.1000, 111.8000, -111.9000,  204, 0, 204
L -207.7000, 144.8000, -119.4000,  -175.2000, 144.5000, -112.0000,  204, 0, 204
L -240.0000, 160.8000, -126.9000,  -207.7000, 144.8000, -119.4000,  204, 0, 204
L -288.8000, 144.6000, -141.5000,  -240.0000, 160.8000, -126.9000,  204, 0, 204
L -288.8000, 127.0000, -143.6000,  -288.8000, 144.6000, -141.5000,  204, 0, 204
L -176.3000, 127.0000, -159.9000,  -288.8000, 127.0000, -143.8000,  204, 0, 204
L -160.8000, 111.6000, -159.9000,  -176.3000, 127.0000, -159.9000,  204, 0, 204
L -160.8000, 64.3000, -159.9000,  -160.8000, 111.6000, -159.9000,  204, 0, 204
L -173.0000, 52.1000, -159.9000,  -160.8000, 64.3000, -159.9000,  204, 0, 204
L -173.0000, 56.3000, -159.9000,  -173.0000, 52.1000, -159.9000,  204, 0, 204
L -176.8000, 60.1000, -159.9000,  -173.0000, 56.3000, -159.9000,  204, 0, 204
L -176.8000, 32.4000, -159.9000,  -176.8000, 60.1000, -159.9000,  204, 0, 204
L -192.3000, 16.9000, -159.9000,  -176.8000, 32.4000, -159.9000,  204, 0, 204
L -326.8000, -155.1000, -142.2000,  -326.8000, -161.8000, -143.5000,  204, 0, 204
L -326.8000, -155.2000, -142.2000,  -329.0000, -150.8000, -144.9000,  204, 0, 204
L -336.8000, -161.8000, -143.5000,  -336.7000, -167.6000, -142.6000,  204, 0, 204
L -332.9000, -167.6000, -142.0000,  -336.7000, -167.6000, -142.6000,  204, 0, 204
L -332.9000, -160.0000, -143.9000,  -332.9000, -167.6000, -142.0000,  204, 0, 204
L -335.0000, -160.0000, -143.9000,  -332.9000, -160.0000, -143.9000,  204, 0, 204
L -335.0000, -158.0000, -144.9000,  -335.0000, -160.0000, -143.9000,  204, 0, 204
L -338.8000, -158.0000, -144.9000,  -335.0000, -158.0000, -144.9000,  204, 0, 204
L -338.8000, -161.0000, -143.8000,  -338.8000, -158.0000, -144.9000,  204, 0, 204
L -336.8000, -161.8000, -143.5000,  -338.8000, -161.0000, -143.8000,  204, 0, 204
L -128.5000, -128.6000, -65.1000,  -96.6000, -128.8000, -64.0000,  204, 0, 204
L -144.4000, -112.9000, -67.8000,  -128.5000, -128.6000, -65.1000,  204, 0, 204
L -223.6000, -112.9000, -80.0000,  -144.4000, -112.9000, -67.8000,  204, 0, 204
L -255.0000, -144.2000, -80.0000,  -223.6000, -112.9000, -80.0000,  204, 0, 204
L -255.0000, -160.9000, -80.3000,  -255.0000, -144.2000, -80.0000,  204, 0, 204
L -255.1000, -256.3000, -112.0000,  -255.0000, -160.9000, -80.3000,  204, 0, 204
L -271.7000, -273.0000, -112.0000,  -255.1000, -256.3000, -112.0000,  204, 0, 204
L -304.6000, -256.5000, -112.0000,  -271.7000, -273.0000, -112.0000,  204, 0, 204
L -320.8000, -224.1000, -128.2000,  -304.6000, -256.5000, -112.0000,  204, 0, 204
L -320.8000, -161.8000, -143.5000,  -320.8000, -224.1000, -128.2000,  204, 0, 204
L -326.8000, -161.8000, -143.5000,  -320.8000, -161.8000, -143.5000,  204, 0, 204
L -320.8000, -142.6000, -144.9000,  -329.0000, -150.8000, -144.9000,  204, 0, 204
L -320.8000, -128.3000, -144.9000,  -320.8000, -142.6000, -144.9000,  204, 0, 204
L -336.8000, -112.3000, -143.9000,  -320.8000, -128.3000, -144.9000,  204, 0, 204
L -351.0000, -112.3000, -144.9000,  -350.9000, -95.6000, -143.9000,  204, 0, 204
L -336.8000, -95.6000, -143.9000,  -336.8000, -112.3000, -143.9000,  204, 0, 204
L -318.9000, -78.8000, -143.9000,  -336.8000, -95.6000, -143.9000,  204, 0, 204
L -304.5000, -79.1000, -143.9000,  -318.9000, -78.8000, -143.9000,  204, 0, 204
L -271.3000, -79.1000, -159.9000,  -304.5000, -79.1000, -143.9000,  204, 0, 204
L -256.3000, -79.1000, -159.9000,  -271.3000, -79.1000, -159.9000,  204, 0, 204
L -240.8000, -63.6000, -159.9000,  -256.3000, -79.1000, -159.9000,  204, 0, 204
L -240.8000, 0.4000, -159.9000,  -240.8000, -63.6000, -159.9000,  204, 0, 204
L -223.8000, 16.9000, -159.9000,  -240.8000, 0.4000, -159.9000,  204, 0, 204
L -192.3000, 16.9000, -159.9000,  -223.8000, 16.9000, -159.9000,  204, 0, 204
L -413.6000, 92.4000, -160.1000,  -413.6000, 110.8000, -162.4000,  204, 0, 204
L -400.7000, 79.6000, -157.8000,  -413.6000, 92.4000, -160.1000,  204, 0, 204
L -412.1000, 52.9000, -155.9000,  -400.7000, 52.9000, -155.4000,  204, 0, 204
L -412.1000, 49.2000, -155.9000,  -412.1000, 52.9000, -155.9000,  204, 0, 204
L -400.7000, 49.1000, -155.1000,  -412.1000, 49.2000, -155.9000,  204, 0, 204
L -416.3000, 32.8000, -155.9000,  -400.7000, 48.4000, -155.1000,  204, 0, 204
L -428.9000, 56.9000, -155.9000,  -428.9000, 32.9000, -155.9000,  204, 0, 204
L -432.5000, 56.9000, -155.9000,  -428.9000, 56.9000, -155.9000,  204, 0, 204
L -432.7000, 32.9000, -155.9000,  -432.5000, 56.9000, -155.9000,  204, 0, 204
L -447.5000, 32.9000, -155.9000,  -432.7000, 32.9000, -155.9000,  204, 0, 204
L -462.9000, 48.3000, -155.9000,  -447.5000, 32.9000, -155.9000,  204, 0, 204
L -462.9000, 48.3000, -155.9000,  -462.9000, 81.5000, -155.9000,  204, 0, 204
L -480.9000, 81.8000, -160.9000,  -462.9000, 81.5000, -155.9000,  204, 0, 204
L -480.7000, 47.7000, -146.9000,  -480.9000, 81.8000, -160.9000,  204, 0, 204
L -448.1000, 15.1000, -146.9000,  -480.7000, 47.7000, -146.9000,  204, 0, 204
L -415.9000, 15.0000, -146.9000,  -448.1000, 15.1000, -146.9000,  204, 0, 204
L -382.9000, 47.9000, -158.4000,  -415.9000, 15.0000, -146.9000,  204, 0, 204
L -382.9000, 80.1000, -159.9000,  -382.9000, 47.9000, -158.4000,  204, 0, 204
L -413.6000, 110.8000, -162.3000,  -382.9000, 80.1000, -159.9000,  204, 0, 204
L -430.9000, 240.9000, -188.0000,  -430.9000, 207.5000, -176.1000,  204, 0, 204
L -430.9000, 240.9000, -188.0000,  -464.8000, 274.0000, -189.5000,  204, 0, 204
L -463.5000, 175.0000, -174.7000,  -430.9000, 207.5000, -175.9000,  204, 0, 204
L -430.5000, 143.9000, -163.4000,  -463.5000, 175.0000, -174.7000,  204, 0, 204
L -431.5000, 143.0000, -162.9000,  -430.5000, 143.9000, -162.9000,  204, 0, 204
L -447.8000, 127.0000, -162.9000,  -431.5000, 143.0000, -162.9000,  204, 0, 204
L -463.4000, 127.0000, -163.4000,  -447.8000, 127.0000, -162.9000,  204, 0, 204
L -479.8000, 110.7000, -162.1000,  -463.4000, 127.0000, -163.4000,  204, 0, 204
L -498.0000, 128.8000, -160.9000,  -479.8000, 110.7000, -160.9000,  204, 0, 204
L -480.1000, 128.9000, -160.9000,  -498.0000, 128.8000, -160.9000,  204, 0, 204
L -464.7000, 144.3000, -160.9000,  -480.1000, 128.9000, -160.9000,  204, 0, 204
L -464.7000, 159.6000, -160.9000,  -464.7000, 144.4000, -160.9000,  204, 0, 204
L -482.0000, 175.0000, -156.5000,  -464.7000, 159.6000, -160.9000,  204, 0, 204
L -477.7000, 179.3000, -156.0000,  -482.0000, 175.0000, -156.5000,  204, 0, 204
L -477.6000, 182.8000, -156.0000,  -477.7000, 179.3000, -156.0000,  204, 0, 204
L -474.3000, 182.8000, -155.4000,  -477.6000, 182.8000, -156.0000,  204, 0, 204
L -464.3000, 192.8000, -160.2000,  -474.3000, 182.8000, -155.4000,  204, 0, 204
L -448.7000, 208.2000, -164.4000,  -464.3000, 192.8000, -160.2000,  204, 0, 204
L -448.7000, 239.5000, -172.9000,  -448.7000, 208.2000, -164.4000,  204, 0, 204
L -464.7000, 255.5000, -177.2000,  -448.7000, 239.5000, -172.9000,  204, 0, 204
L -464.8000, 274.0000, -189.5000,  -464.7000, 255.5000, -177.2000,  204, 0, 204
L -608.8000, 64.1000, -159.9000,  -608.4000, 128.5000, -154.7000,  204, 0, 204
L -576.7000, 31.6000, -156.2000,  -608.8000, 64.1000, -159.9000,  204, 0, 204
L -576.8000, 16.2000, -152.0000,  -576.7000, 31.6000, -156.2000,  204, 0, 204
L -560.4000, -0.9000, -146.9000,  -576.8000, 16.2000, -152.0000,  204, 0, 204
L -528.1000, -0.9000, -146.9000,  -560.4000, -0.9000, -146.9000,  204, 0, 204
L -512.6000, -16.9000, -145.5000,  -528.1000, -0.9000, -146.9000,  204, 0, 204
L -494.9000, -16.4000, -145.6000,  -512.6000, -16.9000, -145.5000,  204, 0, 204
L -478.9000, 0.5000, -146.9000,  -494.9000, -16.4000, -145.6000,  204, 0, 204
L -478.8000, 15.7000, -146.9000,  -478.9000, 0.5000, -146.9000,  204, 0, 204
L -494.9000, 48.2000, -147.0000,  -478.8000, 15.7000, -146.9000,  204, 0, 204
L -494.9000, 79.5000, -160.2000,  -494.9000, 48.2000, -147.0000,  204, 0, 204
L -494.9000, 96.3000, -160.9000,  -494.9000, 79.5000, -160.2000,  204, 0, 204
L -512.7000, 114.1000, -160.9000,  -494.9000, 96.3000, -160.9000,  204, 0, 204
L -512.7000, 96.3000, -157.4000,  -512.7000, 114.1000, -159.9000,  204, 0, 204
L -529.0000, 80.0000, -154.9000,  -512.7000, 96.3000, -157.4000,  204, 0, 204
L -512.7000, 63.6000, -151.4000,  -529.0000, 80.0000, -154.9000,  204, 0, 204
L -512.7000, 32.9000, -149.0000,  -512.7000, 63.6000, -151.4000,  204, 0, 204
L -559.2000, 48.9000, -151.0000,  -543.4000, 48.9000, -151.0000,  204, 0, 204
L -527.4000, 32.9000, -149.0000,  -512.7000, 32.9000, -149.0000,  204, 0, 204
L -543.4000, 48.9000, -151.0000,  -527.4000, 32.9000, -149.0000,  204, 0, 204
L -574.9000, 80.4000, -154.8000,  -559.2000, 48.9000, -151.0000,  204, 0, 204
L -574.9000, 111.6000, -159.9000,  -574.9000, 80.4000, -154.8000,  204, 0, 204
L -559.8000, 126.6000, -156.1000,  -574.9000, 111.6000, -159.9000,  204, 0, 204
L -494.9000, 191.9000, -158.8000,  -494.9000, 173.9000, -143.9000,  204, 0, 204
L -544.2000, 111.2000, -159.8000,  -559.8000, 126.7000, -156.1000,  204, 0, 204
L -527.2000, 111.2000, -159.8000,  -544.2000, 111.2000, -159.8000,  204, 0, 204
L -526.9000, 128.1000, -160.9000,  -527.2000, 111.2000, -159.8000,  204, 0, 204
L -542.5000, 143.9000, -160.9000,  -526.9000, 128.1000, -160.9000,  204, 0, 204
L -527.3000, 159.2000, -160.9000,  -542.5000, 143.9000, -160.9000,  204, 0, 204
L -494.9000, 173.9000, -143.9000,  -527.3000, 159.2000, -160.9000,  204, 0, 204
L -510.9000, 208.3000, -164.4000,  -494.9000, 191.9000, -158.8000,  204, 0, 204
L -510.9000, 239.5000, -172.9000,  -510.9000, 208.3000, -164.4000,  204, 0, 204
L -495.5000, 255.0000, -177.2000,  -510.9000, 239.5000, -172.9000,  204, 0, 204
L -494.9000, 272.7000, -176.2000,  -495.5000, 255.0000, -177.2000,  204, 0, 204
L -528.7000, 240.0000, -158.8000,  -494.9000, 272.7000, -176.2000,  204, 0, 204
L -528.6000, 207.5000, -143.9000,  -528.7000, 240.0000, -158.8000,  204, 0, 204
L -528.2000, 176.8000, -143.9000,  -513.0000, 191.9000, -143.9000,  204, 0, 204
L -559.2000, 176.8000, -143.9000,  -528.2000, 176.8000, -143.9000,  204, 0, 204
L -592.4000, 160.6000, -143.9000,  -559.2000, 176.8000, -143.9000,  204, 0, 204
L -608.4000, 128.5000, -153.9000,  -592.4000, 160.6000, -143.9000,  204, 0, 204
L -688.6000, 240.5000, -160.2000,  -656.1000, 272.8000, -175.9000,  204, 0, 204
L -688.6000, 207.6000, -143.9000,  -688.6000, 240.5000, -160.2000,  204, 0, 204
L -656.5000, 175.0000, -143.9000,  -688.6000, 207.6000, -143.9000,  204, 0, 204
L -624.0000, 175.0000, -143.9000,  -656.5000, 175.0000, -143.9000,  204, 0, 204
L -590.9000, 207.5000, -143.9000,  -624.0000, 175.0000, -143.9000,  204, 0, 204
L -590.9000, 223.9000, -151.4000,  -590.9000, 207.5000, -143.9000,  204, 0, 204
L -590.6000, 239.9000, -159.9000,  -590.9000, 223.9000, -151.4000,  204, 0, 204
L -623.8000, 272.8000, -175.9000,  -590.6000, 239.9000, -159.9000,  204, 0, 204
L -656.1000, 272.8000, -175.9000,  -623.8000, 272.8000, -175.9000,  204, 0, 204
L -623.4000, 272.8000, -256.6000,  -656.1000, 272.8000, -271.9000,  178, 102, 255
L -609.1000, 303.1000, -259.6000,  -608.5000, 287.2000, -255.9000,  178, 102, 255
L -623.7000, 318.6000, -256.3000,  -609.1000, 303.1000, -259.6000,  178, 102, 255
L -638.6000, 303.3000, -266.3000,  -623.7000, 318.6000, -256.3000,  178, 102, 255
L -671.4000, 303.0000, -273.7000,  -638.6000, 303.3000, -266.3000,  178, 102, 255
L -685.9000, 288.4000, -273.7000,  -671.4000, 303.0000, -273.7000,  178, 102, 255
L -686.8000, 273.2000, -270.3000,  -685.9000, 288.4000, -273.7000,  178, 102, 255
L -702.7000, 255.6000, -271.9000,  -686.8000, 273.2000, -270.3000,  178, 102, 255
L -702.5000, 240.5000, -271.9000,  -702.7000, 255.6000, -271.9000,  178, 102, 255
L -718.8000, 207.7000, -288.4000,  -702.5000, 240.5000, -271.9000,  178, 102, 255
L -718.8000, 192.4000, -296.3000,  -718.8000, 207.7000, -288.4000,  178, 102, 255
L -703.3000, 176.8000, -303.4000,  -718.8000, 192.4000, -296.3000,  178, 102, 255
L -687.5000, 176.9000, -303.4000,  -703.3000, 176.8000, -303.4000,  178, 102, 255
L -670.6000, 160.5000, -303.9000,  -687.5000, 176.9000, -303.4000,  178, 102, 255
L -687.1000, 143.3000, -303.9000,  -670.6000, 160.5000, -303.9000,  178, 102, 255
L -719.3000, 143.0000, -303.9000,  -687.1000, 143.3000, -303.9000,  178, 102, 255
L -734.8000, 127.5000, -303.9000,  -719.3000, 143.0000, -303.9000,  178, 102, 255
L -734.8000, 111.6000, -303.9000,  -734.8000, 127.5000, -303.9000,  178, 102, 255
L -750.8000, 95.6000, -303.9000,  -734.8000, 111.6000, -303.9000,  178, 102, 255
L -750.7000, 79.7000, -303.9000,  -750.8000, 95.6000, -303.9000,  178, 102, 255
L -766.4000, 64.0000, -303.9000,  -750.7000, 79.7000, -303.9000,  178, 102, 255
L -750.8000, 48.1000, -303.9000,  -766.4000, 64.0000, -303.9000,  178, 102, 255
L -750.8000, 32.3000, -303.9000,  -750.8000, 48.1000, -303.9000,  178, 102, 255
L -734.8000, 16.9000, -303.9000,  -750.8000, 32.3000, -303.9000,  178, 102, 255
L -734.8000, 0.3000, -303.9000,  -734.8000, 16.9000, -303.9000,  178, 102, 255
L -719.3000, -15.1000, -303.9000,  -734.8000, 0.3000, -303.9000,  178, 102, 255
L -688.4000, -15.1000, -303.9000,  -719.3000, -15.1000, -303.9000,  178, 102, 255
L -672.2000, 0.9000, -303.9000,  -688.4000, -15.1000, -303.9000,  178, 102, 255
L -639.5000, 0.9000, -303.9000,  -672.2000, 0.9000, -303.9000,  178, 102, 255
L -622.5000, -48.0000, -303.9000,  -639.5000, 0.9000, -303.9000,  178, 102, 255
L -623.3000, -79.1000, -303.9000,  -622.5000, -48.0000, -303.9000,  178, 102, 255
L -608.7000, -79.1000, -303.9000,  -623.3000, -79.1000, -303.9000,  178, 102, 255
L -608.4000, -47.4000, -303.9000,  -608.7000, -79.1000, -303.9000,  178, 102, 255
L -577.1000, -16.0000, -303.9000,  -608.4000, -47.4000, -303.9000,  178, 102, 255
L -592.6000, -0.5000, -303.9000,  -577.1000, -16.0000, -303.9000,  178, 102, 255
L -592.6000, 16.4000, -303.9000,  -592.6000, -0.5000, -303.9000,  178, 102, 255
L -575.9000, 32.8000, -299.9000,  -592.6000, 16.4000, -303.9000,  178, 102, 255
L -567.9000, 32.9000, -295.9000,  -575.9000, 32.8000, -299.9000,  178, 102, 255
L -576.7000, 12.4000, -295.9000,  -572.1000, 16.9000, -295.9000,  150, 150, 150
L -576.7000, 4.2000, -295.9000,  -576.7000, 12.4000, -295.9000,  150, 150, 150
L -572.4000, -0.9000, -295.9000,  -576.7000, 4.2000, -295.9000,  150, 150, 150
L -547.4000, -0.9000, -295.9000,  -572.4000, -0.9000, -295.9000,  150, 150, 150
L -542.9000, 3.6000, -295.9000,  -547.4000, -0.9000, -295.9000,  150, 150, 150
L -542.9000, 12.4000, -295.9000,  -542.9000, 3.6000, -295.9000,  150, 150, 150
L -547.4000, 16.9000, -295.9000,  -542.9000, 12.4000, -295.9000,  150, 150, 150
L -548.7000, 16.9000, -295.9000,  -547.4000, 16.9000, -295.9000,  150, 150, 150
L -572.1000, 16.9000, -295.9000,  -548.7000, 16.9000, -295.9000,  150, 150, 150
L -549.2000, 13.1000, -294.9000,  -570.4000, 13.1000, -294.9000,  150, 150, 150
L -546.7000, 10.7000, -294.9000,  -549.2000, 13.1000, -294.9000,  150, 150, 150
L -546.7000, 5.4000, -294.9000,  -546.7000, 10.7000, -294.9000,  150, 150, 150
L -549.1000, 2.9000, -294.9000,  -546.7000, 5.4000, -294.9000,  150, 150, 150
L -570.4000, 2.9000, -294.9000,  -549.1000, 2.9000, -294.9000,  150, 150, 150
L -572.9000, 5.4000, -294.9000,  -570.4000, 2.9000, -294.9000,  150, 150, 150
L -572.9000, 10.6000, -294.9000,  -572.9000, 5.4000, -294.9000,  150, 150, 150
L -570.4000, 13.1000, -294.9000,  -572.9000, 10.6000, -294.9000,  150, 150, 150
L -551.7000, 32.9000, -295.9000,  -543.5000, 32.9000, -301.9000,  178, 102, 255
L -567.9000, 29.1000, -295.9000,  -567.9000, 32.9000, -295.9000,  178, 102, 255
L -574.4000, 29.1000, -295.9000,  -567.9000, 29.1000, -295.9000,  178, 102, 255
L -588.9000, 14.6000, -295.9000,  -574.4000, 29.1000, -295.9000,  178, 102, 255
L -588.9000, 1.4000, -295.9000,  -588.9000, 14.6000, -295.9000,  178, 102, 255
L -574.4000, -13.1000, -295.9000,  -588.9000, 1.4000, -295.9000,  178, 102, 255
L -571.9000, -13.1000, -295.9000,  -574.4000, -13.1000, -295.9000,  178, 102, 255
L -571.9000, -15.1000, -295.9000,  -571.9000, -13.1000, -295.9000,  178, 102, 255
L -571.9000, -15.1000, -295.9000,  -570.9000, -15.1000, -295.9000,  178, 102, 255
L -552.7000, -24.1000, -295.9000,  -552.7000, -30.9000, -295.9000,  178, 102, 255
L -570.9000, -24.1000, -295.9000,  -570.9000, -15.1000, -295.9000,  178, 102, 255
L -566.9000, -24.1000, -295.9000,  -570.9000, -24.1000, -295.9000,  178, 102, 255
L -566.9000, -26.0000, -295.9000,  -566.9000, -24.1000, -295.9000,  178, 102, 255
L -566.9000, -30.9000, -295.9000,  -566.9000, -26.0000, -295.9000,  178, 102, 255
L -570.9000, -30.9000, -295.9000,  -566.9000, -30.9000, -295.9000,  178, 102, 255
L -570.9000, -32.9000, -295.9000,  -570.9000, -30.9000, -295.9000,  178, 102, 255
L -572.9000, -32.9000, -295.9000,  -570.9000, -32.9000, -295.9000,  178, 102, 255
L -572.9000, -43.1000, -294.1000,  -572.9000, -32.9000, -295.9000,  178, 102, 255
L -572.9000, -65.0000, -287.9000,  -572.9000, -43.1000, -294.1000,  178, 102, 255
L -576.7000, -64.8000, -287.9000,  -572.9000, -65.0000, -287.9000,  178, 102, 255
L -576.7000, -34.2000, -287.9000,  -576.7000, -64.8000, -287.9000,  178, 102, 255
L -576.7000, -34.2000, -287.9000,  -575.4000, -32.9000, -287.9000,  178, 102, 255
L -590.8000, -48.3000, -287.9000,  -576.7000, -34.2000, -287.9000,  178, 102, 255
L -590.9000, -77.1000, -287.9000,  -590.8000, -48.3000, -287.9000,  178, 102, 255
L -542.9000, -64.9000, -287.9000,  -542.9000, -34.1000, -287.9000,  178, 102, 255
L -528.7000, -48.3000, -287.9000,  -528.7000, -77.1000, -287.9000,  178, 102, 255
L -542.4000, -34.7000, -287.9000,  -528.7000, -48.3000, -287.9000,  178, 102, 255
L -546.5000, -64.9000, -287.9000,  -542.9000, -64.9000, -287.9000,  178, 102, 255
L -546.7000, -32.9000, -295.9000,  -546.5000, -64.9000, -287.9000,  178, 102, 255
L -548.7000, -32.9000, -295.9000,  -546.7000, -32.9000, -295.9000,  178, 102, 255
L -548.7000, -30.9000, -295.9000,  -548.7000, -32.9000, -295.9000,  178, 102, 255
L -552.7000, -30.9000, -295.9000,  -548.7000, -30.9000, -295.9000,  178, 102, 255
L -548.7000, -24.1000, -295.9000,  -552.7000, -24.1000, -295.9000,  178, 102, 255
L -548.7000, -15.1000, -295.9000,  -548.7000, -24.1000, -295.9000,  178, 102, 255
L -547.7000, -15.1000, -295.9000,  -548.7000, -15.1000, -295.9000,  178, 102, 255
L -547.7000, -13.1000, -295.9000,  -547.7000, -15.1000, -295.9000,  178, 102, 255
L -545.2000, -13.1000, -295.9000,  -547.7000, -13.1000, -295.9000,  178, 102, 255
L -530.7000, 1.3000, -295.9000,  -545.2000, -13.1000, -295.9000,  178, 102, 255
L -530.7000, 14.6000, -295.9000,  -530.7000, 1.3000, -295.9000,  178, 102, 255
L -545.2000, 29.1000, -295.9000,  -530.7000, 14.6000, -295.9000,  178, 102, 255
L -551.7000, 29.1000, -295.9000,  -545.2000, 29.1000, -295.9000,  178, 102, 255
L -551.7000, 32.9000, -295.9000,  -551.7000, 29.1000, -295.9000,  178, 102, 255
L -527.5000, 17.0000, -303.9000,  -543.5000, 32.9000, -301.9000,  178, 102, 255
L -526.9000, -0.3000, -303.9000,  -527.5000, 17.0000, -303.9000,  178, 102, 255
L -542.5000, -16.0000, -303.9000,  -526.9000, -0.3000, -303.9000,  178, 102, 255
L -510.9000, -47.4000, -303.9000,  -542.5000, -16.0000, -303.9000,  178, 102, 255
L -510.9000, -63.1000, -303.9000,  -510.9000, -47.4000, -303.9000,  178, 102, 255
L -496.2000, -63.1000, -303.9000,  -510.9000, -63.1000, -303.9000,  178, 102, 255
L -480.7000, -47.6000, -303.9000,  -496.2000, -63.1000, -303.9000,  178, 102, 255
L -480.7000, -32.4000, -303.9000,  -480.7000, -47.6000, -303.9000,  178, 102, 255
L -497.1000, -16.0000, -303.9000,  -480.7000, -32.4000, -303.9000,  178, 102, 255
L -480.7000, 0.4000, -303.9000,  -497.1000, -16.0000, -303.9000,  178, 102, 255
L -480.7000, 16.4000, -303.9000,  -480.7000, 0.4000, -303.9000,  178, 102, 255
L -465.1000, 32.0000, -303.9000,  -480.7000, 16.4000, -303.9000,  178, 102, 255
L -480.7000, 47.6000, -303.9000,  -465.1000, 32.0000, -303.9000,  178, 102, 255
L -480.7000, 80.3000, -303.9000,  -480.7000, 47.6000, -303.9000,  178, 102, 255
L -465.1000, 96.0000, -303.9000,  -480.7000, 80.3000, -303.9000,  178, 102, 255
L -480.3000, 111.1000, -303.9000,  -465.1000, 96.0000, -303.9000,  178, 102, 255
L -496.2000, 111.1000, -303.9000,  -494.9000, 111.1000, -303.9000,  204, 0, 204
L -527.4000, 47.1000, -295.9000,  -510.9000, 63.6000, -295.9000,  178, 102, 255
L -546.2000, 47.1000, -295.9000,  -527.4000, 47.1000, -295.9000,  178, 102, 255
L -548.7000, 49.6000, -295.9000,  -546.2000, 47.1000, -295.9000,  178, 102, 255
L -548.7000, 52.9000, -295.9000,  -548.7000, 49.6000, -295.9000,  178, 102, 255
L -541.3000, 52.9000, -301.9000,  -548.7000, 52.9000, -295.9000,  178, 102, 255
L -529.2000, 52.9000, -301.9000,  -541.3000, 52.9000, -301.9000,  178, 102, 255
L -516.7000, 65.4000, -301.9000,  -529.2000, 52.9000, -301.9000,  178, 102, 255
L -516.7000, 101.4000, -301.9000,  -516.7000, 65.4000, -301.9000,  178, 102, 255
L -516.7000, 112.0000, -295.9000,  -516.7000, 101.4000, -301.9000,  178, 102, 255
L -529.2000, 139.0000, -295.9000,  -516.7000, 126.7000, -295.9000,  178, 102, 255
L -574.7000, 125.0000, -295.9000,  -545.3000, 125.0000, -295.9000,  178, 102, 255
L -574.7000, 128.7000, -295.9000,  -574.7000, 125.0000, -295.9000,  178, 102, 255
L -548.5000, 128.8000, -319.9000,  -550.1000, 128.8000, -318.4000,  102, 0, 204
L -545.4000, 125.0000, -319.9000,  -536.9000, 125.0000, -319.9000,  102, 0, 204
L -547.9000, 123.1000, -319.9000,  -545.4000, 125.0000, -319.9000,  102, 0, 204
L -552.0000, 125.0000, -319.9000,  -547.9000, 123.1000, -319.9000,  102, 0, 204
L -552.2000, 125.0000, -319.9000,  -552.0000, 125.0000, -319.9000,  102, 0, 204
L -570.9000, 125.0000, -319.9000,  -552.2000, 125.0000, -319.9000,  102, 0, 204
L -570.9000, 123.0000, -319.9000,  -570.9000, 125.0000, -319.9000,  102, 0, 204
L -574.7000, 123.0000, -319.9000,  -570.9000, 123.0000, -319.9000,  102, 0, 204
L -574.7000, 125.0000, -319.9000,  -574.7000, 123.0000, -319.9000,  102, 0, 204
L -598.9000, 125.0000, -319.9000,  -574.7000, 125.0000, -319.9000,  102, 0, 204
L -598.9000, 100.9000, -319.9000,  -598.9000, 125.0000, -319.9000,  102, 0, 204
L -574.7000, 100.9000, -319.9000,  -598.9000, 100.9000, -319.9000,  102, 0, 204
L -574.7000, 112.8000, -319.9000,  -574.7000, 100.9000, -319.9000,  102, 0, 204
L -570.9000, 112.9000, -319.9000,  -574.7000, 112.8000, -319.9000,  102, 0, 204
L -570.9000, 108.4000, -319.9000,  -570.9000, 112.9000, -319.9000,  102, 0, 204
L -564.1000, 100.3000, -319.9000,  -570.9000, 108.4000, -319.9000,  102, 0, 204
L -561.4000, 100.7000, -319.9000,  -564.1000, 100.3000, -319.9000,  102, 0, 204
L -554.6000, 104.4000, -319.9000,  -561.4000, 100.7000, -319.9000,  102, 0, 204
L -548.3000, 116.9000, -319.9000,  -554.6000, 104.4000, -319.9000,  102, 0, 204
L -537.0000, 112.5000, -319.9000,  -548.3000, 116.9000, -319.9000,  102, 0, 204
L -536.9000, 105.7000, -327.0000,  -537.0000, 112.5000, -319.9000,  102, 0, 204
L -545.6000, 96.9000, -329.3000,  -536.9000, 105.7000, -327.0000,  102, 0, 204
L -545.7000, 69.3000, -351.8000,  -554.1000, 78.4000, -351.8000,  102, 0, 204
L -537.2000, 77.8000, -351.8000,  -545.7000, 69.3000, -351.8000,  102, 0, 204
L -542.5000, 81.4000, -351.8000,  -537.2000, 77.8000, -351.8000,  102, 0, 204
L -546.7000, 90.1000, -351.8000,  -542.5000, 81.4000, -351.8000,  102, 0, 204
L -546.7000, 95.8000, -351.8000,  -546.7000, 90.1000, -351.8000,  102, 0, 204
L -554.7000, 101.4000, -351.8000,  -546.7000, 95.8000, -351.8000,  102, 0, 204
L -554.7000, 103.1000, -351.8000,  -554.7000, 101.4000, -351.8000,  102, 0, 204
L -567.3000, 103.1000, -351.8000,  -554.7000, 103.1000, -351.8000,  102, 0, 204
L -571.3000, 97.1000, -351.8000,  -567.3000, 103.1000, -351.8000,  102, 0, 204
L -589.4000, 97.1000, -351.8000,  -571.3000, 97.1000, -351.8000,  102, 0, 204
L -599.2000, 96.1000, -351.8000,  -589.4000, 97.1000, -351.8000,  102, 0, 204
L -601.9000, 91.7000, -351.8000,  -599.2000, 96.1000, -351.8000,  102, 0, 204
L -601.9000, 70.9000, -351.8000,  -601.9000, 91.7000, -351.8000,  102, 0, 204
L -600.0000, 70.9000, -351.8000,  -601.9000, 70.9000, -351.8000,  102, 0, 204
L -598.9000, 66.4000, -351.8000,  -600.0000, 70.9000, -351.8000,  102, 0, 204
L -589.4000, 56.9000, -351.8000,  -598.9000, 66.4000, -351.8000,  102, 0, 204
L -583.7000, 57.0000, -351.8000,  -589.4000, 56.9000, -351.8000,  102, 0, 204
L -580.0000, 58.9000, -351.8000,  -583.7000, 57.0000, -351.8000,  102, 0, 204
L -570.0000, 58.9000, -351.8000,  -580.0000, 58.9000, -351.8000,  102, 0, 204
L -564.7000, 62.5000, -351.8000,  -570.0000, 58.9000, -351.8000,  102, 0, 204
L -553.6000, 58.9000, -345.1000,  -564.7000, 62.5000, -351.8000,  102, 0, 204
L -530.2000, 58.9000, -339.2000,  -553.6000, 58.9000, -345.1000,  102, 0, 204
L -524.7000, 66.2000, -339.2000,  -530.2000, 58.9000, -339.2000,  102, 0, 204
L -524.7000, 83.7000, -337.9000,  -524.7000, 66.2000, -339.2000,  102, 0, 204
L -528.6000, 90.4000, -331.6000,  -524.7000, 83.7000, -337.9000,  102, 0, 204
L -522.6000, 106.3000, -326.7000,  -528.6000, 90.4000, -331.6000,  102, 0, 204
L -516.7000, 118.1000, -319.9000,  -522.6000, 106.3000, -326.7000,  102, 0, 204
L -516.7000, 126.6000, -319.9000,  -516.7000, 118.1000, -319.9000,  102, 0, 204
L -602.9000, 126.7000, -295.9000,  -590.4000, 139.0000, -295.9000,  178, 102, 255
L -602.8000, 113.0000, -295.9000,  -602.9000, 126.7000, -295.9000,  178, 102, 255
L -602.9000, 100.5000, -301.9000,  -602.8000, 113.0000, -295.9000,  178, 102, 255
L -602.8000, 65.3000, -298.8000,  -602.9000, 100.5000, -301.9000,  178, 102, 255
L -590.4000, 52.9000, -301.9000,  -602.8000, 65.3000, -298.8000,  178, 102, 255
L -570.9000, 52.9000, -297.9000,  -590.4000, 52.9000, -301.9000,  178, 102, 255
L -570.9000, 49.6000, -295.9000,  -570.9000, 52.9000, -297.9000,  178, 102, 255
L -571.6000, 48.9000, -295.9000,  -570.9000, 49.6000, -295.9000,  178, 102, 255
L -573.4000, 47.1000, -295.9000,  -571.6000, 48.9000, -295.9000,  178, 102, 255
L -592.1000, 47.1000, -295.9000,  -573.4000, 47.1000, -295.9000,  178, 102, 255
L -608.6000, 144.8000, -295.9000,  -608.6000, 63.6000, -295.9000,  178, 102, 255
L -528.3000, 144.9000, -295.9000,  -608.6000, 144.8000, -295.9000,  178, 102, 255
L -512.7000, 176.2000, -303.9000,  -528.9000, 143.8000, -295.9000,  178, 102, 255
L -512.7000, 191.6000, -303.9000,  -512.7000, 176.2000, -303.9000,  178, 102, 255
L -528.6000, 207.4000, -303.9000,  -512.7000, 191.6000, -303.9000,  178, 102, 255
L -528.7000, 237.8000, -303.9000,  -528.6000, 207.4000, -303.9000,  178, 102, 255
L -542.7000, 223.7000, -303.9000,  -528.7000, 237.8000, -303.9000,  178, 102, 255
L -560.1000, 239.0000, -303.9000,  -542.7000, 223.7000, -303.9000,  178, 102, 255
L -590.9000, 239.0000, -303.9000,  -560.1000, 239.0000, -303.9000,  178, 102, 255
L -590.9000, 207.6000, -303.9000,  -590.9000, 239.0000, -303.9000,  178, 102, 255
L -622.5000, 176.0000, -303.9000,  -590.9000, 207.6000, -303.9000,  178, 102, 255
L -655.0000, 175.0000, -303.9000,  -622.5000, 176.0000, -303.9000,  178, 102, 255
L -688.5000, 207.1000, -289.5000,  -655.0000, 175.0000, -303.9000,  178, 102, 255
L -688.5000, 240.3000, -271.9000,  -688.5000, 207.1000, -289.5000,  178, 102, 255
L -656.1000, 272.8000, -271.9000,  -688.5000, 240.3000, -271.9000,  178, 102, 255
L -590.9000, 240.3000, -255.9000,  -623.4000, 272.8000, -255.9000,  178, 102, 255
L -590.9000, 209.0000, -255.9000,  -590.9000, 240.3000, -255.9000,  178, 102, 255
L -622.8000, 175.6000, -244.7000,  -590.3000, 208.6000, -255.9000,  178, 102, 255
L -655.4000, 175.0000, -231.5000,  -622.8000, 175.6000, -244.7000,  178, 102, 255
L -686.7000, 159.1000, -224.1000,  -655.4000, 175.0000, -231.5000,  178, 102, 255
L -736.3000, 191.1000, -223.9000,  -686.7000, 159.1000, -224.1000,  178, 102, 255
L -736.8000, 239.8000, -223.0000,  -736.3000, 191.1000, -223.9000,  178, 102, 255
L -704.7000, 272.2000, -207.2000,  -736.8000, 239.8000, -223.0000,  178, 102, 255
L -704.5000, 336.4000, -175.9000,  -704.7000, 272.2000, -207.2000,  178, 102, 255
L -688.6000, 352.2000, -175.9000,  -704.5000, 336.4000, -175.9000,  204, 0, 204
L -671.0000, 336.4000, -175.9000,  -688.6000, 352.2000, -175.9000,  204, 0, 204
L -670.9000, 287.3000, -175.9000,  -671.0000, 336.4000, -175.9000,  204, 0, 204
L -718.8000, 239.5000, -159.2000,  -670.9000, 287.3000, -175.9000,  204, 0, 204
L -718.7000, 224.2000, -151.8000,  -718.8000, 239.5000, -159.2000,  204, 0, 204
L -702.8000, 207.7000, -143.9000,  -718.7000, 224.2000, -151.8000,  204, 0, 204
L -703.0000, 175.4000, -143.9000,  -702.8000, 207.7000, -143.9000,  204, 0, 204
L -671.4000, 112.8000, -159.7000,  -703.3000, 112.9000, -159.6000,  204, 0, 204
L -642.1000, 83.6000, -158.5000,  -671.4000, 112.8000, -159.7000,  204, 0, 204
L -638.7000, 48.2000, -159.9000,  -638.9000, 77.2000, -159.9000,  204, 0, 204
L -670.8000, 15.6000, -153.4000,  -638.7000, 48.2000, -159.9000,  204, 0, 204
L -672.3000, 96.6000, -141.9000,  -702.8000, 96.2000, -133.2000,  204, 0, 204
L -662.9000, 86.0000, -151.9000,  -672.3000, 96.6000, -141.9000,  204, 0, 204
L -656.0000, 46.9000, -143.1000,  -655.7000, 72.0000, -156.6000,  204, 0, 204
L -670.8000, 31.7000, -150.2000,  -656.0000, 46.9000, -143.1000,  204, 0, 204
L -655.2000, 16.7000, -152.8000,  -670.8000, 16.9000, -151.8000,  204, 0, 204
L -639.0000, 0.6000, -151.9000,  -655.2000, 16.7000, -152.8000,  204, 0, 204
L -638.9000, -15.6000, -148.1000,  -639.0000, 0.6000, -151.9000,  204, 0, 204
L -623.4000, -31.1000, -145.1000,  -638.9000, -15.6000, -148.1000,  204, 0, 204
L -592.2000, -31.1000, -145.1000,  -623.4000, -31.1000, -145.1000,  204, 0, 204
L -577.4000, -15.1000, -148.2000,  -592.2000, -31.1000, -145.1000,  204, 0, 204
L -543.7000, -15.1000, -146.9000,  -577.4000, -15.1000, -148.2000,  204, 0, 204
L -510.9000, -48.3000, -141.8000,  -543.7000, -15.1000, -146.9000,  204, 0, 204
L -510.9000, -63.1000, -136.7000,  -510.9000, -48.3000, -141.8000,  204, 0, 204
L -496.2000, -63.1000, -136.7000,  -510.9000, -63.1000, -136.7000,  204, 0, 204
L -480.7000, -47.6000, -141.9000,  -496.2000, -63.1000, -136.7000,  204, 0, 204
L -480.8000, -31.8000, -142.0000,  -480.7000, -47.6000, -141.9000,  204, 0, 204
L -464.7000, -15.6000, -146.9000,  -480.8000, -31.8000, -142.0000,  204, 0, 204
L -464.7000, 0.9000, -146.9000,  -464.7000, -15.6000, -146.9000,  204, 0, 204
L -447.4000, 0.9000, -146.9000,  -464.7000, 0.9000, -146.9000,  204, 0, 204
L -431.5000, -15.1000, -146.9000,  -447.4000, 0.9000, -146.9000,  204, 0, 204
L -416.3000, -15.1000, -146.9000,  -431.5000, -15.1000, -146.9000,  204, 0, 204
L -383.5000, 17.6000, -147.5000,  -416.3000, -15.1000, -146.9000,  204, 0, 204
L -368.7000, 32.4000, -152.8000,  -383.5000, 17.6000, -147.5000,  204, 0, 204
L -368.6000, 64.5000, -159.9000,  -368.7000, 32.4000, -152.8000,  204, 0, 204
L -352.3000, 80.8000, -159.9000,  -368.6000, 64.5000, -159.9000,  204, 0, 204
L -319.0000, 48.4000, -159.9000,  -352.3000, 80.8000, -159.9000,  204, 0, 204
L -319.0000, 32.4000, -159.9000,  -319.0000, 48.4000, -159.9000,  204, 0, 204
L -303.5000, 16.9000, -159.9000,  -319.0000, 32.4000, -159.9000,  204, 0, 204
L -271.5000, 16.9000, -159.9000,  -303.5000, 16.9000, -159.9000,  204, 0, 204
L -255.0000, 0.4000, -159.9000,  -271.5000, 16.9000, -159.9000,  204, 0, 204
L -255.0000, -32.1000, -159.9000,  -255.0000, 0.4000, -159.9000,  204, 0, 204
L -270.9000, -48.2000, -159.9000,  -255.0000, -32.1000, -159.9000,  204, 0, 204
L -271.0000, -64.9000, -159.9000,  -270.9000, -48.2000, -159.9000,  204, 0, 204
L -303.8000, -64.9000, -144.0000,  -271.0000, -64.9000, -159.9000,  204, 0, 204
L -320.2000, -64.9000, -143.9000,  -303.8000, -64.9000, -144.0000,  204, 0, 204
L -336.8000, -48.3000, -144.2000,  -320.2000, -64.9000, -143.9000,  204, 0, 204
L -320.8000, 0.9000, -159.9000,  -336.8000, 0.9000, -159.9000,  204, 0, 204
L -336.8000, 0.9000, -159.9000,  -336.8000, -48.3000, -144.2000,  204, 0, 204
L -320.8000, 15.1000, -159.9000,  -320.8000, 0.9000, -159.9000,  204, 0, 204
L -350.9000, 15.1000, -159.9000,  -320.8000, 15.1000, -159.9000,  204, 0, 204
L -350.9000, 0.5000, -159.9000,  -350.9000, 15.1000, -159.9000,  204, 0, 204
L -351.0000, -47.5000, -144.1000,  -350.9000, 0.5000, -159.9000,  204, 0, 204
L -367.4000, -64.7000, -143.9000,  -351.0000, -47.5000, -144.1000,  204, 0, 204
L -399.8000, -64.9000, -158.4000,  -367.4000, -64.7000, -143.9000,  204, 0, 204
L -415.0000, -64.9000, -159.9000,  -399.8000, -64.9000, -158.4000,  204, 0, 204
L -414.9000, -79.9000, -159.9000,  -415.0000, -64.9000, -159.9000,  204, 0, 204
L -415.0000, -112.9000, -175.9000,  -414.9000, -79.9000, -159.9000,  204, 0, 204
L -446.9000, -112.9000, -175.9000,  -415.0000, -112.9000, -175.9000,  204, 0, 204
L -446.9000, -128.8000, -175.9000,  -446.9000, -112.9000, -175.9000,  204, 0, 204
L -462.9000, -128.8000, -175.9000,  -446.9000, -128.8000, -175.9000,  204, 0, 204
L -462.9000, -143.0000, -175.9000,  -462.9000, -128.8000, -175.9000,  204, 0, 204
L -446.9000, -143.0000, -175.9000,  -462.9000, -143.0000, -175.9000,  204, 0, 204
L -446.9000, -159.0000, -175.9000,  -446.9000, -143.0000, -175.9000,  204, 0, 204
L -430.8000, -159.0000, -175.9000,  -446.9000, -159.0000, -175.9000,  204, 0, 204
L -400.7000, -159.0000, -175.9000,  -416.7000, -159.0000, -175.9000,  204, 0, 204
L -430.9000, -191.0000, -175.9000,  -430.8000, -159.0000, -175.9000,  204, 0, 204
L -416.7000, -191.0000, -175.9000,  -430.9000, -191.0000, -175.9000,  204, 0, 204
L -416.7000, -159.0000, -175.9000,  -416.7000, -191.0000, -175.9000,  204, 0, 204
L -400.7000, -143.0000, -175.9000,  -400.7000, -159.0000, -175.9000,  204, 0, 204
L -368.7000, -143.0000, -175.9000,  -400.7000, -143.0000, -175.9000,  204, 0, 204
L -368.8000, -128.8000, -175.9000,  -368.7000, -143.0000, -175.9000,  204, 0, 204
L -400.7000, -128.8000, -175.9000,  -368.8000, -128.8000, -175.9000,  204, 0, 204
L -400.7000, -113.3000, -175.9000,  -400.7000, -128.8000, -175.9000,  204, 0, 204
L -400.7000, -79.1000, -160.7000,  -400.7000, -113.3000, -175.9000,  204, 0, 204
L -367.3000, -79.1000, -143.9000,  -400.7000, -79.1000, -160.7000,  204, 0, 204
L -350.9000, -95.6000, -143.9000,  -367.3000, -79.1000, -143.9000,  204, 0, 204
L -367.1000, -128.4000, -144.9000,  -351.0000, -112.3000, -144.9000,  204, 0, 204
L -367.1000, -143.5000, -144.9000,  -367.1000, -135.9000, -144.9000,  255, 255, 0
L -352.5000, -158.0000, -144.9000,  -367.1000, -143.5000, -144.9000,  204, 0, 204
L -349.0000, -158.1000, -144.9000,  -352.5000, -158.0000, -144.9000,  204, 0, 204
L -349.0000, -161.8000, -143.8000,  -349.0000, -158.1000, -144.9000,  204, 0, 204
L -350.5000, -161.8000, -143.5000,  -349.0000, -161.8000, -143.5000,  204, 0, 204
L -334.9000, -224.0000, -126.1000,  -350.5000, -161.8000, -143.5000,  204, 0, 204
L -350.9000, -258.7000, -112.0000,  -334.9000, -224.0000, -126.1000,  204, 0, 204
L -351.0000, -271.4000, -112.0000,  -350.9000, -258.7000, -112.0000,  204, 0, 204
L -319.5000, -303.0000, -112.0000,  -351.0000, -271.4000, -112.0000,  204, 0, 204
L -256.4000, -303.0000, -112.0000,  -319.5000, -303.0000, -112.0000,  204, 0, 204
L -240.8000, -271.7000, -112.0000,  -256.4000, -303.0000, -112.0000,  204, 0, 204
L -240.8000, -256.1000, -110.7000,  -240.8000, -271.7000, -112.0000,  204, 0, 204
L -224.8000, -207.8000, -95.3000,  -240.8000, -256.1000, -110.7000,  204, 0, 204
L -224.8000, -160.1000, -80.0000,  -224.8000, -207.8000, -95.3000,  204, 0, 204
L -208.6000, -127.4000, -80.0000,  -224.8000, -160.1000, -80.0000,  204, 0, 204
L -175.6000, -159.0000, -73.2000,  -208.6000, -127.4000, -80.0000,  204, 0, 204
L -128.8000, -159.0000, -65.1000,  -175.6000, -159.0000, -73.2000,  204, 0, 204
L -128.8000, -143.0000, -65.1000,  -128.8000, -159.0000, -65.1000,  204, 0, 204
L -95.6000, -143.0000, -64.0000,  -128.8000, -143.0000, -64.0000,  204, 0, 204
L -79.1000, -159.6000, -64.0000,  -95.6000, -143.0000, -64.0000,  204, 0, 204
L -79.1000, -207.0000, -64.0000,  -79.1000, -159.6000, -64.0000,  204, 0, 204
L -64.9000, -207.0000, -64.0000,  -79.1000, -207.0000, -64.0000,  204, 0, 204
L -64.9000, -160.0000, -64.0000,  -64.9000, -207.0000, -64.0000,  204, 0, 204
L -48.7000, -143.0000, -64.0000,  -64.9000, -160.0000, -64.0000,  204, 0, 204
L -62.0000, -98.9000, 0.0000,  -65.8000, -98.9000, 0.0000,  0, 0, 0
L -65.9000, -109.1000, 0.0000,  -64.0000, -109.1000, 0.0000,  0, 0, 0
L -65.9000, -96.9000, 0.0000,  -96.9000, -96.9000, 0.0000,  0, 0, 0
L -65.8000, -98.9000, 0.0000,  -65.9000, -96.9000, 0.0000,  0, 0, 0
L -65.9000, -111.1000, 0.0000,  -65.9000, -109.1000, 0.0000,  0, 0, 0
L -111.1000, -111.1000, 0.0000,  -65.9000, -111.1000, 0.0000,  0, 0, 0
L -96.9000, -80.9000, 0.0000,  -96.9000, -96.9000, 0.0000,  0, 0, 0
L -160.8000, -64.3000, 32.0000,  -144.3000, -80.9000, 33.5000,  0, 0, 0
L -160.8000, -32.5000, 32.0000,  -160.8000, -64.3000, 32.0000,  0, 0, 0
L -160.8000, -16.2000, 26.9000,  -160.8000, -32.5000, 32.0000,  0, 0, 0
L -176.8000, 16.2000, 15.9000,  -160.8000, -16.2000, 26.9000,  0, 0, 0
L -176.8000, 31.6000, 11.4000,  -176.8000, 16.2000, 15.9000,  0, 0, 0
L -208.3000, 63.1000, 2.0000,  -176.8000, 31.6000, 11.4000,  0, 0, 0
L -225.1000, 63.2000, -0.5000,  -208.3000, 63.1000, 2.0000,  0, 0, 0
L -256.2000, 79.0000, -16.0000,  -225.1000, 63.2000, -0.5000,  0, 0, 0
L -272.8000, 95.8000, -16.0000,  -256.2000, 79.0000, -16.0000,  0, 0, 0
L -272.6000, 160.6000, -48.0000,  -272.8000, 95.8000, -16.0000,  0, 0, 0
L -256.5000, 192.6000, -48.2000,  -272.6000, 160.6000, -48.0000,  0, 0, 0
L -240.8000, 208.4000, -58.2000,  -256.5000, 192.6000, -48.2000,  0, 0, 0
L -240.8000, 239.3000, -77.7000,  -240.8000, 208.4000, -58.2000,  0, 0, 0
L -272.1000, 255.0000, -86.3000,  -240.8000, 239.3000, -77.7000,  0, 0, 0
L -287.3000, 255.0000, -88.9000,  -272.1000, 255.0000, -86.3000,  0, 0, 0
L -295.7000, 238.2000, -91.9000,  -287.3000, 255.0000, -88.9000,  204, 0, 204
L -303.0000, 223.7000, -98.5000,  -295.7000, 238.2000, -91.9000,  204, 0, 204
L -303.0000, 208.4000, -105.6000,  -303.0000, 223.7000, -98.5000,  204, 0, 204
L -287.5000, 192.9000, -110.2000,  -303.0000, 208.4000, -105.6000,  204, 0, 204
L -256.3000, 192.8000, -110.2000,  -287.5000, 192.9000, -110.2000,  204, 0, 204
L -240.2000, 208.8000, -112.0000,  -256.3000, 192.8000, -110.2000,  204, 0, 204
L -207.5000, 208.8000, -110.8000,  -240.2000, 208.8000, -112.0000,  204, 0, 204
L -159.5000, 208.8000, -80.0000,  -207.5000, 208.8000, -110.8000,  204, 0, 204
L -143.6000, 192.8000, -80.0000,  -159.5000, 208.8000, -80.0000,  204, 0, 204
L -112.6000, 192.8000, -72.3000,  -143.6000, 192.8000, -80.0000,  204, 0, 204
L -95.8000, 177.1000, -64.2000,  -112.6000, 192.8000, -72.3000,  204, 0, 204
L -95.1000, 160.3000, -64.0000,  -95.8000, 177.1000, -64.2000,  204, 0, 204
L -79.5000, 144.8000, -64.0000,  -95.1000, 160.3000, -64.0000,  204, 0, 204
L -63.8000, 144.8000, -62.6000,  -79.5000, 144.8000, -64.0000,  204, 0, 204
L -32.1000, 145.3000, -48.0000,  -63.8000, 144.8000, -62.6000,  204, 0, 204
L -15.1000, 128.3000, -48.0000,  -32.1000, 145.3000, -48.0000,  204, 0, 204
L -15.1000, 113.2000, -48.0000,  -15.1000, 128.3000, -48.0000,  204, 0, 204
L -80.9000, -15.6000, -59.9000,  -96.4000, -31.1000, -63.7000,  204, 0, 204
L -80.9000, 16.4000, -49.0000,  -80.9000, -15.6000, -59.9000,  204, 0, 204
L -64.3000, 30.9000, -48.0000,  -80.9000, 16.4000, -49.0000,  204, 0, 204
L -56.4000, 30.9000, -48.0000,  -64.3000, 30.9000, -48.0000,  204, 0, 204
L -60.5000, 40.7000, -44.2000,  -56.4000, 30.9000, -48.0000,  204, 0, 204
L -53.6000, 44.8000, -45.0000,  -60.5000, 40.7000, -44.2000,  204, 0, 204
L -46.2000, 39.3000, -44.0000,  -53.6000, 44.8000, -45.0000,  204, 0, 204
L -42.4000, 44.7000, -45.0000,  -46.2000, 39.3000, -44.0000,  204, 0, 204
L -33.7000, 48.9000, -42.7000,  -42.4000, 44.7000, -45.0000,  204, 0, 204
L -21.9000, 41.0000, -39.1000,  -33.7000, 48.9000, -42.7000,  204, 0, 204
L -15.8000, 43.0000, -40.1000,  -21.9000, 41.0000, -39.1000,  204, 0, 204
L -7.1000, 36.4000, -36.0000,  -15.8000, 43.0000, -40.1000,  204, 0, 204
L -7.1000, 30.9000, -30.8000,  -7.1000, 36.4000, -36.0000,  204, 0, 204
L -7.1000, 30.9000, -30.8000,  1.1000, 30.9000, -30.8000,  204, 0, 204
L -576.4000, 271.2000, -255.9000,  -608.6000, 287.4000, -256.0000,  178, 102, 255
L -560.7000, 239.6000, -255.9000,  -576.4000, 271.2000, -255.9000,  178, 102, 255
L -560.7000, 224.2000, -255.9000,  -560.7000, 239.6000, -255.9000,  178, 102, 255
L -576.7000, 208.3000, -255.9000,  -560.7000, 224.2000, -255.9000,  178, 102, 255
L -576.7000, 192.3000, -249.7000,  -576.7000, 208.3000, -255.9000,  178, 102, 255
L -608.0000, 160.9000, -240.2000,  -576.7000, 192.3000, -249.7000,  178, 102, 255
L -623.3000, 161.2000, -240.3000,  -608.0000, 160.9000, -240.2000,  178, 102, 255
L -655.9000, 144.8000, -231.3000,  -623.3000, 161.2000, -240.3000,  178, 102, 255
L -687.4000, 144.8000, -224.0000,  -655.9000, 144.8000, -231.3000,  178, 102, 255
L -719.5000, 144.8000, -223.9000,  -687.4000, 144.8000, -224.0000,  178, 102, 255
L -750.8000, 160.5000, -223.9000,  -719.5000, 144.8000, -223.9000,  178, 102, 255
L -750.8000, 239.1000, -223.9000,  -750.8000, 160.5000, -223.9000,  178, 102, 255
L -750.8000, 270.2000, -207.7000,  -750.8000, 239.1000, -223.9000,  178, 102, 255
L -718.8000, 303.7000, -190.9000,  -750.8000, 270.2000, -207.7000,  178, 102, 255
L -718.8000, 335.7000, -176.0000,  -718.8000, 303.7000, -190.9000,  178, 102, 255
L -718.8000, 351.5000, -175.9000,  -718.8000, 335.7000, -176.0000,  204, 0, 204
L -703.4000, 366.9000, -175.9000,  -718.8000, 351.5000, -175.9000,  204, 0, 204
L -672.1000, 367.0000, -175.9000,  -703.4000, 366.9000, -175.9000,  204, 0, 204
L -656.6000, 351.5000, -175.9000,  -672.1000, 367.0000, -175.9000,  204, 0, 204
L -656.8000, 320.3000, -175.9000,  -656.6000, 351.5000, -175.9000,  204, 0, 204
L -640.8000, 303.7000, -175.9000,  -656.8000, 320.3000, -175.9000,  204, 0, 204
L -608.1000, 303.0000, -175.9000,  -640.8000, 303.7000, -175.9000,  204, 0, 204
L -592.7000, 287.5000, -175.9000,  -608.1000, 303.0000, -175.9000,  204, 0, 204
L -592.8000, 271.9000, -174.9000,  -592.7000, 287.5000, -175.9000,  204, 0, 204
L -576.7000, 255.6000, -167.3000,  -592.8000, 271.9000, -174.9000,  204, 0, 204
L -576.7000, 224.6000, -153.1000,  -576.7000, 255.6000, -167.3000,  204, 0, 204
L -559.1000, 207.3000, -143.9000,  -576.7000, 224.6000, -153.1000,  204, 0, 204
L -542.9000, 239.7000, -158.6000,  -559.1000, 207.3000, -143.9000,  204, 0, 204
L -542.9000, 255.5000, -164.7000,  -542.9000, 239.7000, -158.6000,  204, 0, 204
L -528.2000, 270.2000, -169.2000,  -542.9000, 255.5000, -164.7000,  204, 0, 204
L -495.6000, 287.0000, -175.8000,  -528.2000, 270.2000, -169.2000,  204, 0, 204
L -448.2000, 287.0000, -187.9000,  -495.6000, 287.0000, -175.8000,  204, 0, 204
L -416.8000, 255.6000, -190.6000,  -448.2000, 287.0000, -187.9000,  204, 0, 204
L -416.7000, 241.5000, -191.8000,  -416.8000, 255.6000, -190.6000,  204, 0, 204
L -400.7000, 223.4000, -183.1000,  -416.7000, 241.5000, -191.8000,  204, 0, 204
L -400.7000, 208.3000, -176.1000,  -400.7000, 223.4000, -183.1000,  204, 0, 204
L -433.1000, 175.9000, -175.9000,  -400.7000, 208.3000, -176.1000,  204, 0, 204
L -416.8000, 159.6000, -168.7000,  -433.1000, 175.9000, -173.9000,  204, 0, 204
L -416.7000, 143.7000, -162.9000,  -416.8000, 159.6000, -168.7000,  204, 0, 204
L -384.8000, 127.4000, -162.9000,  -416.7000, 143.7000, -162.9000,  204, 0, 204
L -384.7000, 111.6000, -162.9000,  -384.8000, 127.4000, -162.9000,  204, 0, 204
L -367.8000, 94.7000, -161.2000,  -384.7000, 111.6000, -162.3000,  204, 0, 204
L -351.5000, 111.0000, -159.9000,  -367.8000, 94.7000, -159.9000,  204, 0, 204
L -336.5000, 111.1000, -159.9000,  -351.5000, 111.0000, -159.9000,  204, 0, 204
L -320.4000, 79.1000, -159.9000,  -336.5000, 111.1000, -159.9000,  204, 0, 204
L -304.3000, 79.1000, -159.9000,  -320.4000, 79.1000, -159.9000,  204, 0, 204
L -289.1000, 64.0000, -159.9000,  -304.3000, 79.1000, -159.9000,  204, 0, 204
L -305.1000, 48.0000, -159.9000,  -289.1000, 64.0000, -159.9000,  204, 0, 204
L -292.0000, 34.9000, -159.9000,  -305.1000, 48.0000, -159.9000,  204, 0, 204
L -300.2000, 34.9000, -159.9000,  -292.0000, 34.9000, -159.9000,  204, 0, 204
L -300.2000, 31.1000, -159.9000,  -300.2000, 34.9000, -159.9000,  204, 0, 204
L -271.5000, 31.1000, -159.9000,  -300.2000, 31.1000, -159.9000,  204, 0, 204
L -255.0000, 47.5000, -159.9000,  -271.5000, 31.1000, -159.9000,  204, 0, 204
L -255.0000, 79.6000, -159.9000,  -255.0000, 47.5000, -159.9000,  204, 0, 204
L -240.8000, 93.8000, -159.9000,  -255.0000, 79.6000, -159.9000,  204, 0, 204
L -240.8000, 47.6000, -159.9000,  -240.8000, 93.8000, -159.9000,  204, 0, 204
L -224.3000, 31.1000, -159.9000,  -240.8000, 47.6000, -159.9000,  204, 0, 204
L -208.3000, 31.1000, -159.9000,  -224.3000, 31.1000, -159.9000,  204, 0, 204
L -191.0000, 47.4000, -159.9000,  -208.3000, 31.1000, -159.9000,  204, 0, 204
L -191.0000, 69.3000, -159.9000,  -191.0000, 47.4000, -159.9000,  204, 0, 204
L -194.7000, 66.5000, -159.9000,  -191.0000, 69.3000, -159.9000,  204, 0, 204
L -194.8000, 52.1000, -159.9000,  -194.7000, 66.5000, -159.9000,  204, 0, 204
L -206.8000, 64.1000, -159.9000,  -194.8000, 52.1000, -159.9000,  204, 0, 204
L -191.1000, 96.6000, -159.9000,  -206.8000, 64.1000, -159.9000,  204, 0, 204
L -239.8000, 113.0000, -153.3000,  -191.1000, 96.6000, -159.9000,  204, 0, 204
L -272.1000, 96.9000, -147.0000,  -239.8000, 113.0000, -153.3000,  204, 0, 204
L -303.3000, 96.9000, -138.6000,  -272.1000, 96.9000, -147.0000,  204, 0, 204
L -319.0000, 128.1000, -143.9000,  -303.3000, 96.9000, -138.6000,  204, 0, 204
L -318.9000, 143.6000, -141.3000,  -319.0000, 128.1000, -143.9000,  204, 0, 204
L -271.7000, 175.0000, -134.9000,  -318.9000, 143.6000, -141.3000,  204, 0, 204
L -176.8000, 175.0000, -112.2000,  -271.7000, 175.0000, -134.9000,  204, 0, 204
L -144.4000, 175.0000, -112.0000,  -176.8000, 175.0000, -112.2000,  204, 0, 204
L -112.9000, 143.5000, -112.0000,  -144.4000, 175.0000, -112.0000,  204, 0, 204
L -112.9000, 112.0000, -112.0000,  -112.9000, 143.5000, -112.0000,  204, 0, 204
L -112.9000, 48.2000, -86.9000,  -112.9000, 112.0000, -112.0000,  204, 0, 204
L -129.0000, -0.2000, -64.0000,  -112.9000, 48.2000, -86.9000,  204, 0, 204
L -112.0000, -17.3000, -60.3000,  -129.0000, -0.2000, -64.0000,  204, 0, 204
L -95.1000, -0.7000, -56.2000,  -95.1000, 29.7000, -48.0000,  204, 0, 204
L -95.1000, -0.7000, -56.2000,  -112.0000, -17.3000, -60.3000,  204, 0, 204
L -81.8000, 46.5000, -48.0000,  -95.1000, 29.7000, -48.0000,  204, 0, 204
L -81.1000, 53.0000, -48.0000,  -81.8000, 46.5000, -48.0000,  204, 0, 204
L -78.2000, 53.1000, -48.0000,  -81.1000, 53.0000, -48.0000,  204, 0, 204
L -61.8000, 66.6000, -43.5000,  -78.2000, 53.1000, -48.0000,  204, 0, 204
L -61.1000, 71.1000, -39.6000,  -61.8000, 66.6000, -43.5000,  204, 0, 204
L -56.2000, 71.1000, -36.8000,  -61.1000, 71.1000, -39.6000,  204, 0, 204
L -50.8000, 67.1000, -43.3000,  -56.2000, 71.1000, -36.8000,  204, 0, 204
L -45.6000, 74.9000, -41.8000,  -50.8000, 67.1000, -43.3000,  204, 0, 204
L -53.1000, 82.4000, -44.5000,  -45.6000, 74.9000, -41.8000,  204, 0, 204
L -66.1000, 78.9000, -34.3000,  -53.1000, 82.4000, -44.5000,  204, 0, 204
L -74.3000, 80.6000, -29.1000,  -66.1000, 78.9000, -34.3000,  204, 0, 204
L -65.4000, 91.2000, -38.3000,  -74.3000, 80.6000, -29.1000,  204, 0, 204
L -67.1000, 100.1000, -36.8000,  -65.4000, 91.2000, -38.3000,  204, 0, 204
L -67.1000, 113.1000, -34.0000,  -67.1000, 100.1000, -36.8000,  204, 0, 204
L -55.4000, 111.6000, -46.4000,  -67.1000, 113.1000, -34.0000,  204, 0, 204
L -15.1000, 113.2000, -46.4000,  -55.4000, 111.6000, -46.4000,  204, 0, 204
L 1.1000, 30.9000, -30.8000,  1.0000, 56.6000, -47.8000,  204, 0, 204
L 48.9000, 111.1000, -16.0000,  63.1000, 111.1000, -16.0000,  0, 0, 0
L 48.9000, 79.1000, -16.0000,  48.9000, 111.1000, -16.0000,  0, 0, 0
L 3.9000, 79.1000, -14.5000,  48.9000, 79.1000, -16.0000,  0, 0, 0
L 63.1000, 32.9000, -16.0000,  63.1000, 111.1000, -16.0000,  0, 0, 0
L 48.9000, 33.0000, -16.0000,  63.1000, 32.9000, -16.0000,  0, 0, 0
L 48.9000, 64.9000, -16.0000,  48.9000, 33.0000, -16.0000,  0, 0, 0
L 3.9000, 64.9000, -16.0000,  48.9000, 64.9000, -16.0000,  0, 0, 0
L 3.9000, 66.9000, -16.0000,  3.9000, 64.9000, -16.0000,  0, 0, 0
L 0.1000, 66.9000, -14.4000,  3.9000, 66.9000, -16.0000,  0, 0, 0
L -0.9000, 33.0000, -16.1000,  -0.9000, 56.9000, -14.9000,  0, 0, 0
L 0.1000, 64.9000, -14.4000,  -0.9000, 64.8000, -14.5000,  0, 0, 0
L 0.1000, 64.9000, -14.4000,  0.1000, 66.9000, -14.4000,  0, 0, 0
L 0.1000, 79.1000, -14.5000,  -0.9000, 79.2000, -14.5000,  0, 0, 0
L 0.1000, 79.1000, -14.5000,  0.1000, 77.1000, -14.5000,  0, 0, 0
L 3.9000, 77.1000, -14.5000,  0.1000, 77.1000, -14.5000,  0, 0, 0
L 3.9000, 79.1000, -14.5000,  3.9000, 77.1000, -14.5000,  0, 0, 0
L -23.7000, 106.3000, -14.5000,  -21.6000, 111.1000, -14.5000,  255, 255, 0
L -21.6000, 111.1000, -14.5000,  -0.9000, 111.1000, -14.5000,  0, 0, 0
L -19.4000, 100.0000, -14.5000,  -23.7000, 106.3000, -14.5000,  255, 255, 0
L -14.2000, 99.9000, -14.5000,  -19.4000, 100.0000, -14.5000,  255, 255, 0
L -9.9000, 101.9000, -14.5000,  -14.2000, 99.9000, -14.5000,  255, 255, 0
L -2.1000, 102.3000, -14.5000,  -9.9000, 101.9000, -14.5000,  255, 255, 0
L -7.0000, 100.0000, -14.5000,  -2.1000, 102.3000, -14.5000,  255, 255, 0
L -11.4000, 96.1000, -16.0000,  -7.0000, 100.0000, -14.5000,  255, 255, 0
L -9.8000, 90.0000, -14.5000,  -11.4000, 96.1000, -16.0000,  255, 255, 0
L -2.5000, 85.0000, -14.5000,  -9.8000, 90.0000, -14.5000,  255, 255, 0
L -0.9000, 84.2000, -14.5000,  -2.5000, 85.0000, -14.5000,  255, 255, 0
L -0.9000, 84.2000, -14.5000,  -0.9000, 79.2000, -14.5000,  0, 0, 0
L -0.9000, 111.1000, -14.5000,  -0.9000, 84.2000, -14.5000,  0, 0, 0
L -32.7000, 111.1000, -14.5000,  -21.6000, 111.1000, -14.5000,  0, 0, 0
L -47.1000, 115.9000, -14.5000,  -45.1000, 115.8000, -14.5000,  0, 0, 0
L -45.1000, 112.1000, -14.5000,  -45.1000, 115.8000, -14.5000,  0, 0, 0
L -47.1000, 112.1000, -14.5000,  -45.1000, 112.1000, -14.5000,  0, 0, 0
L -32.9000, 112.1000, -14.5000,  -34.9000, 112.1000, -14.5000,  0, 0, 0
L -34.9000, 115.9000, -14.5000,  -34.9000, 112.1000, -14.5000,  0, 0, 0
L -32.9000, 115.9000, -15.0000,  -34.9000, 115.9000, -14.4000,  0, 0, 0
L -32.9000, 160.8000, -15.2000,  -32.9000, 115.9000, -15.0000,  0, 0, 0
L -16.9000, 160.8000, -14.5000,  -32.9000, 160.8000, -14.5000,  0, 0, 0
L -16.9000, 175.0000, -14.5000,  -16.9000, 160.8000, -14.5000,  0, 0, 0
L -47.1000, 175.0000, -14.5000,  -16.9000, 175.0000, -14.5000,  0, 0, 0
L -47.1000, 115.9000, -14.5000,  -47.1000, 175.0000, -14.5000,  0, 0, 0
L -66.0000, 105.6000, -14.5000,  -54.9000, 111.1000, -16.0000,  255, 255, 0
L -66.0000, 99.6000, -14.5000,  -66.0000, 105.6000, -14.5000,  255, 255, 0
L -62.5000, 93.9000, -14.5000,  -66.0000, 99.6000, -14.5000,  255, 255, 0
L -64.1000, 88.1000, -14.5000,  -62.5000, 93.9000, -14.5000,  255, 255, 0
L -68.1000, 82.2000, -14.5000,  -64.1000, 88.1000, -14.5000,  255, 255, 0
L -73.6000, 79.9000, -14.5000,  -68.1000, 82.2000, -14.5000,  255, 255, 0
L -68.5000, 79.5000, -14.5000,  -73.6000, 79.9000, -14.5000,  255, 255, 0
L -61.5000, 85.8000, -14.5000,  -68.5000, 79.5000, -14.5000,  255, 255, 0
L -56.3000, 85.7000, -14.5000,  -61.5000, 85.8000, -14.5000,  255, 255, 0
L -45.8000, 75.7000, -14.5000,  -56.3000, 85.7000, -14.5000,  255, 255, 0
L -36.1000, 75.6000, -14.5000,  -45.8000, 75.7000, -14.5000,  255, 255, 0
L -34.8000, 72.3000, -14.5000,  -36.1000, 75.6000, -14.5000,  255, 255, 0
L -40.3000, 64.7000, -14.5000,  -34.8000, 72.3000, -14.5000,  255, 255, 0
L -42.4000, 64.6000, -14.5000,  -40.3000, 64.7000, -14.5000,  255, 255, 0
L -49.5000, 66.3000, -14.5000,  -42.4000, 64.6000, -14.5000,  255, 255, 0
L -55.7000, 69.9000, -14.5000,  -49.5000, 66.3000, -14.5000,  255, 255, 0
L -60.0000, 70.0000, -14.5000,  -55.7000, 69.9000, -14.5000,  255, 255, 0
L -62.0000, 64.3000, -14.5000,  -60.0000, 70.0000, -14.5000,  255, 255, 0
L -56.3000, 60.2000, -14.5000,  -62.0000, 64.3000, -14.5000,  255, 255, 0
L -7.7000, 45.3000, -14.5000,  -0.9000, 56.9000, -14.9000,  255, 255, 0
L -6.1000, 41.9000, -14.4000,  -7.7000, 45.3000, -14.5000,  255, 255, 0
L -6.4000, 34.0000, -14.3000,  -6.1000, 41.9000, -14.4000,  255, 255, 0
L -8.3000, 41.8000, -14.5000,  -6.4000, 34.0000, -14.3000,  255, 255, 0
L -14.5000, 45.3000, -14.5000,  -8.3000, 41.8000, -14.5000,  255, 255, 0
L -21.9000, 41.8000, -14.5000,  -14.5000, 45.3000, -14.5000,  255, 255, 0
L -30.6000, 49.6000, -14.5000,  -21.9000, 41.8000, -14.5000,  255, 255, 0
L -37.8000, 51.3000, -14.5000,  -30.6000, 49.6000, -14.5000,  255, 255, 0
L -45.7000, 45.3000, -14.5000,  -37.8000, 51.3000, -14.5000,  255, 255, 0
L -45.7000, 39.3000, -14.5000,  -45.7000, 45.3000, -14.5000,  255, 255, 0
L -48.5000, 43.8000, -14.5000,  -45.7000, 39.3000, -14.5000,  255, 255, 0
L -59.8000, 47.4000, -14.5000,  -48.5000, 43.8000, -14.5000,  255, 255, 0
L -67.8000, 41.7000, -14.5000,  -59.8000, 47.4000, -14.5000,  255, 255, 0
L -67.8000, 40.6000, -14.5000,  -67.8000, 41.7000, -14.5000,  255, 255, 0
L -69.3000, 32.9000, -14.5000,  -67.8000, 40.6000, -14.5000,  255, 255, 0
L -71.1000, 37.0000, -14.5000,  -69.3000, 32.9000, -14.5000,  255, 255, 0
L -70.4000, 42.4000, -14.5000,  -71.1000, 37.0000, -14.5000,  255, 255, 0
L -72.4000, 47.7000, -14.5000,  -70.4000, 42.4000, -14.5000,  255, 255, 0
L -74.5000, 50.9000, -14.5000,  -72.4000, 47.7000, -14.5000,  255, 255, 0
L -68.7000, 48.6000, -14.5000,  -74.5000, 50.9000, -14.5000,  255, 255, 0
L -66.0000, 48.8000, -14.5000,  -68.7000, 48.6000, -14.5000,  255, 255, 0
L -60.2000, 54.8000, -14.5000,  -66.0000, 48.8000, -14.5000,  255, 255, 0
L -56.3000, 60.2000, -14.5000,  -60.2000, 54.8000, -14.5000,  255, 255, 0
L -83.9000, 66.9000, -16.0000,  -79.1000, 66.9000, -16.0000,  0, 0, 0
L -83.9000, 64.9000, -16.0000,  -83.9000, 66.9000, -16.0000,  0, 0, 0
L -79.1000, 111.1000, -16.0000,  -54.9000, 111.1000, -16.0000,  0, 0, 0
L -79.1000, 77.0000, -16.0000,  -79.1000, 111.1000, -16.0000,  0, 0, 0
L -83.9000, 77.1000, -16.0000,  -79.1000, 77.0000, -16.0000,  0, 0, 0
L -83.9000, 79.1000, -16.0000,  -83.9000, 77.1000, -16.0000,  0, 0, 0
L -109.8000, 79.1000, -16.0000,  -83.9000, 79.1000, -16.0000,  0, 0, 0
L -95.6000, 64.9000, -16.0000,  -109.8000, 79.1000, -16.0000,  0, 0, 0
L -83.9000, 64.9000, -16.0000,  -95.6000, 64.9000, -16.0000,  0, 0, 0
L -79.1000, 32.9000, -13.7000,  -79.1000, 66.9000, -16.0000,  0, 0, 0
L -47.0000, 32.9000, -16.0000,  -79.1000, 32.9000, -13.7000,  0, 0, 0
L 144.8000, -259.8000, -127.9000,  146.8000, -259.8000, -127.9000,  204, 0, 204
L 159.0000, -259.8000, -127.9000,  157.0000, -259.8000, -127.9000,  204, 0, 204
L 146.8000, -255.0000, -127.9000,  128.8000, -255.0000, -127.9000,  204, 0, 204
L 146.8000, -255.0000, -127.9000,  146.8000, -259.8000, -127.9000,  204, 0, 204
L 157.0000, -255.0000, -127.9000,  157.0000, -259.8000, -127.9000,  204, 0, 204
L 157.0000, -255.0000, -127.9000,  175.0000, -255.0000, -127.9000,  204, 0, 204
L 399.5000, 31.1000, -104.0000,  415.3000, 31.1000, -104.0000,  150, 150, 150
L 389.0000, 39.5000, -104.0000,  399.5000, 31.1000, -104.0000,  150, 150, 150
L 388.9000, 56.2000, -104.0000,  389.0000, 39.5000, -104.0000,  150, 150, 150
L 399.6000, 64.9000, -104.0000,  388.9000, 56.2000, -104.0000,  150, 150, 150
L 416.0000, 64.9000, -104.0000,  399.6000, 64.9000, -104.0000,  150, 150, 150
L 426.7000, 56.2000, -104.0000,  416.0000, 64.9000, -104.0000,  150, 150, 150
L 426.9000, 40.0000, -103.8000,  426.7000, 56.2000, -104.0000,  150, 150, 150
L 415.3000, 31.1000, -103.8000,  426.9000, 40.0000, -103.8000,  150, 150, 150
L 413.0000, 54.1000, -104.8000,  413.0000, 41.8000, -104.8000,  204, 0, 204
L 403.2000, 54.1000, -104.8000,  413.0000, 54.1000, -104.8000,  204, 0, 204
L 403.2000, 41.8000, -104.8000,  403.2000, 54.1000, -104.8000,  204, 0, 204
L 413.0000, 41.8000, -104.8000,  403.2000, 41.8000, -104.8000,  204, 0, 204
L 401.2000, 35.0000, -104.8000,  414.5000, 35.0000, -104.8000,  150, 150, 150
L 414.5000, 35.0000, -104.8000,  422.9000, 41.5000, -104.8000,  150, 150, 150
L 392.8000, 41.5000, -104.8000,  401.2000, 35.0000, -104.8000,  150, 150, 150
L 392.8000, 54.5000, -104.8000,  392.8000, 41.5000, -104.8000,  150, 150, 150
L 401.2000, 61.0000, -104.8000,  392.8000, 54.5000, -104.8000,  150, 150, 150
L 414.5000, 61.0000, -104.8000,  401.2000, 61.0000, -104.8000,  150, 150, 150
L 422.9000, 54.5000, -104.8000,  414.5000, 61.0000, -104.8000,  150, 150, 150
L 422.9000, 41.5000, -104.8000,  422.9000, 54.5000, -104.8000,  150, 150, 150
L 432.8000, 15.6000, -107.8000,  432.8000, -3.0000, -103.8000,  204, 0, 204
L 448.8000, 31.9000, -111.8000,  432.8000, 15.6000, -107.8000,  204, 0, 204
L 448.8000, 64.4000, -111.8000,  448.8000, 31.9000, -111.8000,  204, 0, 204
L 431.9000, 80.9000, -111.8000,  448.8000, 64.4000, -111.8000,  204, 0, 204
L 383.3000, 80.8000, -110.1000,  431.9000, 80.9000, -111.8000,  204, 0, 204
L 366.9000, 64.3000, -111.8000,  383.3000, 80.8000, -110.1000,  204, 0, 204
L 366.8000, 31.9000, -111.8000,  366.9000, 64.3000, -111.8000,  204, 0, 204
L 382.9000, 15.6000, -107.8000,  366.8000, 31.9000, -111.8000,  204, 0, 204
L 382.9000, -3.0000, -103.8000,  382.9000, 15.6000, -107.8000,  204, 0, 204
L 386.8000, -3.0000, -103.8000,  382.9000, -3.0000, -103.8000,  204, 0, 204
L 386.8000, 17.4000, -103.8000,  386.8000, -3.0000, -103.8000,  204, 0, 204
L 370.8000, 33.4000, -103.8000,  386.8000, 17.4000, -103.8000,  204, 0, 204
L 370.8000, 62.6000, -103.8000,  370.8000, 33.4000, -103.8000,  204, 0, 204
L 385.2000, 77.0000, -103.8000,  370.8000, 62.6000, -103.8000,  204, 0, 204
L 430.4000, 77.0000, -103.8000,  385.2000, 77.0000, -103.8000,  204, 0, 204
L 444.6000, 62.8000, -103.8000,  430.4000, 77.0000, -103.8000,  204, 0, 204
L 444.8000, 33.5000, -103.8000,  444.6000, 62.8000, -103.8000,  204, 0, 204
L 428.8000, 17.4000, -103.8000,  444.8000, 33.5000, -103.8000,  204, 0, 204
L 428.8000, -3.0000, -103.8000,  428.8000, 17.4000, -103.8000,  204, 0, 204
L 432.8000, -3.0000, -103.8000,  428.8000, -3.0000, -103.8000,  204, 0, 204
L 425.2000, -27.0000, -103.8000,  422.9000, -27.0000, -103.8000,  204, 0, 204
L 425.2000, -17.5000, -103.8000,  425.2000, -27.0000, -103.8000,  204, 0, 204
L 430.8000, -17.5000, -103.8000,  425.2000, -17.5000, -103.8000,  204, 0, 204
L 430.9000, -15.0000, -103.8000,  430.8000, -17.5000, -103.8000,  204, 0, 204
L 448.8000, -15.0000, -103.8000,  430.9000, -15.0000, -103.8000,  204, 0, 204
L 448.8000, -25.0000, -103.8000,  448.8000, -15.0000, -103.8000,  204, 0, 204
L 454.8000, -25.0000, -103.8000,  448.8000, -25.0000, -103.8000,  204, 0, 204
L 454.8000, -31.0000, -103.8000,  454.8000, -25.0000, -103.8000,  204, 0, 204
L 464.8000, -31.0000, -103.8000,  454.8000, -31.0000, -103.8000,  204, 0, 204
L 464.8000, -48.9000, -103.8000,  464.8000, -31.0000, -103.8000,  204, 0, 204
L 454.8000, -48.9000, -103.8000,  464.8000, -48.9000, -103.8000,  204, 0, 204
L 454.8000, -63.0000, -103.8000,  454.8000, -48.9000, -103.8000,  204, 0, 204
L 464.8000, -63.0000, -103.8000,  454.8000, -63.0000, -103.8000,  204, 0, 204
L 464.8000, -80.9000, -103.8000,  464.8000, -63.0000, -103.8000,  204, 0, 204
L 454.8000, -80.9000, -103.8000,  464.8000, -80.9000, -103.8000,  204, 0, 204
L 454.8000, -95.0000, -103.8000,  454.8000, -80.9000, -103.8000,  204, 0, 204
L 464.8000, -95.0000, -103.8000,  454.8000, -95.0000, -103.8000,  204, 0, 204
L 464.8000, -112.9000, -103.8000,  464.8000, -95.0000, -103.8000,  204, 0, 204
L 454.8000, -112.9000, -103.8000,  464.8000, -112.9000, -103.8000,  204, 0, 204
L 454.8000, -127.0000, -103.8000,  454.8000, -112.9000, -103.8000,  204, 0, 204
L 464.8000, -127.0000, -103.8000,  454.8000, -127.0000, -103.8000,  204, 0, 204
L 464.8000, -144.9000, -103.8000,  464.8000, -127.0000, -103.8000,  204, 0, 204
L 448.8000, -150.9000, -103.8000,  454.8000, -150.9000, -103.8000,  204, 0, 204
L 454.8000, -144.9000, -103.8000,  464.8000, -144.9000, -103.8000,  204, 0, 204
L 454.8000, -150.9000, -103.8000,  454.8000, -144.9000, -103.8000,  204, 0, 204
L 448.8000, -160.9000, -103.8000,  448.8000, -150.9000, -103.8000,  204, 0, 204
L 430.8000, -160.9000, -103.8000,  448.8000, -160.9000, -103.8000,  204, 0, 204
L 430.8000, -150.9000, -103.8000,  430.8000, -160.9000, -103.8000,  204, 0, 204
L 420.8000, -150.9000, -103.8000,  430.8000, -150.9000, -103.8000,  204, 0, 204
L 420.8000, -154.9000, -103.8000,  420.8000, -150.9000, -103.8000,  204, 0, 204
L 414.9000, -154.9000, -103.8000,  420.8000, -154.9000, -103.8000,  204, 0, 204
L 380.9000, -194.9000, -111.8000,  380.9000, -176.9000, -111.8000,  204, 0, 204
L 380.9000, -194.9000, -111.8000,  384.8000, -194.9000, -111.8000,  204, 0, 204
L 384.8000, -173.0000, -103.8000,  384.8000, -194.9000, -111.8000,  204, 0, 204
L 336.8000, -173.0000, -103.8000,  384.8000, -173.0000, -103.8000,  204, 0, 204
L 336.8000, -127.5000, -103.8000,  336.8000, -173.0000, -103.8000,  204, 0, 204
L 360.9000, -113.6000, -103.8000,  336.8000, -127.5000, -103.8000,  204, 0, 204
L 360.9000, -127.0000, -103.8000,  360.9000, -113.6000, -103.8000,  204, 0, 204
L 350.9000, -127.0000, -103.8000,  360.9000, -127.0000, -103.8000,  204, 0, 204
L 350.9000, -144.9000, -103.8000,  350.9000, -127.0000, -103.8000,  204, 0, 204
L 360.9000, -144.9000, -103.8000,  350.9000, -144.9000, -103.8000,  204, 0, 204
L 360.9000, -150.9000, -103.8000,  360.9000, -144.9000, -103.8000,  204, 0, 204
L 366.9000, -150.9000, -103.8000,  360.9000, -150.9000, -103.8000,  204, 0, 204
L 366.9000, -160.9000, -103.8000,  366.9000, -150.9000, -103.8000,  204, 0, 204
L 384.8000, -160.9000, -103.8000,  366.9000, -160.9000, -103.8000,  204, 0, 204
L 384.8000, -150.9000, -103.8000,  384.8000, -160.9000, -103.8000,  204, 0, 204
L 394.9000, -150.9000, -103.8000,  384.8000, -150.9000, -103.8000,  204, 0, 204
L 394.9000, -154.9000, -103.8000,  394.9000, -150.9000, -103.8000,  204, 0, 204
L 400.8000, -154.9000, -103.8000,  394.9000, -154.9000, -103.8000,  204, 0, 204
L 400.8000, -152.9000, -103.8000,  402.8000, -152.9000, -103.8000,  204, 0, 204
L 380.8000, -74.6000, -77.8000,  368.8000, -74.7000, -77.8000,  150, 150, 150
L 368.8000, -74.7000, -77.8000,  368.8000, -75.8000, -77.8000,  205, 102, 255
L 368.8000, -77.8000, -78.8000,  380.9000, -77.9000, -78.8000,  150, 150, 150
L 380.9000, -81.0000, -80.8000,  368.8000, -80.9000, -80.8000,  150, 150, 150
L 368.8000, -84.1000, -81.9000,  380.9000, -84.2000, -82.8000,  150, 150, 150
L 380.9000, -87.2000, -83.8000,  368.8000, -87.1000, -83.8000,  150, 150, 150
L 368.8000, -89.7000, -84.8000,  380.9000, -89.8000, -84.8000,  150, 150, 150
L 368.9000, -92.5000, -86.8000,  380.9000, -92.5000, -86.8000,  150, 150, 150
L 380.9000, -96.0000, -87.8000,  368.8000, -96.1000, -87.8000,  150, 150, 150
L 368.8000, -99.1000, -89.8000,  380.9000, -99.1000, -89.8000,  150, 150, 150
L 380.9000, -101.4000, -90.8000,  368.8000, -101.4000, -90.8000,  150, 150, 150
L 368.8000, -104.0000, -91.8000,  380.9000, -103.9000, -91.8000,  150, 150, 150
L 380.9000, -107.1000, -93.8000,  368.8000, -107.0000, -93.8000,  150, 150, 150
L 368.8000, -108.8000, -94.8000,  380.9000, -108.9000, -94.8000,  150, 150, 150
L 380.8000, -111.7000, -95.8000,  368.8000, -111.6000, -95.8000,  150, 150, 150
L 368.8000, -113.5000, -96.8000,  380.9000, -113.6000, -96.8000,  150, 150, 150
L 380.9000, -115.9000, -97.8000,  368.8000, -115.8000, -97.8000,  150, 150, 150
L 368.8000, -117.8000, -98.8000,  380.9000, -117.8000, -98.8000,  150, 150, 150
L 368.8000, -121.1000, -100.8000,  380.9000, -121.2000, -100.8000,  150, 150, 150
L 368.8000, -124.1000, -101.9000,  380.9000, -124.0000, -101.8000,  150, 150, 150
L 380.9000, -126.5000, -103.8000,  368.8000, -126.4000, -103.8000,  150, 150, 150
L 400.8000, -147.0000, -103.8000,  400.8000, -143.0000, -103.8000,  204, 0, 204
L 402.8000, -147.0000, -103.8000,  400.8000, -147.0000, -103.8000,  204, 0, 204
L 402.8000, -152.9000, -103.8000,  402.8000, -147.0000, -103.8000,  204, 0, 204
L 400.8000, -154.9000, -103.8000,  400.8000, -152.9000, -103.8000,  204, 0, 204
L 414.9000, -152.9000, -103.8000,  414.9000, -154.9000, -103.8000,  204, 0, 204
L 412.9000, -152.9000, -103.8000,  414.9000, -152.9000, -103.8000,  204, 0, 204
L 412.9000, -147.0000, -103.8000,  412.9000, -152.9000, -103.8000,  204, 0, 204
L 414.9000, -147.0000, -103.8000,  412.9000, -147.0000, -103.8000,  204, 0, 204
L 414.9000, -143.0000, -103.8000,  414.9000, -147.0000, -103.8000,  204, 0, 204
L 446.8000, -143.0000, -103.8000,  414.9000, -143.0000, -103.8000,  204, 0, 204
L 446.8000, -49.0000, -103.8000,  446.8000, -143.0000, -103.8000,  204, 0, 204
L 368.8000, -143.0000, -103.8000,  400.8000, -143.0000, -103.8000,  204, 0, 204
L 368.8000, -130.9000, -103.8000,  368.8000, -143.0000, -103.8000,  204, 0, 204
L 368.8000, -75.8000, -77.8000,  368.8000, -130.9000, -103.8000,  205, 102, 255
L 368.8000, -48.9000, -77.8000,  368.8000, -74.7000, -77.8000,  205, 102, 255
L 446.8000, -48.9000, -77.8000,  368.8000, -48.9000, -77.8000,  205, 102, 255
L 446.8000, -143.0000, -77.8000,  446.8000, -48.9000, -77.8000,  205, 102, 255
L 368.8000, -143.0000, -77.8000,  446.8000, -143.0000, -77.8000,  205, 102, 255
L 368.8000, -130.9000, -77.8000,  368.8000, -143.0000, -77.8000,  205, 102, 255
L 434.8000, -130.9000, -77.8000,  368.8000, -130.9000, -77.8000,  205, 102, 255
L 434.8000, -63.0000, -77.8000,  434.8000, -130.9000, -77.8000,  205, 102, 255
L 380.9000, -63.0000, -77.8000,  434.8000, -63.0000, -77.8000,  150, 150, 150
L 380.9000, -75.4000, -77.8000,  380.9000, -63.0000, -77.8000,  205, 102, 255
L 380.9000, -130.9000, -103.8000,  380.9000, -75.4000, -77.8000,  205, 102, 255
L 434.8000, -130.9000, -103.8000,  380.9000, -130.9000, -103.8000,  204, 0, 204
L 434.8000, -123.0000, -103.8000,  434.8000, -130.9000, -103.8000,  204, 0, 204
L 430.8000, -123.0000, -103.8000,  434.8000, -123.0000, -103.8000,  204, 0, 204
L 430.8000, -127.0000, -103.8000,  430.8000, -123.0000, -103.8000,  204, 0, 204
L 384.8000, -127.0000, -103.8000,  430.8000, -127.0000, -103.8000,  204, 0, 204
L 384.8000, -66.9000, -103.8000,  384.8000, -127.0000, -103.8000,  204, 0, 204
L 430.8000, -66.9000, -103.8000,  384.8000, -66.9000, -103.8000,  204, 0, 204
L 430.8000, -70.9000, -103.8000,  430.8000, -66.9000, -103.8000,  204, 0, 204
L 434.8000, -70.9000, -103.8000,  430.8000, -70.9000, -103.8000,  204, 0, 204
L 434.8000, -63.0000, -103.8000,  434.8000, -70.9000, -103.8000,  204, 0, 204
L 368.8000, -63.0000, -103.8000,  434.8000, -63.0000, -103.8000,  204, 0, 204
L 368.8000, -49.0000, -103.8000,  368.8000, -63.0000, -103.8000,  204, 0, 204
L 384.8000, -17.5000, -103.8000,  384.8000, -15.0000, -103.8000,  204, 0, 204
L 384.9000, -17.5000, -103.8000,  390.5000, -17.5000, -103.8000,  204, 0, 204
L 366.9000, -15.0000, -103.8000,  384.8000, -15.0000, -103.8000,  204, 0, 204
L 366.9000, -25.0000, -103.8000,  366.9000, -15.0000, -103.8000,  204, 0, 204
L 360.9000, -25.0000, -103.8000,  366.9000, -25.0000, -103.8000,  204, 0, 204
L 360.9000, -31.0000, -103.8000,  360.9000, -25.0000, -103.8000,  204, 0, 204
L 350.9000, -31.0000, -103.8000,  360.9000, -31.0000, -103.8000,  204, 0, 204
L 350.9000, -48.9000, -103.8000,  350.9000, -31.0000, -103.8000,  204, 0, 204
L 360.9000, -48.9000, -103.8000,  350.9000, -48.9000, -103.8000,  204, 0, 204
L 360.9000, -63.0000, -103.8000,  360.9000, -48.9000, -103.8000,  204, 0, 204
L 350.9000, -63.0000, -103.8000,  360.9000, -63.0000, -103.8000,  204, 0, 204
L 350.9000, -75.9000, -103.8000,  350.9000, -63.0000, -103.8000,  204, 0, 204
L 336.8000, 35.0000, -109.9000,  336.8000, -72.1000, -103.8000,  204, 0, 204
L 332.9000, 34.9000, -111.8000,  336.8000, 35.0000, -109.9000,  204, 0, 204
L 332.9000, -71.0000, -111.8000,  332.9000, 34.9000, -111.8000,  204, 0, 204
L 304.6000, -63.2000, -111.8000,  332.9000, -71.0000, -111.8000,  204, 0, 204
L 289.2000, -48.0000, -111.8000,  304.6000, -63.2000, -111.8000,  204, 0, 204
L 304.8000, -32.0000, -111.8000,  289.2000, -48.0000, -111.8000,  204, 0, 204
L 304.8000, -16.3000, -111.8000,  304.8000, -32.0000, -111.8000,  204, 0, 204
L 321.0000, 16.2000, -111.8000,  304.8000, -16.3000, -111.8000,  204, 0, 204
L 304.9000, 32.3000, -111.8000,  321.0000, 16.2000, -111.8000,  204, 0, 204
L 304.8000, 45.7000, -111.8000,  304.9000, 32.3000, -111.8000,  204, 0, 204
L 337.2000, 80.0000, -111.8000,  304.8000, 45.7000, -111.8000,  204, 0, 204
L 320.3000, 96.9000, -107.9000,  337.2000, 80.0000, -111.8000,  204, 0, 204
L 207.7000, 96.9000, -111.8000,  320.3000, 96.9000, -108.2000,  204, 0, 204
L 175.1000, 79.4000, -111.8000,  207.7000, 96.9000, -111.8000,  0, 0, 0
L 192.1000, 63.0000, -107.9000,  175.1000, 79.4000, -111.8000,  0, 0, 0
L 222.9000, 63.0000, -96.2000,  192.1000, 63.0000, -107.9000,  0, 0, 0
L 239.5000, 63.0000, -94.1000,  222.9000, 63.0000, -96.2000,  0, 0, 0
L 270.9000, 31.7000, -80.2000,  239.5000, 63.0000, -94.1000,  0, 0, 0
L 270.9000, 16.1000, -78.6000,  270.9000, 31.7000, -80.2000,  0, 0, 0
L 270.9000, -31.7000, -48.0000,  270.9000, 16.1000, -78.6000,  0, 0, 0
L 255.3000, -63.0000, -47.8000,  270.9000, -31.7000, -48.0000,  0, 0, 0
L 223.7000, -62.8000, -42.7000,  255.3000, -63.0000, -47.8000,  0, 0, 0
L 190.6000, -96.0000, -29.0000,  223.7000, -62.8000, -42.7000,  0, 0, 0
L 176.8000, -96.4000, -31.8000,  144.9000, -112.6000, -29.0000,  0, 0, 0
L 176.9000, -80.4000, -36.6000,  176.8000, -96.4000, -31.8000,  0, 0, 0
L 208.3000, -48.9000, -46.1000,  176.9000, -80.4000, -36.6000,  0, 0, 0
L 240.1000, -49.0000, -47.8000,  208.3000, -48.9000, -46.1000,  0, 0, 0
L 256.6000, -32.7000, -47.5000,  240.1000, -49.0000, -47.8000,  0, 0, 0
L 256.9000, 16.4000, -76.3000,  256.6000, -32.7000, -47.5000,  0, 0, 0
L 223.8000, 48.9000, -89.9000,  256.9000, 16.4000, -76.3000,  0, 0, 0
L 191.6000, 48.9000, -111.8000,  223.8000, 48.9000, -89.9000,  0, 0, 0
L 176.3000, 48.9000, -111.8000,  191.6000, 48.9000, -111.8000,  0, 0, 0
L 160.9000, 64.3000, -111.8000,  176.3000, 48.9000, -111.8000,  0, 0, 0
L 160.9000, 79.9000, -109.0000,  160.9000, 64.3000, -111.8000,  0, 0, 0
L 144.9000, 96.4000, -111.8000,  160.9000, 79.9000, -109.0000,  0, 0, 0
L 144.9000, 111.3000, -108.7000,  144.9000, 96.4000, -111.8000,  0, 0, 0
L 176.0000, 126.9000, -111.8000,  144.9000, 111.3000, -108.7000,  0, 0, 0
L 191.5000, 127.0000, -111.8000,  176.0000, 126.9000, -111.8000,  0, 0, 0
L 208.2000, 110.8000, -111.8000,  191.5000, 127.0000, -111.8000,  0, 0, 0
L 336.3000, 111.0000, -111.8000,  208.2000, 110.8000, -111.8000,  204, 0, 204
L 352.3000, 127.0000, -111.8000,  336.3000, 111.0000, -111.8000,  204, 0, 204
L 367.4000, 127.0000, -111.8000,  352.3000, 127.0000, -111.8000,  204, 0, 204
L 400.1000, 95.0000, -111.8000,  367.4000, 127.0000, -111.8000,  204, 0, 204
L 416.1000, 95.0000, -111.8000,  400.1000, 95.0000, -111.8000,  204, 0, 204
L 432.2000, 111.0000, -111.8000,  416.1000, 95.0000, -111.8000,  204, 0, 204
L 463.4000, 111.0000, -109.8000,  432.2000, 111.0000, -111.8000,  204, 0, 204
L 510.8000, 63.6000, -111.8000,  463.4000, 111.0000, -109.8000,  204, 0, 204
L 510.8000, 48.3000, -111.8000,  510.8000, 63.6000, -111.8000,  204, 0, 204
L 494.9000, 32.5000, -111.8000,  510.8000, 48.3000, -111.8000,  204, 0, 204
L 495.1000, -0.6000, -111.8000,  494.9000, 32.5000, -111.8000,  204, 0, 204
L 511.1000, -16.7000, -111.8000,  495.1000, -0.6000, -111.8000,  204, 0, 204
L 527.2000, -17.0000, -108.2000,  511.1000, -16.7000, -111.8000,  204, 0, 204
L 542.8000, -48.1000, -111.8000,  527.2000, -17.0000, -108.2000,  204, 0, 204
L 542.8000, -63.6000, -108.3000,  542.8000, -48.1000, -111.8000,  204, 0, 204
L 511.1000, -95.1000, -111.8000,  542.8000, -63.6000, -108.3000,  204, 0, 204
L 510.8000, -127.5000, -111.8000,  511.1000, -95.1000, -111.8000,  204, 0, 204
L 494.8000, -143.5000, -111.8000,  510.8000, -127.5000, -111.8000,  204, 0, 204
L 494.8000, -160.3000, -111.8000,  494.8000, -143.5000, -111.8000,  204, 0, 204
L 511.7000, -176.9000, -111.8000,  494.8000, -160.3000, -111.8000,  204, 0, 204
L 527.8000, -176.9000, -111.8000,  511.7000, -176.9000, -111.8000,  204, 0, 204
L 526.8000, -176.9000, -111.8000,  527.8000, -176.9000, -111.8000,  204, 0, 204
L 560.7000, -160.4000, -111.8000,  526.8000, -176.9000, -111.8000,  204, 0, 204
L 560.8000, -128.1000, -111.8000,  560.7000, -160.4000, -111.8000,  204, 0, 204
L 576.6000, -96.5000, -111.8000,  560.8000, -128.1000, -111.8000,  204, 0, 204
L 623.5000, -81.1000, -111.8000,  592.1000, -80.9000, -111.8000,  204, 0, 204
L 592.2000, -80.9000, -111.8000,  576.6000, -96.5000, -111.8000,  204, 0, 204
L 639.9000, -97.2000, -111.8000,  623.4000, -81.0000, -111.8000,  204, 0, 204
L 656.7000, -80.1000, -111.8000,  639.9000, -97.2000, -111.8000,  204, 0, 204
L 656.7000, -47.6000, -111.8000,  656.7000, -80.1000, -111.8000,  204, 0, 204
L 640.1000, -31.0000, -111.8000,  656.7000, -47.6000, -111.8000,  204, 0, 204
L 628.0000, -31.0000, -111.8000,  640.1000, -31.0000, -111.8000,  204, 0, 204
L 608.2000, -31.0000, -111.8000,  628.0000, -31.0000, -111.8000,  204, 0, 204
L 592.7000, -15.5000, -111.8000,  608.2000, -31.0000, -111.8000,  204, 0, 204
L 592.7000, 8.3000, -105.7000,  592.7000, -15.5000, -111.8000,  204, 0, 204
L 595.1000, 7.6000, -105.2000,  592.7000, 8.3000, -105.7000,  204, 0, 204
L 598.3000, 8.5000, -103.6000,  595.1000, 7.6000, -105.2000,  204, 0, 204
L 602.0000, 6.6000, -104.4000,  598.3000, 8.5000, -103.7000,  204, 0, 204
L 606.8000, 6.1000, -104.9000,  602.0000, 6.6000, -104.4000,  204, 0, 204
L 606.8000, -0.2000, -109.5000,  606.8000, 6.1000, -104.9000,  204, 0, 204
L 623.3000, -17.0000, -111.8000,  606.8000, -0.2000, -109.5000,  204, 0, 204
L 655.3000, -17.0000, -111.8000,  623.3000, -17.0000, -111.8000,  204, 0, 204
L 686.7000, -48.4000, -111.8000,  655.3000, -17.0000, -111.8000,  204, 0, 204
L 686.7000, -63.6000, -111.8000,  686.7000, -48.4000, -111.8000,  204, 0, 204
L 670.7000, -79.6000, -111.8000,  686.7000, -63.6000, -111.8000,  204, 0, 204
L 670.8000, -112.4000, -111.8000,  670.7000, -79.6000, -111.8000,  204, 0, 204
L 686.7000, -144.1000, -111.8000,  670.8000, -112.4000, -111.8000,  204, 0, 204
L 686.8000, -159.5000, -111.8000,  686.7000, -144.1000, -111.8000,  204, 0, 204
L 670.8000, -191.7000, -111.8000,  686.8000, -159.5000, -111.8000,  204, 0, 204
L 670.8000, -207.5000, -111.8000,  670.8000, -191.7000, -111.8000,  204, 0, 204
L 655.4000, -222.9000, -111.8000,  670.8000, -207.5000, -111.8000,  204, 0, 204
L 640.1000, -222.9000, -111.8000,  655.4000, -222.9000, -111.8000,  204, 0, 204
L 624.4000, -206.9000, -111.8000,  640.1000, -222.9000, -111.8000,  204, 0, 204
L 607.4000, -206.9000, -111.8000,  624.4000, -206.9000, -111.8000,  204, 0, 204
L 591.3000, -222.9000, -111.8000,  607.4000, -206.9000, -111.8000,  204, 0, 204
L 560.1000, -222.9000, -111.8000,  591.3000, -222.9000, -111.8000,  204, 0, 204
L 527.9000, -191.0000, -111.8000,  560.1000, -222.9000, -111.8000,  204, 0, 204
L 496.2000, -191.0000, -111.8000,  527.9000, -191.0000, -111.8000,  204, 0, 204
L 482.1000, -176.9000, -107.5000,  496.2000, -191.0000, -111.8000,  204, 0, 204
L 482.8000, 35.0000, -111.3000,  482.8000, -176.9000, -109.9000,  204, 0, 204
L 478.8000, 35.0000, -111.8000,  482.8000, 35.0000, -111.3000,  204, 0, 204
L 478.8000, -0.2000, -103.8000,  478.8000, 35.0000, -111.8000,  204, 0, 204
L 478.8000, -173.0000, -103.8000,  478.8000, -0.2000, -103.8000,  204, 0, 204
L 430.8000, -173.0000, -103.8000,  478.8000, -173.0000, -103.8000,  204, 0, 204
L 430.8000, -194.9000, -109.4000,  430.8000, -173.0000, -103.8000,  204, 0, 204
L 434.8000, -194.9000, -109.1000,  430.8000, -194.9000, -109.4000,  204, 0, 204
L 434.8000, -176.9000, -111.8000,  434.8000, -194.9000, -109.1000,  204, 0, 204
L 482.8000, -176.9000, -109.9000,  434.8000, -176.9000, -111.8000,  204, 0, 204
L 462.8000, -191.7000, -111.8000,  477.5000, -176.9000, -109.9000,  204, 0, 204
L 462.8000, -207.5000, -111.8000,  462.8000, -191.7000, -111.8000,  204, 0, 204
L 447.2000, -223.1000, -111.8000,  462.8000, -207.5000, -111.8000,  204, 0, 204
L 415.6000, -238.9000, -111.8000,  447.2000, -223.1000, -111.8000,  204, 0, 204
L 400.2000, -238.9000, -111.8000,  415.6000, -238.9000, -111.8000,  204, 0, 204
L 384.0000, -222.7000, -111.8000,  400.2000, -238.9000, -111.8000,  204, 0, 204
L 367.5000, -238.9000, -111.8000,  384.0000, -222.7000, -111.8000,  204, 0, 204
L 175.0000, -208.9000, -127.8000,  178.2000, -208.9000, -126.8000,  204, 0, 204
L 127.9000, -194.9000, -127.8000,  127.9000, -192.9000, -127.8000,  204, 0, 204
L 48.9000, -192.9000, -127.8000,  64.3000, -192.9000, -127.8000,  204, 0, 204
L 124.0000, -192.9000, -127.8000,  124.0000, -194.9000, -127.8000,  204, 0, 204
L 124.0000, -194.9000, -127.8000,  125.8000, -194.9000, -127.8000,  204, 0, 204
L 175.0000, -222.9000, -127.8000,  181.5000, -222.9000, -125.8000,  204, 0, 204
L 128.9000, -204.9000, -127.8000,  128.9000, -254.9000, -127.8000,  204, 0, 204
L 124.0000, -204.9000, -127.8000,  128.9000, -204.9000, -127.8000,  204, 0, 204
L 124.0000, -206.9000, -127.8000,  124.0000, -204.9000, -127.8000,  204, 0, 204
L 48.9000, -206.9000, -127.8000,  64.3000, -206.9000, -127.8000,  204, 0, 204
L 48.9000, -192.9000, -127.8000,  48.9000, -206.9000, -127.8000,  204, 0, 204
L -17.0000, -48.4000, 0.2000,  -32.8000, -32.6000, 0.2000,  0, 0, 0
L -17.0000, -63.6000, 0.2000,  -17.0000, -48.4000, 0.2000,  0, 0, 0
L -160.4000, -222.9000, 64.1000,  -143.0000, -206.9000, 65.5000,  0, 0, 0
L -175.5000, -222.9000, 64.1000,  -160.4000, -222.9000, 64.1000,  0, 0, 0
L -190.9000, -207.5000, 64.1000,  -175.5000, -222.9000, 64.1000,  0, 0, 0
L -191.0000, -192.4000, 64.1000,  -190.9000, -207.5000, 64.1000,  0, 0, 0
L -175.0000, -176.3000, 64.1000,  -191.0000, -192.4000, 64.1000,  0, 0, 0
L -175.0000, -111.4000, 33.3000,  -175.0000, -176.3000, 63.9000,  0, 0, 0
L -191.0000, -95.5000, 32.2000,  -175.0000, -111.4000, 32.2000,  0, 0, 0
L -190.9000, -80.3000, 32.2000,  -191.0000, -95.5000, 32.2000,  0, 0, 0
L -175.0000, -64.4000, 32.2000,  -190.9000, -80.3000, 32.2000,  0, 0, 0
L -175.0000, -31.0000, 32.2000,  -175.0000, -64.4000, 32.2000,  0, 0, 0
L -191.0000, -31.0000, 31.9000,  -175.0000, -31.0000, 31.9000,  0, 0, 0
L -191.0000, 16.3000, 16.1000,  -191.0000, -31.0000, 31.9000,  0, 0, 0
L -224.9000, 48.9000, -0.3000,  -191.0000, 16.3000, 16.1000,  0, 0, 0
L -256.0000, 48.9000, -14.1000,  -224.9000, 48.9000, -0.3000,  0, 0, 0
L -271.3000, 48.9000, -15.8000,  -256.0000, 48.9000, -14.1000,  0, 0, 0
L -286.9000, 80.2000, -15.8000,  -271.3000, 48.9000, -15.8000,  0, 0, 0
L -286.9000, 95.9000, -15.8000,  -286.9000, 80.2000, -15.8000,  0, 0, 0
L -286.9000, 160.7000, -47.8000,  -286.9000, 95.9000, -15.8000,  0, 0, 0
L -286.9000, 192.3000, -47.8000,  -286.9000, 160.7000, -47.8000,  0, 0, 0
L -288.4000, 193.8000, -48.4000,  -286.9000, 192.3000, -48.0000,  0, 0, 0
L -281.7000, 201.8000, -51.1000,  -288.4000, 193.8000, -48.4000,  0, 0, 0
L -266.0000, 203.6000, -51.6000,  -281.7000, 201.8000, -51.1000,  0, 0, 0
L -260.9000, 204.1000, -55.4000,  -266.0000, 203.6000, -51.6000,  0, 0, 0
L -249.4000, 216.6000, -64.2000,  -260.9000, 204.1000, -55.4000,  0, 0, 0
L -253.6000, 227.9000, -70.8000,  -249.4000, 216.6000, -64.2000,  0, 0, 0
L -253.7000, 238.2000, -79.9000,  -253.6000, 227.9000, -70.8000,  0, 0, 0
L -260.5000, 238.2000, -80.4000,  -253.7000, 238.2000, -79.9000,  0, 0, 0
L -274.8000, 245.8000, -86.9000,  -260.5000, 238.2000, -80.4000,  0, 0, 0
L -287.3000, 254.9000, -111.8000,  -287.3000, 255.0000, -88.9000,  204, 0, 204
L -273.0000, 254.9000, -111.8000,  -287.3000, 254.9000, -111.8000,  204, 0, 204
L -208.1000, 222.9000, -111.0000,  -273.0000, 254.9000, -111.8000,  204, 0, 204
L -160.6000, 222.9000, -79.9000,  -208.1000, 222.9000, -111.0000,  204, 0, 204
L -143.6000, 238.9000, -79.8000,  -160.6000, 222.9000, -79.9000,  204, 0, 204
L -96.4000, 238.9000, -78.6000,  -143.6000, 238.9000, -79.8000,  204, 0, 204
L -81.0000, 223.6000, -75.0000,  -96.4000, 238.9000, -78.6000,  204, 0, 204
L -80.9000, 175.5000, -64.6000,  -81.0000, 223.6000, -75.0000,  204, 0, 204
L -64.4000, 159.0000, -62.0000,  -80.9000, 175.5000, -64.6000,  204, 0, 204
L -33.0000, 159.0000, -48.2000,  -64.4000, 159.0000, -62.0000,  204, 0, 204
L -16.2000, 159.0000, -47.8000,  -33.0000, 159.0000, -48.2000,  204, 0, 204
L 15.0000, 143.3000, -47.8000,  -16.2000, 159.0000, -47.8000,  204, 0, 204
L 14.8000, 114.1000, -47.8000,  15.0000, 143.3000, -47.8000,  204, 0, 204
L 1.0000, 96.2000, -47.8000,  14.8000, 114.1000, -47.8000,  204, 0, 204
L 1.0000, 56.6000, -47.8000,  1.0000, 96.2000, -47.8000,  204, 0, 204
L -33.0000, 33.0000, -15.8000,  -0.9000, 33.0000, -15.8000,  0, 0, 0
L -33.0000, 15.6000, -12.5000,  -33.0000, 33.0000, -15.8000,  0, 0, 0
L -33.0000, -15.3000, -0.2000,  -33.0000, 15.6000, -12.5000,  0, 0, 0
L -33.0000, -32.1000, 0.2000,  -33.0000, -15.3000, -0.2000,  0, 0, 0
L -47.0000, 16.8000, -13.7000,  -47.0000, 32.9000, -15.8000,  0, 0, 0
L -47.0000, -13.7000, 0.9000,  -47.0000, 16.8000, -13.7000,  0, 0, 0
L -47.0000, -32.4000, 0.2000,  -47.0000, -13.7000, 0.9000,  0, 0, 0
L -63.6000, -48.9000, 0.2000,  -47.0000, -32.4000, 0.2000,  0, 0, 0
L -89.1000, -48.9000, 0.2000,  -63.6000, -48.9000, 0.2000,  0, 0, 0
L -90.7000, -49.2000, 2.1000,  -89.1000, -48.9000, 0.2000,  0, 0, 0
L -92.1000, -56.6000, 0.2000,  -90.7000, -49.2000, 2.1000,  0, 0, 0
L -87.9000, -62.9000, 0.2000,  -92.1000, -56.6000, 0.2000,  0, 0, 0
L -87.9000, -62.9000, 0.2000,  -88.0000, -62.9000, 0.2000,  0, 0, 0
L -63.5000, -63.0000, 0.2000,  -87.9000, -62.9000, 0.2000,  0, 0, 0
L -62.0000, -98.9000, 0.2000,  -62.0000, -97.0000, 0.2000,  0, 0, 0
L -62.0000, -111.0000, 0.2000,  -62.0000, -109.1000, 0.2000,  0, 0, 0
L 45.0000, -174.0000, 0.2000,  47.0000, -174.0000, 0.2000,  0, 0, 0
L 45.0000, -174.0000, 0.2000,  45.0000, -175.9000, 0.2000,  0, 0, 0
L 45.0000, -177.9000, 0.2000,  47.0000, -177.9000, 0.2000,  0, 0, 0
L -47.0000, -176.4000, 49.1000,  -63.6000, -192.9000, 48.1000,  0, 0, 0
L -33.0000, -319.7000, 48.1000,  -33.0000, -223.5000, 50.1000,  0, 0, 0
L -47.0000, -223.5000, 47.1000,  -47.0000, -319.7000, 48.1000,  0, 0, 0
L -63.6000, -206.9000, 48.1000,  -47.0000, -223.5000, 47.1000,  0, 0, 0
L -143.0000, -206.9000, 48.1000,  -63.6000, -206.9000, 48.1000,  0, 0, 0
L -63.6000, -192.9000, 48.1000,  -143.0000, -192.9000, 48.1000,  0, 0, 0
