L -2121.1001, -1024.5000, -234.8000,  -2130.6001, -1024.5000, -234.8000,  0, 0, 0
L -2121.1001, -992.7000, -234.8000,  -2130.6001, -992.7000, -234.8000,  0, 0, 0
L -2097.1001, -992.7000, -234.8000,  -2121.1001, -992.7000, -234.8000,  0, 0, 0
L -2121.1001, -1024.5000, -234.8000,  -2121.1001, -992.7000, -234.8000,  199, 21, 133
L -2062.1001, -1024.5000, -217.1000,  -2062.1001, -992.7000, -217.1000,  150, 150, 150
L -2062.1001, -992.7000, -217.1000,  -2067.1001, -992.7000, -219.6000,  0, 0, 0
L -2062.1001, -1024.5000, -217.1000,  -2067.1001, -1024.5000, -219.6000,  0, 0, 0
L -2072.1001, -1024.5000, -222.2000,  -2072.1001, -992.7000, -222.2000,  150, 150, 150
L -2072.1001, -992.7000, -222.2000,  -2077.1001, -992.7000, -224.7000,  0, 0, 0
L -2072.1001, -1024.5000, -222.2000,  -2077.1001, -1024.5000, -224.7000,  0, 0, 0
L -2092.1001, -1024.5000, -232.3000,  -2092.1001, -992.7000, -232.3000,  150, 150, 150
L -2092.1001, -992.7000, -232.3000,  -2097.1001, -992.7000, -234.8000,  0, 0, 0
L -2092.1001, -1024.5000, -232.3000,  -2097.1001, -1024.5000, -234.8000,  0, 0, 0
L -2082.1001, -1024.5000, -227.2000,  -2082.1001, -992.7000, -227.2000,  150, 150, 150
L -2082.1001, -992.7000, -227.2000,  -2087.1001, -992.7000, -229.7000,  0, 0, 0
L -2082.1001, -1024.5000, -227.2000,  -2087.1001, -1024.5000, -229.7000,  0, 0, 0
L -2087.1001, -1024.5000, -229.7000,  -2087.1001, -992.7000, -229.7000,  150, 150, 150
L -2087.1001, -992.7000, -229.7000,  -2092.1001, -992.7000, -232.3000,  0, 0, 0
L -2087.1001, -1024.5000, -229.7000,  -2092.1001, -1024.5000, -232.3000,  0, 0, 0
L -2067.1001, -1024.5000, -219.6000,  -2067.1001, -992.7000, -219.6000,  150, 150, 150
L -2067.1001, -992.7000, -219.6000,  -2072.1001, -992.7000, -222.2000,  0, 0, 0
L -2067.1001, -1024.5000, -219.6000,  -2072.1001, -1024.5000, -222.2000,  0, 0, 0
L -2077.1001, -1024.5000, -224.7000,  -2077.1001, -992.7000, -224.7000,  150, 150, 150
L -2077.1001, -992.7000, -224.7000,  -2082.1001, -992.7000, -227.2000,  0, 0, 0
L -2077.1001, -1024.5000, -224.7000,  -2082.1001, -1024.5000, -227.2000,  0, 0, 0
L -2097.1001, -1024.5000, -234.8000,  -2121.1001, -1024.5000, -234.8000,  0, 0, 0
L -2057.1001, -1024.5000, -214.6000,  -2062.1001, -1024.5000, -217.1000,  0, 0, 0
L -2097.1001, -992.7000, -234.8000,  -2097.1001, -1024.5000, -234.8000,  150, 150, 150
L -2057.1001, -992.7000, -214.6000,  -2062.1001, -992.7000, -217.1000,  0, 0, 0
L -1860.6000, -924.5000, -137.4000,  -1860.6000, -956.3000, -137.4000,  150, 150, 150
L -1860.6000, -956.3000, -137.4000,  -1865.1000, -956.3000, -139.9000,  0, 0, 0
L -1860.6000, -924.5000, -137.4000,  -1865.1000, -924.5000, -139.9000,  0, 0, 0
L -1869.5000, -956.3000, -142.4000,  -1869.5000, -924.5000, -142.4000,  150, 150, 150
L -1869.5000, -924.5000, -142.4000,  -1873.9000, -924.5000, -144.9000,  0, 0, 0
L -1869.5000, -956.3000, -142.4000,  -1873.9000, -956.3000, -144.9000,  0, 0, 0
L -1878.4000, -924.5000, -147.4000,  -1878.4000, -956.3000, -147.4000,  150, 150, 150
L -1878.4000, -956.3000, -147.4000,  -1882.8000, -956.3000, -149.9000,  0, 0, 0
L -1878.4000, -924.5000, -147.4000,  -1882.8000, -924.5000, -149.9000,  0, 0, 0
L -1887.3000, -956.3000, -152.4000,  -1887.3000, -924.5000, -152.4000,  150, 150, 150
L -1887.3000, -924.5000, -152.4000,  -1891.7000, -924.5000, -154.9000,  0, 0, 0
L -1887.3000, -956.3000, -152.4000,  -1891.7000, -956.3000, -154.9000,  0, 0, 0
L -1882.8000, -924.5000, -149.9000,  -1882.8000, -956.3000, -149.9000,  150, 150, 150
L -1882.8000, -956.3000, -149.9000,  -1887.3000, -956.3000, -152.4000,  0, 0, 0
L -1882.8000, -924.5000, -149.9000,  -1887.3000, -924.5000, -152.4000,  0, 0, 0
L -1865.1000, -956.3000, -139.9000,  -1865.1000, -924.5000, -139.9000,  150, 150, 150
L -1865.1000, -924.5000, -139.9000,  -1869.5000, -924.5000, -142.4000,  0, 0, 0
L -1865.1000, -956.3000, -139.9000,  -1869.5000, -956.3000, -142.4000,  0, 0, 0
L -1873.9000, -924.5000, -144.9000,  -1873.9000, -956.3000, -144.9000,  150, 150, 150
L -1873.9000, -956.3000, -144.9000,  -1878.4000, -956.3000, -147.4000,  0, 0, 0
L -1873.9000, -924.5000, -144.9000,  -1878.4000, -924.5000, -147.4000,  0, 0, 0
L -1955.0000, -924.5000, -172.4000,  -1955.0000, -956.3000, -172.4000,  150, 150, 150
L -1955.0000, -956.3000, -172.4000,  -1959.4000, -956.3000, -174.9000,  0, 0, 0
L -1955.0000, -924.5000, -172.4000,  -1959.4000, -924.5000, -174.9000,  0, 0, 0
L -1946.3000, -956.3000, -167.4000,  -1946.3000, -924.5000, -167.4000,  150, 150, 150
L -1946.3000, -924.5000, -167.4000,  -1950.7000, -924.5000, -169.9000,  0, 0, 0
L -1946.3000, -956.3000, -167.4000,  -1950.7000, -956.3000, -169.9000,  0, 0, 0
L -1950.7000, -924.5000, -169.9000,  -1950.7000, -956.3000, -169.9000,  150, 150, 150
L -1950.7000, -956.3000, -169.9000,  -1955.0000, -956.3000, -172.4000,  0, 0, 0
L -1950.7000, -924.5000, -169.9000,  -1955.0000, -924.5000, -172.4000,  0, 0, 0
L -1937.5000, -956.3000, -162.4000,  -1937.5000, -924.5000, -162.4000,  150, 150, 150
L -1937.5000, -924.5000, -162.4000,  -1941.9000, -924.5000, -164.9000,  0, 0, 0
L -1937.5000, -956.3000, -162.4000,  -1941.9000, -956.3000, -164.9000,  0, 0, 0
L -1928.8000, -924.5000, -157.4000,  -1928.8000, -956.3000, -157.4000,  150, 150, 150
L -1928.8000, -956.3000, -157.4000,  -1933.2000, -956.3000, -159.9000,  0, 0, 0
L -1928.8000, -924.5000, -157.4000,  -1933.2000, -924.5000, -159.9000,  0, 0, 0
L -1933.2000, -924.5000, -159.9000,  -1933.2000, -956.3000, -159.9000,  150, 150, 150
L -1933.2000, -956.3000, -159.9000,  -1937.5000, -956.3000, -162.4000,  0, 0, 0
L -1933.2000, -924.5000, -159.9000,  -1937.5000, -924.5000, -162.4000,  0, 0, 0
L -1941.9000, -924.5000, -164.9000,  -1941.9000, -956.3000, -164.9000,  150, 150, 150
L -1941.9000, -956.3000, -164.9000,  -1946.3000, -956.3000, -167.4000,  0, 0, 0
L -1941.9000, -924.5000, -164.9000,  -1946.3000, -924.5000, -167.4000,  0, 0, 0
L -1997.1000, -924.5000, -177.4000,  -1997.1000, -956.3000, -177.4000,  150, 150, 150
L -1997.1000, -956.3000, -177.4000,  -2001.1000, -956.3000, -179.8000,  0, 0, 0
L -1997.1000, -924.5000, -177.4000,  -2001.1000, -924.5000, -179.8000,  0, 0, 0
L -2005.1000, -956.3000, -182.3000,  -2005.1000, -924.5000, -182.3000,  150, 150, 150
L -2005.1000, -924.5000, -182.3000,  -2009.1000, -924.5000, -184.8000,  0, 0, 0
L -2005.1000, -956.3000, -182.3000,  -2009.1000, -956.3000, -184.8000,  0, 0, 0
L -2001.1000, -924.5000, -179.8000,  -2001.1000, -956.3000, -179.8000,  150, 150, 150
L -2001.1000, -956.3000, -179.8000,  -2005.1000, -956.3000, -182.3000,  0, 0, 0
L -2001.1000, -924.5000, -179.8000,  -2005.1000, -924.5000, -182.3000,  0, 0, 0
L -2013.1000, -956.3000, -187.3000,  -2013.1000, -924.5000, -187.3000,  150, 150, 150
L -2013.1000, -924.5000, -187.3000,  -2017.2000, -924.5000, -189.8000,  0, 0, 0
L -2013.1000, -956.3000, -187.3000,  -2017.2000, -956.3000, -189.8000,  0, 0, 0
L -2021.2000, -924.5000, -192.3000,  -2021.2000, -956.3000, -192.3000,  150, 150, 150
L -2021.2000, -956.3000, -192.3000,  -2025.2000, -956.3000, -194.8000,  0, 0, 0
L -2021.2000, -924.5000, -192.3000,  -2025.2000, -924.5000, -194.8000,  0, 0, 0
L -2017.2000, -924.5000, -189.8000,  -2017.2000, -956.3000, -189.8000,  150, 150, 150
L -2017.2000, -956.3000, -189.8000,  -2021.2000, -956.3000, -192.3000,  0, 0, 0
L -2017.2000, -924.5000, -189.8000,  -2021.2000, -924.5000, -192.3000,  0, 0, 0
L -2009.1000, -924.5000, -184.8000,  -2009.1000, -956.3000, -184.8000,  150, 150, 150
L -2009.1000, -956.3000, -184.8000,  -2013.1000, -956.3000, -187.3000,  0, 0, 0
L -2009.1000, -924.5000, -184.8000,  -2013.1000, -924.5000, -187.3000,  0, 0, 0
L -2025.2000, -960.9000, -197.3000,  -2057.0000, -960.9000, -197.3000,  150, 150, 150
L -2057.0000, -960.9000, -197.3000,  -2057.0000, -956.3000, -194.8000,  0, 0, 0
L -2025.2000, -960.9000, -197.3000,  -2025.2000, -965.4000, -199.7000,  0, 0, 0
L -2025.2000, -970.0000, -202.2000,  -2057.1001, -970.0000, -202.2000,  150, 150, 150
L -2057.1001, -970.0000, -202.2000,  -2057.0000, -965.4000, -199.7000,  0, 0, 0
L -2025.2000, -970.0000, -202.2000,  -2025.2000, -974.5000, -204.7000,  0, 0, 0
L -2025.2000, -979.1000, -207.2000,  -2057.1001, -979.1000, -207.2000,  150, 150, 150
L -2057.1001, -979.1000, -207.2000,  -2057.1001, -974.5000, -204.7000,  0, 0, 0
L -2025.2000, -979.1000, -207.2000,  -2025.2000, -983.6000, -209.7000,  0, 0, 0
L -2025.2000, -988.2000, -212.2000,  -2057.1001, -988.2000, -212.2000,  150, 150, 150
L -2025.2000, -988.2000, -212.2000,  -2025.2000, -992.7000, -214.6000,  0, 0, 0
L -2025.2000, -983.6000, -209.7000,  -2057.1001, -983.6000, -209.7000,  150, 150, 150
L -2057.1001, -983.6000, -209.7000,  -2057.1001, -979.1000, -207.2000,  0, 0, 0
L -2025.2000, -983.6000, -209.7000,  -2025.2000, -988.2000, -212.2000,  0, 0, 0
L -2025.2000, -965.4000, -199.7000,  -2057.0000, -965.4000, -199.7000,  150, 150, 150
L -2057.0000, -965.4000, -199.7000,  -2057.0000, -960.9000, -197.3000,  0, 0, 0
L -2025.2000, -965.4000, -199.7000,  -2025.2000, -970.0000, -202.2000,  0, 0, 0
L -2025.2000, -974.5000, -204.7000,  -2057.1001, -974.5000, -204.7000,  150, 150, 150
L -2057.1001, -974.5000, -204.7000,  -2057.1001, -970.0000, -202.2000,  0, 0, 0
L -2025.2000, -974.5000, -204.7000,  -2025.2000, -979.1000, -207.2000,  0, 0, 0
L -2057.1001, -992.7000, -214.6000,  -2057.1001, -1024.5000, -214.6000,  150, 150, 150
L -2025.2000, -992.7000, -214.6000,  -2025.2000, -1024.5000, -214.6000,  0, 0, 0
L -2057.1001, -992.7000, -214.6000,  -2025.2000, -992.7000, -214.6000,  150, 150, 150
L -2025.2000, -1024.5000, -214.6000,  -2057.1001, -1024.5000, -214.6000,  0, 0, 0
L -2025.2000, -956.3000, -194.8000,  -2025.2000, -960.9000, -197.3000,  0, 0, 0
L -2057.1001, -992.7000, -214.6000,  -2057.1001, -983.6000, -209.7000,  0, 0, 0
L -2057.0000, -956.3000, -194.8000,  -2057.0000, -924.5000, -194.8000,  0, 0, 0
L -2025.2000, -956.3000, -194.8000,  -2057.0000, -956.3000, -194.8000,  150, 150, 150
L -1993.1000, -924.5000, -174.9000,  -1997.1000, -924.5000, -177.4000,  0, 0, 0
L -1993.1000, -956.3000, -174.9000,  -1997.1000, -956.3000, -177.4000,  0, 0, 0
L -2025.2000, -956.3000, -194.8000,  -2025.2000, -924.5000, -194.8000,  150, 150, 150
L -2025.2000, -924.5000, -194.8000,  -2057.0000, -924.5000, -194.8000,  0, 0, 0
L -2057.0000, -924.5000, -194.8000,  -2057.0000, -924.4000, -194.8000,  0, 0, 0
L -1959.4000, -956.3000, -174.9000,  -1993.1000, -956.3000, -174.9000,  0, 0, 0
L -1993.1000, -924.5000, -174.9000,  -1993.1000, -956.3000, -174.9000,  150, 150, 150
L -1959.4000, -924.5000, -174.9000,  -1993.1000, -924.5000, -174.9000,  0, 0, 0
L -1924.4000, -924.5000, -154.9000,  -1928.8000, -924.5000, -157.4000,  0, 0, 0
L -1924.4000, -956.3000, -154.9000,  -1928.8000, -956.3000, -157.4000,  0, 0, 0
L -1959.4000, -924.5000, -174.9000,  -1959.4000, -956.3000, -174.9000,  150, 150, 150
L -1924.4000, -924.5000, -154.9000,  -1924.4000, -956.3000, -154.9000,  150, 150, 150
L -1891.7000, -956.3000, -154.9000,  -1924.4000, -956.3000, -154.9000,  0, 0, 0
L -1891.7000, -924.5000, -154.9000,  -1924.4000, -924.5000, -154.9000,  0, 0, 0
L -1891.7000, -956.3000, -154.9000,  -1891.7000, -924.5000, -154.9000,  150, 150, 150
L -1856.2000, -924.5000, -134.9000,  -1860.6000, -924.5000, -137.4000,  0, 0, 0
L -1737.1000, -956.3000, -134.9000,  -1856.2000, -956.3000, -134.9000,  0, 0, 0
L -1856.2000, -924.5000, -134.9000,  -1738.5000, -924.5000, -134.9000,  0, 0, 0
L -1856.2000, -956.3000, -134.9000,  -1860.6000, -956.3000, -137.4000,  0, 0, 0
L -1856.2000, -924.5000, -134.9000,  -1856.2000, -956.3000, -134.9000,  150, 150, 150
L -936.0000, -1776.6000, 25.0000,  -936.0000, -1776.6000, -59.2000,  0, 0, 0
L -303.5000, 1575.3000, -162.0000,  -397.8000, 1600.2000, -162.8000,  150, 150, 150
L -397.8000, 1600.2000, -162.8000,  -397.2000, 1602.9000, -160.0000,  150, 150, 150
L -303.5000, 1575.3000, -162.0000,  -304.1000, 1572.6000, -164.0000,  150, 150, 150
L -304.7000, 1570.0000, -166.1000,  -399.2000, 1595.0000, -168.3000,  150, 150, 150
L -399.2000, 1595.0000, -168.3000,  -398.5000, 1597.6000, -165.5000,  150, 150, 150
L -304.7000, 1570.0000, -166.1000,  -305.3000, 1567.3000, -168.1000,  150, 150, 150
L -305.9000, 1564.6000, -170.1000,  -400.6000, 1589.8000, -173.9000,  150, 150, 150
L -400.6000, 1589.8000, -173.9000,  -399.9000, 1592.4000, -171.1000,  150, 150, 150
L -305.9000, 1564.6000, -170.1000,  -306.6000, 1561.9000, -172.1000,  150, 150, 150
L -307.2000, 1559.2000, -174.2000,  -402.0000, 1584.6000, -179.4000,  150, 150, 150
L -402.0000, 1584.6000, -179.4000,  -401.3000, 1587.2000, -176.6000,  150, 150, 150
L -307.2000, 1559.2000, -174.2000,  -307.8000, 1556.5000, -176.2000,  150, 150, 150
L -304.1000, 1572.6000, -164.0000,  -398.5000, 1597.6000, -165.5000,  150, 150, 150
L -398.5000, 1597.6000, -165.5000,  -397.8000, 1600.2000, -162.8000,  150, 150, 150
L -304.1000, 1572.6000, -164.0000,  -304.7000, 1570.0000, -166.1000,  150, 150, 150
L -306.6000, 1561.9000, -172.1000,  -401.3000, 1587.2000, -176.6000,  150, 150, 150
L -401.3000, 1587.2000, -176.6000,  -400.6000, 1589.8000, -173.9000,  150, 150, 150
L -306.6000, 1561.9000, -172.1000,  -307.2000, 1559.2000, -174.2000,  150, 150, 150
L -305.3000, 1567.3000, -168.1000,  -399.9000, 1592.4000, -171.1000,  150, 150, 150
L -399.9000, 1592.4000, -171.1000,  -399.2000, 1595.0000, -168.3000,  150, 150, 150
L -305.3000, 1567.3000, -168.1000,  -305.9000, 1564.6000, -170.1000,  150, 150, 150
L -402.7000, 1582.0000, -182.2000,  -322.5000, 1560.8000, -177.9000,  150, 150, 150
L -504.7000, 1720.3000, -158.0000,  -502.7000, 1712.5000, -158.0000,  0, 0, 0
L -510.5000, 1725.6000, -158.0000,  -504.7000, 1720.3000, -158.0000,  0, 0, 0
L -518.3000, 1697.0000, -158.0000,  -525.9000, 1699.1000, -158.0000,  0, 0, 0
L -517.8000, 1727.6000, -158.0000,  -510.5000, 1725.6000, -158.0000,  0, 0, 0
L -525.6000, 1725.4000, -158.0000,  -517.8000, 1727.6000, -158.0000,  0, 0, 0
L -531.3000, 1720.1000, -158.0000,  -525.6000, 1725.4000, -158.0000,  0, 0, 0
L -533.7000, 1712.5000, -158.0000,  -531.3000, 1720.1000, -158.0000,  0, 0, 0
L -531.6000, 1704.7000, -158.0000,  -533.7000, 1712.5000, -158.0000,  0, 0, 0
L -504.7000, 1704.7000, -158.0000,  -510.4000, 1699.1000, -158.0000,  0, 0, 0
L -525.9000, 1699.1000, -158.0000,  -531.6000, 1704.7000, -158.0000,  0, 0, 0
L -510.4000, 1699.1000, -158.0000,  -518.3000, 1697.0000, -158.0000,  0, 0, 0
L -502.7000, 1712.5000, -158.0000,  -504.7000, 1704.7000, -158.0000,  0, 0, 0
L -402.0000, 2060.0000, -160.0000,  -490.0000, 1971.0000, -160.0000,  0, 0, 0
L -490.0000, 1971.0000, -160.0000,  -523.0000, 1849.0000, -160.0000,  0, 0, 0
L -492.0000, 1732.0000, -160.0000,  -487.0000, 1724.0000, -160.0000,  0, 0, 0
L -487.0000, 1724.0000, -160.0000,  -402.0000, 1638.0000, -160.0000,  0, 0, 0
L -523.0000, 1849.0000, -160.0000,  -492.0000, 1732.0000, -160.0000,  0, 0, 0
L -402.0000, 1638.0000, -160.0000,  -362.0000, 1627.0000, -160.0000,  0, 0, 0
L -362.0000, 1627.0000, -160.0000,  -364.0000, 1620.0000, -160.0000,  0, 0, 0
L -364.0000, 1620.0000, -160.0000,  -406.0000, 1632.0000, -160.0000,  0, 0, 0
L -113.0000, 1684.0000, -160.0000,  -159.0000, 1638.0000, -160.0000,  0, 0, 0
L -159.0000, 1638.0000, -160.0000,  -280.0000, 1606.0000, -160.0000,  0, 0, 0
L -69.0000, 1729.0000, -160.0000,  -113.0000, 1684.0000, -160.0000,  0, 0, 0
L -53.0000, 1908.0000, -160.0000,  -60.0000, 1762.0000, -160.0000,  0, 0, 0
L -60.0000, 1762.0000, -160.0000,  -69.0000, 1729.0000, -160.0000,  0, 0, 0
L -280.0000, 1606.0000, -160.0000,  -319.0000, 1616.0000, -160.0000,  0, 0, 0
L -319.0000, 1616.0000, -160.0000,  -321.8000, 1609.5000, -160.0000,  0, 0, 0
L -280.0000, 1598.0000, -160.0000,  -321.8000, 1609.5000, -160.0000,  0, 0, 0
L -155.9000, 1619.6000, -160.0000,  -158.0000, 1611.8000, -160.0000,  0, 0, 0
L -150.3000, 1598.4000, -160.0000,  -142.5000, 1596.3000, -160.0000,  0, 0, 0
L -155.9000, 1604.1000, -160.0000,  -150.3000, 1598.4000, -160.0000,  0, 0, 0
L -150.2000, 1625.3000, -160.0000,  -155.9000, 1619.6000, -160.0000,  0, 0, 0
L -142.5000, 1596.3000, -160.0000,  -134.8000, 1598.4000, -160.0000,  0, 0, 0
L -129.3000, 1619.5000, -160.0000,  -135.0000, 1624.8000, -160.0000,  0, 0, 0
L -158.0000, 1611.8000, -160.0000,  -155.9000, 1604.1000, -160.0000,  0, 0, 0
L -129.0000, 1604.1000, -160.0000,  -127.1000, 1611.8000, -160.0000,  0, 0, 0
L -127.1000, 1611.8000, -160.0000,  -129.3000, 1619.5000, -160.0000,  0, 0, 0
L -397.2000, 1602.9000, -160.0000,  -302.8000, 1578.0000, -160.0000,  150, 150, 150
L -134.8000, 1598.4000, -160.0000,  -129.0000, 1604.1000, -160.0000,  0, 0, 0
L -135.0000, 1624.8000, -160.0000,  -142.8000, 1626.9000, -160.0000,  0, 0, 0
L -142.8000, 1626.9000, -160.0000,  -150.2000, 1625.3000, -160.0000,  0, 0, 0
L -305.1000, 1739.3000, -160.0000,  -323.7000, 1753.2000, -160.0000,  150, 150, 150
L 860.0000, -1327.0000, -191.0000,  860.0000, -1222.0000, -191.0000,  127, 64, 0
L 933.0000, -1222.0000, -191.0000,  860.0000, -1222.0000, -191.0000,  127, 64, 0
L 219.9000, -1662.5000, -82.4000,  220.0000, -1783.0000, -72.0000,  0, 0, 0
L -1551.8000, -77.0000, -154.1000,  -1550.9000, -73.9000, -154.1000,  0, 0, 0
L -1552.5000, -116.7000, -154.1000,  -1564.1000, -113.4000, -154.1000,  0, 0, 0
L -1576.2000, -122.4000, -161.1000,  -1570.9000, -117.3000, -161.8000,  0, 0, 0
L -1552.5000, -116.7000, -154.1000,  -1541.2000, -112.6000, -154.1000,  0, 0, 0
L -1571.5000, -103.9000, -154.1000,  -1572.0000, -91.9000, -154.1000,  0, 0, 0
L -1522.2000, -74.8000, -154.0000,  -1530.6000, -72.7000, -158.0000,  0, 0, 0
L -1538.4000, -75.1000, -154.1000,  -1542.9000, -75.9000, -154.1000,  0, 0, 0
L -1519.2000, -84.2000, -150.3000,  -1522.2000, -74.8000, -154.0000,  0, 0, 0
L -1559.6000, -64.3000, -163.1000,  -1568.3000, -61.8000, -159.7000,  0, 0, 0
L -1570.9000, -117.3000, -161.8000,  -1568.5000, -120.3000, -162.2000,  0, 0, 0
L -1578.8000, -89.5000, -158.8000,  -1578.8000, -105.2000, -160.4000,  0, 0, 0
L -1529.8000, -104.0000, -152.1000,  -1529.6000, -89.0000, -154.1000,  0, 0, 0
L -1547.0000, -130.4000, -154.8000,  -1539.4000, -133.3000, -151.0000,  0, 0, 0
L -1568.5000, -120.3000, -162.2000,  -1553.2000, -123.7000, -158.7000,  0, 0, 0
L -1578.8000, -105.2000, -160.4000,  -1580.3000, -104.8000, -159.8000,  0, 0, 0
L -1587.1000, -111.0000, -158.7000,  -1584.9000, -119.9000, -159.5000,  0, 0, 0
L -1542.3000, -73.8000, -154.1000,  -1541.1000, -69.6000, -158.4000,  150, 150, 150
L -1568.3000, -61.8000, -159.7000,  -1574.8000, -68.0000, -158.1000,  0, 0, 0
L -1584.9000, -119.9000, -159.5000,  -1576.2000, -122.4000, -161.1000,  0, 0, 0
L -1540.6000, -67.5000, -160.5000,  -1548.4000, -65.2000, -160.5000,  150, 150, 150
L -1534.3000, -118.6000, -149.4000,  -1537.9000, -117.2000, -153.7000,  0, 0, 0
L -1532.4000, -127.1000, -148.5000,  -1534.3000, -118.6000, -149.4000,  0, 0, 0
L -1570.8000, -77.5000, -160.5000,  -1578.8000, -89.5000, -158.8000,  0, 0, 0
L -1541.2000, -112.6000, -154.1000,  -1534.5000, -102.6000, -154.1000,  0, 0, 0
L -1557.9000, -70.9000, -162.9000,  -1559.6000, -64.3000, -163.0000,  0, 0, 0
L -1525.9000, -90.0000, -153.2000,  -1519.2000, -84.2000, -150.3000,  0, 0, 0
L -1539.4000, -133.3000, -151.0000,  -1532.4000, -127.1000, -148.5000,  0, 0, 0
L -1570.8000, -77.5000, -160.5000,  -1572.7000, -76.9000, -160.0000,  0, 0, 0
L -1564.1000, -113.4000, -154.1000,  -1571.5000, -103.9000, -154.1000,  0, 0, 0
L -1580.3000, -104.8000, -159.8000,  -1587.1000, -111.0000, -158.6000,  0, 0, 0
L -1529.6000, -89.0000, -154.1000,  -1525.9000, -90.0000, -153.2000,  0, 0, 0
L -1548.9000, -123.2000, -157.4000,  -1547.0000, -130.4000, -154.8000,  0, 0, 0
L -1550.9000, -73.9000, -154.1000,  -1553.9000, -69.9000, -154.1000,  0, 0, 0
L -1537.9000, -117.2000, -153.7000,  -1529.8000, -104.0000, -152.1000,  0, 0, 0
L -1574.8000, -68.0000, -158.1000,  -1572.7000, -76.9000, -160.0000,  0, 0, 0
L -1553.2000, -123.7000, -158.7000,  -1548.9000, -123.2000, -157.4000,  0, 0, 0
L -1543.8000, -79.2000, -154.1000,  -1534.9000, -90.5000, -154.1000,  0, 0, 0
L -1541.1000, -69.6000, -158.4000,  -1540.6000, -67.5000, -160.5000,  150, 150, 150
L -1540.6000, -67.5000, -160.5000,  -1540.0000, -65.4000, -162.7000,  150, 150, 150
L -1540.0000, -65.4000, -162.7000,  -1536.2000, -66.4000, -162.7000,  150, 150, 150
L -1536.6000, -78.5000, -157.9000,  -1538.4000, -75.1000, -154.1000,  0, 0, 0
L -1550.1000, -71.2000, -154.1000,  -1549.5000, -69.2000, -156.3000,  150, 150, 150
L -1550.1000, -71.2000, -154.1000,  -1542.3000, -73.8000, -154.1000,  150, 150, 150
L -1549.0000, -67.2000, -158.4000,  -1548.4000, -65.2000, -160.5000,  150, 150, 150
L -1549.0000, -67.2000, -158.4000,  -1541.1000, -69.6000, -158.4000,  150, 150, 150
L -1549.5000, -69.2000, -156.3000,  -1549.0000, -67.2000, -158.4000,  150, 150, 150
L -1549.5000, -69.2000, -156.3000,  -1541.7000, -71.5000, -156.3000,  150, 150, 150
L -1548.4000, -65.2000, -160.5000,  -1547.8000, -63.2000, -162.7000,  150, 150, 150
L -1547.8000, -63.2000, -162.7000,  -1540.0000, -65.4000, -162.7000,  150, 150, 150
L -1551.5000, -62.2000, -162.7000,  -1553.9000, -69.9000, -154.1000,  150, 150, 150
L -1553.9000, -69.9000, -154.1000,  -1550.1000, -71.2000, -154.1000,  150, 150, 150
L -1542.3000, -73.8000, -154.1000,  -1538.4000, -75.1000, -154.1000,  150, 150, 150
L -1538.4000, -75.1000, -154.1000,  -1536.2000, -66.4000, -162.7000,  150, 150, 150
L -1553.9000, -69.9000, -154.1000,  -1557.9000, -70.9000, -162.9000,  0, 0, 0
L -1542.9000, -75.9000, -154.1000,  -1543.8000, -79.2000, -154.1000,  0, 0, 0
L -1534.5000, -102.6000, -154.1000,  -1534.9000, -90.5000, -154.1000,  0, 0, 0
L -1551.5000, -62.2000, -162.7000,  -1547.8000, -63.2000, -162.7000,  150, 150, 150
L -1572.0000, -91.9000, -154.1000,  -1565.2000, -81.9000, -154.1000,  0, 0, 0
L -1565.2000, -81.9000, -154.1000,  -1551.8000, -77.0000, -154.1000,  0, 0, 0
L -1530.6000, -72.7000, -158.0000,  -1536.6000, -78.5000, -157.9000,  0, 0, 0
L -1529.9000, 13.5000, -155.6000,  -1545.0000, 51.2000, -155.6000,  0, 0, 0
L -1511.4000, 12.8000, -164.2000,  -1516.6000, 10.8000, -164.7000,  0, 0, 0
L -1516.8000, 9.9000, -164.8000,  -1524.1000, 13.0000, -160.5000,  0, 0, 0
L -1544.0000, 2.4000, -160.5000,  -1539.9000, -7.1000, -160.5000,  150, 150, 150
L -1513.0000, 1.6000, -164.3000,  -1507.8000, 3.8000, -163.4000,  0, 0, 0
L -1544.1000, 57.5000, -160.5000,  -1567.6000, 48.1000, -160.5000,  0, 0, 0
L -1517.2000, 6.9000, -164.8000,  -1517.3000, 5.0000, -164.7000,  0, 0, 0
L -1524.5000, 10.5000, -160.5000,  -1517.2000, 6.9000, -164.8000,  0, 0, 0
L -1528.8000, -2.2000, -160.5000,  -1525.7000, -0.8000, -160.5000,  150, 150, 150
L -1532.5000, 7.2000, -155.6000,  -1534.3000, 11.7000, -155.6000,  0, 0, 0
L -1544.0000, 2.5000, -160.5000,  -1544.0000, 2.4000, -160.5000,  0, 0, 0
L -1548.9000, 0.4000, -160.5000,  -1544.0000, 2.4000, -160.5000,  0, 0, 0
L -1539.2000, -1.1000, -158.1000,  -1530.6000, 2.5000, -158.1000,  150, 150, 150
L -1530.6000, 2.5000, -158.1000,  -1529.7000, 0.2000, -159.3000,  150, 150, 150
L -1529.6000, 8.4000, -155.6000,  -1525.7000, -0.8000, -160.5000,  150, 150, 150
L -1569.2000, 45.7000, -160.5000,  -1551.5000, 1.7000, -160.5000,  0, 0, 0
L -1551.5000, 1.7000, -160.5000,  -1554.5000, -5.2000, -165.3000,  0, 0, 0
L -1532.5000, 7.2000, -155.6000,  -1529.6000, 8.4000, -155.6000,  0, 0, 0
L -1539.2000, -1.1000, -158.1000,  -1538.2000, -3.5000, -159.3000,  150, 150, 150
L -1576.0000, 48.5000, -165.6000,  -1569.2000, 45.7000, -160.5000,  0, 0, 0
L -1560.4000, -6.8000, -163.9000,  -1561.2000, -12.4000, -163.5000,  0, 0, 0
L -1507.0000, 9.3000, -163.2000,  -1511.4000, 12.8000, -164.2000,  0, 0, 0
L -1585.1000, 54.7000, -166.0000,  -1585.9000, 49.1000, -164.7000,  0, 0, 0
L -1524.1000, 13.0000, -160.5000,  -1541.6000, 56.8000, -160.5000,  0, 0, 0
L -1544.0000, 2.4000, -155.6000,  -1541.2000, 3.6000, -155.6000,  0, 0, 0
L -1529.6000, 8.4000, -155.6000,  -1524.5000, 10.5000, -160.5000,  0, 0, 0
L -1575.2000, 53.3000, -166.8000,  -1579.8000, 56.9000, -167.0000,  0, 0, 0
L -1544.0000, 2.5000, -160.5000,  -1544.0000, 2.4000, -155.6000,  0, 0, 0
L -1507.8000, 3.8000, -163.4000,  -1507.0000, 9.3000, -163.2000,  0, 0, 0
L -1541.3000, 72.3000, -164.9000,  -1536.0000, 74.3000, -164.9000,  0, 0, 0
L -1516.8000, 9.9000, -164.8000,  -1516.6000, 10.8000, -164.7000,  0, 0, 0
L -1575.5000, 51.5000, -166.3000,  -1575.2000, 53.3000, -166.8000,  0, 0, 0
L -1517.3000, 5.0000, -164.7000,  -1513.0000, 1.6000, -164.3000,  0, 0, 0
L -1552.1000, -7.0000, -165.9000,  -1548.9000, 0.4000, -160.5000,  0, 0, 0
L -1538.3000, 63.5000, -164.9000,  -1537.6000, 63.0000, -164.9000,  0, 0, 0
L -1542.2000, 66.5000, -164.9000,  -1541.3000, 72.3000, -164.9000,  0, 0, 0
L -1532.5000, 7.2000, -155.6000,  -1531.6000, 4.9000, -156.8000,  150, 150, 150
L -1541.2000, 3.6000, -155.6000,  -1540.2000, 1.3000, -156.8000,  150, 150, 150
L -1539.9000, -7.1000, -160.5000,  -1537.1000, -5.8000, -160.5000,  150, 150, 150
L -1531.6000, 70.8000, -164.9000,  -1532.3000, 65.2000, -164.9000,  0, 0, 0
L -1538.3000, 63.5000, -164.9000,  -1541.6000, 56.8000, -160.5000,  0, 0, 0
L -1538.2000, -3.5000, -159.3000,  -1529.7000, 0.2000, -159.3000,  150, 150, 150
L -1540.2000, 1.3000, -156.8000,  -1539.2000, -1.1000, -158.1000,  150, 150, 150
L -1532.3000, 65.2000, -164.9000,  -1537.6000, 63.0000, -164.9000,  0, 0, 0
L -1544.1000, 57.5000, -160.5000,  -1540.7000, 65.4000, -164.9000,  0, 0, 0
L -1562.9000, 44.1000, -155.6000,  -1547.8000, 6.3000, -155.6000,  0, 0, 0
L -1585.9000, 49.1000, -164.6000,  -1581.4000, 45.5000, -164.8000,  0, 0, 0
L -1581.4000, 45.5000, -164.8000,  -1576.2000, 47.6000, -165.5000,  0, 0, 0
L -1555.3000, -4.7000, -165.0000,  -1560.4000, -6.8000, -163.9000,  0, 0, 0
L -1541.2000, 3.6000, -155.6000,  -1543.1000, 8.1000, -155.6000,  0, 0, 0
L -1547.8000, 6.3000, -155.6000,  -1543.1000, 8.1000, -155.6000,  0, 0, 0
L -1551.5000, -13.8000, -165.6000,  -1550.7000, -8.1000, -166.2000,  0, 0, 0
L -1529.9000, 13.4000, -155.6000,  -1529.9000, 13.5000, -155.6000,  0, 0, 0
L -1576.0000, 48.5000, -165.6000,  -1576.2000, 47.6000, -165.5000,  0, 0, 0
L -1536.0000, 74.3000, -164.9000,  -1531.6000, 70.8000, -164.9000,  0, 0, 0
L -1531.6000, 4.9000, -156.8000,  -1530.6000, 2.5000, -158.1000,  150, 150, 150
L -1534.3000, 11.7000, -155.6000,  -1529.9000, 13.4000, -155.6000,  0, 0, 0
L -1554.5000, -5.2000, -165.3000,  -1555.3000, -4.7000, -165.0000,  0, 0, 0
L -1537.1000, -5.8000, -160.5000,  -1528.8000, -2.2000, -160.5000,  150, 150, 150
L -1567.6000, 48.1000, -160.5000,  -1575.5000, 51.5000, -166.3000,  0, 0, 0
L -1552.1000, -7.0000, -165.9000,  -1550.7000, -8.1000, -166.2000,  0, 0, 0
L -1529.7000, 0.2000, -159.3000,  -1528.8000, -2.2000, -160.5000,  150, 150, 150
L -1545.0000, 51.2000, -155.6000,  -1562.9000, 44.1000, -155.6000,  0, 0, 0
L -1538.2000, -3.5000, -159.3000,  -1537.1000, -5.8000, -160.5000,  150, 150, 150
L -1540.2000, 1.3000, -156.8000,  -1531.6000, 4.9000, -156.8000,  150, 150, 150
L -1540.7000, 65.4000, -164.9000,  -1542.2000, 66.5000, -164.9000,  0, 0, 0
L -1561.2000, -12.4000, -163.5000,  -1556.8000, -15.9000, -164.2000,  0, 0, 0
L -1579.8000, 56.9000, -167.0000,  -1585.1000, 54.7000, -166.0000,  0, 0, 0
L -1556.8000, -15.9000, -164.2000,  -1551.5000, -13.8000, -165.6000,  0, 0, 0
L -1412.0000, 874.3000, -170.6000,  -1420.5000, 870.9000, -170.6000,  150, 150, 150
L -1420.5000, 870.9000, -170.6000,  -1421.4000, 873.3000, -171.8000,  150, 150, 150
L -1412.0000, 874.3000, -170.6000,  -1413.0000, 876.7000, -171.8000,  150, 150, 150
L -1410.1000, 869.6000, -168.1000,  -1418.8000, 866.2000, -168.1000,  150, 150, 150
L -1418.8000, 866.2000, -168.1000,  -1419.7000, 868.5000, -169.3000,  150, 150, 150
L -1410.1000, 869.6000, -168.1000,  -1411.0000, 872.0000, -169.3000,  150, 150, 150
L -1411.0000, 872.0000, -169.3000,  -1419.7000, 868.5000, -169.3000,  150, 150, 150
L -1419.7000, 868.5000, -169.3000,  -1420.5000, 870.9000, -170.6000,  150, 150, 150
L -1411.0000, 872.0000, -169.3000,  -1412.0000, 874.3000, -170.6000,  150, 150, 150
L -1417.9000, 863.8000, -166.9000,  -1420.8000, 862.7000, -166.9000,  0, 0, 0
L -1406.3000, 868.3000, -166.9000,  -1409.1000, 867.2000, -166.9000,  0, 0, 0
L -1417.9000, 863.8000, -166.9000,  -1416.2000, 859.3000, -166.9000,  0, 0, 0
L -1421.4000, 873.3000, -171.8000,  -1424.5000, 872.0000, -171.8000,  150, 150, 150
L -1417.9000, 863.8000, -166.9000,  -1418.8000, 866.2000, -168.1000,  150, 150, 150
L -1426.0000, 860.7000, -171.8000,  -1433.2000, 864.5000, -176.1000,  0, 0, 0
L -1420.8000, 862.7000, -166.9000,  -1426.0000, 860.7000, -171.8000,  0, 0, 0
L -1406.3000, 868.3000, -171.8000,  -1410.1000, 877.9000, -171.8000,  150, 150, 150
L -1406.3000, 868.3000, -171.8000,  -1406.3000, 868.3000, -166.9000,  0, 0, 0
L -1420.8000, 862.7000, -166.9000,  -1424.5000, 872.0000, -171.8000,  150, 150, 150
L -1409.1000, 867.2000, -166.9000,  -1410.1000, 869.6000, -168.1000,  150, 150, 150
L -1413.0000, 876.7000, -171.8000,  -1421.4000, 873.3000, -171.8000,  150, 150, 150
L -1410.1000, 877.9000, -171.8000,  -1413.0000, 876.7000, -171.8000,  150, 150, 150
L -1410.7000, 798.6000, -176.2000,  -1416.1000, 796.6000, -176.2000,  0, 0, 0
L -1411.2000, 805.4000, -176.2000,  -1409.7000, 804.3000, -176.2000,  0, 0, 0
L -1420.4000, 800.3000, -176.2000,  -1419.5000, 805.9000, -176.2000,  0, 0, 0
L -1409.7000, 804.3000, -176.2000,  -1410.7000, 798.6000, -176.2000,  0, 0, 0
L -1413.5000, 807.3000, -176.2000,  -1414.2000, 807.9000, -176.2000,  0, 0, 0
L -1419.5000, 805.9000, -176.2000,  -1414.2000, 807.9000, -176.2000,  0, 0, 0
L -1416.1000, 796.6000, -176.2000,  -1420.4000, 800.3000, -176.2000,  0, 0, 0
L -1413.5000, 807.3000, -176.2000,  -1410.0000, 814.0000, -171.8000,  0, 0, 0
L -1407.6000, 813.2000, -171.8000,  -1411.2000, 805.4000, -176.2000,  0, 0, 0
L -1426.5000, 858.2000, -171.8000,  -1410.0000, 814.0000, -171.8000,  0, 0, 0
L -1407.6000, 813.2000, -171.8000,  -1383.8000, 822.1000, -171.8000,  0, 0, 0
L -1383.8000, 822.1000, -171.8000,  -1376.0000, 818.5000, -177.5000,  0, 0, 0
L -1433.7000, 861.5000, -176.0000,  -1426.5000, 858.2000, -171.8000,  0, 0, 0
L -1401.4000, 870.2000, -171.8000,  -1406.3000, 868.3000, -171.8000,  0, 0, 0
L -1382.2000, 824.4000, -171.8000,  -1398.7000, 868.9000, -171.8000,  0, 0, 0
L -1398.7000, 868.9000, -171.8000,  -1395.6000, 875.6000, -176.6000,  0, 0, 0
L -1375.5000, 821.4000, -176.9000,  -1382.2000, 824.4000, -171.8000,  0, 0, 0
L -1398.0000, 877.5000, -177.2000,  -1401.4000, 870.2000, -171.8000,  0, 0, 0
L -1641.3000, 1519.7000, -143.2000,  -1636.9000, 1527.5000, -151.7000,  150, 150, 150
L -1640.5000, 1515.9000, -146.9000,  -1641.3000, 1519.7000, -143.2000,  0, 0, 0
L -1650.7000, 1535.5000, -151.7000,  -1655.0000, 1528.7000, -143.2000,  150, 150, 150
L -1655.0000, 1528.7000, -143.2000,  -1659.1000, 1528.8000, -151.9000,  0, 0, 0
L -1650.6000, 1528.2000, -145.3000,  -1643.6000, 1524.0000, -145.3000,  150, 150, 150
L -1650.6000, 1528.2000, -145.3000,  -1649.5000, 1530.0000, -147.5000,  150, 150, 150
L -1641.4000, 1527.6000, -149.6000,  -1648.4000, 1531.8000, -149.6000,  150, 150, 150
L -1648.4000, 1531.8000, -149.6000,  -1647.4000, 1533.6000, -151.7000,  150, 150, 150
L -1641.4000, 1527.6000, -149.6000,  -1640.3000, 1529.5000, -151.7000,  150, 150, 150
L -1649.5000, 1530.0000, -147.5000,  -1642.6000, 1525.7000, -147.5000,  150, 150, 150
L -1642.6000, 1525.7000, -147.5000,  -1641.4000, 1527.6000, -149.6000,  150, 150, 150
L -1649.5000, 1530.0000, -147.5000,  -1648.4000, 1531.8000, -149.6000,  150, 150, 150
L -1651.6000, 1526.5000, -143.2000,  -1650.6000, 1528.2000, -145.3000,  150, 150, 150
L -1647.4000, 1533.6000, -151.7000,  -1640.3000, 1529.5000, -151.7000,  150, 150, 150
L -1644.8000, 1521.9000, -143.2000,  -1642.6000, 1525.7000, -147.5000,  150, 150, 150
L -1640.3000, 1529.5000, -151.7000,  -1636.9000, 1527.5000, -151.7000,  150, 150, 150
L -1651.6000, 1526.5000, -143.2000,  -1644.8000, 1521.9000, -143.2000,  150, 150, 150
L -1644.8000, 1521.9000, -143.2000,  -1641.3000, 1519.7000, -143.2000,  150, 150, 150
L -1655.0000, 1528.7000, -143.2000,  -1651.6000, 1526.5000, -143.2000,  150, 150, 150
L -1650.7000, 1535.5000, -151.7000,  -1647.4000, 1533.6000, -151.7000,  150, 150, 150
L -1669.0000, 1520.1000, -143.2000,  -1654.8000, 1521.3000, -143.2000,  0, 0, 0
L -1678.1000, 1512.1000, -143.2000,  -1669.0000, 1520.1000, -143.2000,  0, 0, 0
L -1680.8000, 1500.4000, -143.2000,  -1678.1000, 1512.1000, -143.2000,  0, 0, 0
L -1665.8000, 1483.1000, -143.2000,  -1653.8000, 1484.2000, -143.2000,  0, 0, 0
L -1665.8000, 1483.1000, -143.2000,  -1676.1000, 1489.3000, -143.2000,  0, 0, 0
L -1644.7000, 1492.1000, -143.2000,  -1642.0000, 1503.8000, -143.2000,  0, 0, 0
L -1653.1000, 1524.0000, -143.2000,  -1654.8000, 1521.3000, -143.2000,  0, 0, 0
L -1645.9000, 1520.1000, -143.2000,  -1647.6000, 1517.1000, -143.2000,  0, 0, 0
L -1647.6000, 1517.1000, -143.2000,  -1642.0000, 1503.9000, -143.2000,  0, 0, 0
L -1676.1000, 1489.3000, -143.2000,  -1680.8000, 1500.4000, -143.2000,  0, 0, 0
L -1653.7000, 1484.2000, -143.2000,  -1644.7000, 1492.1000, -143.2000,  0, 0, 0
L -1653.1000, 1524.0000, -143.2000,  -1655.0000, 1528.7000, -143.2000,  0, 0, 0
L -1641.3000, 1519.7000, -143.2000,  -1645.9000, 1520.1000, -143.2000,  0, 0, 0
L -1398.0000, 877.5000, -177.2000,  -1399.3000, 878.6000, -177.5000,  0, 0, 0
L -1398.4000, 884.4000, -176.9000,  -1399.3000, 878.6000, -177.5000,  0, 0, 0
L -1393.0000, 886.3000, -175.4000,  -1398.4000, 884.4000, -176.9000,  0, 0, 0
L -1388.7000, 882.7000, -174.7000,  -1393.0000, 886.3000, -175.4000,  0, 0, 0
L -1389.6000, 877.1000, -175.2000,  -1388.7000, 882.7000, -174.8000,  0, 0, 0
L -1394.9000, 875.1000, -176.3000,  -1389.6000, 877.1000, -175.2000,  0, 0, 0
L -1395.6000, 875.6000, -176.6000,  -1394.9000, 875.1000, -176.3000,  0, 0, 0
L -1375.5000, 821.4000, -176.9000,  -1375.3000, 822.3000, -176.7000,  0, 0, 0
L -1370.0000, 824.3000, -176.1000,  -1375.3000, 822.3000, -176.7000,  0, 0, 0
L -1365.6000, 820.7000, -175.9000,  -1370.0000, 824.3000, -176.1000,  0, 0, 0
L -1366.5000, 815.0000, -177.3000,  -1365.6000, 820.7000, -175.9000,  0, 0, 0
L -1371.9000, 813.0000, -178.3000,  -1366.5000, 815.0000, -177.3000,  0, 0, 0
L -1376.3000, 816.7000, -178.0000,  -1371.9000, 813.0000, -178.3000,  0, 0, 0
L -1376.0000, 818.5000, -177.5000,  -1376.3000, 816.7000, -178.0000,  0, 0, 0
L -1433.7000, 861.5000, -176.0000,  -1433.9000, 860.6000, -176.0000,  0, 0, 0
L -1439.1000, 858.7000, -175.4000,  -1433.9000, 860.6000, -176.0000,  0, 0, 0
L -1443.5000, 862.3000, -174.5000,  -1439.1000, 858.7000, -175.4000,  0, 0, 0
L -1442.5000, 867.9000, -174.7000,  -1443.5000, 862.3000, -174.5000,  0, 0, 0
L -1437.3000, 869.9000, -175.5000,  -1442.5000, 867.9000, -174.7000,  0, 0, 0
L -1433.0000, 866.4000, -176.0000,  -1437.3000, 869.9000, -175.5000,  0, 0, 0
L -1433.2000, 864.5000, -176.1000,  -1433.0000, 866.4000, -176.0000,  0, 0, 0
L -1409.1000, 867.2000, -166.9000,  -1407.4000, 862.6000, -166.9000,  0, 0, 0
L -1420.7000, 857.7000, -166.9000,  -1406.5000, 819.5000, -166.9000,  0, 0, 0
L -1406.5000, 819.5000, -166.9000,  -1388.5000, 826.2000, -166.9000,  0, 0, 0
L -1416.2000, 859.3000, -166.9000,  -1420.7000, 857.7000, -166.9000,  0, 0, 0
L -1402.6000, 864.4000, -166.9000,  -1407.4000, 862.6000, -166.9000,  0, 0, 0
L -1388.5000, 826.2000, -166.9000,  -1402.6000, 864.4000, -166.9000,  0, 0, 0
L -1633.2000, 1520.0000, -147.1000,  -1640.5000, 1515.9000, -146.9000,  0, 0, 0
L -1625.7000, 1515.8000, -143.1000,  -1633.2000, 1520.0000, -147.1000,  0, 0, 0
L -1625.2000, 1505.9000, -139.4000,  -1625.7000, 1515.8000, -143.1000,  0, 0, 0
L -1633.1000, 1502.0000, -142.3000,  -1625.2000, 1505.9000, -139.4000,  0, 0, 0
L -1636.5000, 1504.0000, -143.2000,  -1633.1000, 1502.0000, -142.3000,  0, 0, 0
L -1640.6000, 1489.5000, -141.2000,  -1636.5000, 1504.0000, -143.2000,  0, 0, 0
L -1651.7000, 1478.9000, -142.8000,  -1640.6000, 1489.5000, -141.2000,  0, 0, 0
L -1648.6000, 1476.6000, -138.4000,  -1651.7000, 1478.9000, -142.8000,  0, 0, 0
L -1649.0000, 1467.9000, -137.6000,  -1648.6000, 1476.6000, -138.4000,  0, 0, 0
L -1657.4000, 1463.7000, -140.0000,  -1649.0000, 1467.9000, -137.6000,  0, 0, 0
L -1663.9000, 1468.4000, -143.9000,  -1657.4000, 1463.7000, -140.0000,  0, 0, 0
L -1664.0000, 1475.9000, -146.5000,  -1663.9000, 1468.4000, -143.9000,  0, 0, 0
L -1668.2000, 1476.6000, -147.8000,  -1664.0000, 1475.9000, -146.5000,  0, 0, 0
L -1682.1000, 1483.7000, -151.2000,  -1668.2000, 1476.6000, -147.8000,  0, 0, 0
L -1683.7000, 1487.3000, -150.9000,  -1682.1000, 1483.7000, -151.2000,  0, 0, 0
L -1690.1000, 1483.7000, -150.2000,  -1683.7000, 1487.3000, -150.9000,  0, 0, 0
L -1697.9000, 1488.4000, -148.5000,  -1690.1000, 1483.7000, -150.2000,  0, 0, 0
L -1697.7000, 1497.5000, -147.8000,  -1697.9000, 1488.4000, -148.5000,  0, 0, 0
L -1689.5000, 1501.8000, -148.9000,  -1697.7000, 1497.5000, -147.7000,  0, 0, 0
L -1688.1000, 1501.0000, -149.5000,  -1689.5000, 1501.8000, -148.9000,  0, 0, 0
L -1684.1000, 1516.2000, -147.9000,  -1688.1000, 1501.0000, -149.5000,  0, 0, 0
L -1673.3000, 1525.7000, -149.6000,  -1684.1000, 1516.2000, -147.8000,  0, 0, 0
L -1673.3000, 1525.7000, -149.6000,  -1674.9000, 1526.8000, -149.0000,  0, 0, 0
L -1674.7000, 1535.9000, -147.2000,  -1674.9000, 1526.8000, -149.0000,  0, 0, 0
L -1666.8000, 1540.3000, -148.8000,  -1674.7000, 1535.9000, -147.2000,  0, 0, 0
L -1659.0000, 1535.6000, -152.2000,  -1666.8000, 1540.3000, -148.8000,  0, 0, 0
L -1659.1000, 1528.8000, -151.9000,  -1659.0000, 1535.6000, -152.1000,  0, 0, 0
L -104.3000, 1818.2000, -159.6000,  -93.3000, 1815.7000, -159.6000,  0, 0, 0
L -109.3000, 1797.3000, -160.0000,  -104.3000, 1818.2000, -160.0000,  0, 0, 0
L -98.0000, 1794.8000, -159.6000,  -109.3000, 1797.3000, -159.6000,  0, 0, 0
L -93.3000, 1815.7000, -160.0000,  -98.0000, 1794.8000, -160.0000,  0, 0, 0
L -469.9000, 1908.1000, -160.0000,  -458.7000, 1905.3000, -159.9000,  0, 0, 0
L -475.5000, 1886.2000, -160.0000,  -469.9000, 1908.1000, -159.7000,  0, 0, 0
L -464.2000, 1883.4000, -160.0000,  -475.5000, 1886.2000, -159.9000,  0, 0, 0
L -458.7000, 1905.3000, -160.0000,  -464.2000, 1883.4000, -159.9000,  0, 0, 0
L -253.1000, 1899.5000, -160.0000,  -346.4000, 1943.1000, -160.0000,  0, 0, 0
L -225.3000, 1914.0000, -160.0000,  -253.1000, 1899.5000, -160.0000,  0, 0, 0
L -197.6000, 1946.8000, -160.0000,  -225.3000, 1914.0000, -160.0000,  0, 0, 0
L -209.8000, 1960.0000, -160.0000,  -197.6000, 1946.8000, -160.0000,  0, 0, 0
L -286.7000, 1958.4000, -160.0000,  -209.8000, 1960.0000, -160.0000,  0, 0, 0
L -346.4000, 1943.1000, -160.0000,  -286.7000, 1958.4000, -160.0000,  0, 0, 0
L -258.6000, 1834.5000, -160.0000,  -299.1000, 1845.7000, -160.0000,  0, 0, 0
L -264.7000, 1812.4000, -160.0000,  -258.6000, 1834.5000, -160.0000,  0, 0, 0
L -305.2000, 1823.7000, -160.0000,  -264.7000, 1812.4000, -160.0000,  0, 0, 0
L -299.1000, 1845.7000, -160.0000,  -305.2000, 1823.7000, -160.0000,  0, 0, 0
L -281.8000, 1742.8000, -160.0000,  -305.1000, 1739.3000, -160.0000,  150, 150, 150
L -267.7000, 1761.7000, -160.0000,  -281.8000, 1742.8000, -160.0000,  150, 150, 150
L -271.2000, 1785.0000, -160.0000,  -267.7000, 1761.7000, -160.0000,  150, 150, 150
L -290.1000, 1799.1000, -160.0000,  -271.2000, 1785.0000, -160.0000,  150, 150, 150
L -313.4000, 1795.6000, -160.0000,  -290.1000, 1799.1000, -160.0000,  150, 150, 150
L -327.6000, 1776.6000, -160.0000,  -313.4000, 1795.6000, -160.0000,  150, 150, 150
L -323.7000, 1753.2000, -160.0000,  -327.6000, 1776.6000, -160.0000,  150, 150, 150
L -303.6000, 1744.6000, -156.2000,  -319.2000, 1756.1000, -156.2000,  0, 0, 0
L -284.4000, 1747.5000, -156.2000,  -303.6000, 1744.6000, -156.2000,  0, 0, 0
L -273.0000, 1763.2000, -156.2000,  -284.4000, 1747.5000, -156.2000,  0, 0, 0
L -275.4000, 1782.5000, -156.2000,  -273.0000, 1763.2000, -156.2000,  0, 0, 0
L -291.1000, 1794.2000, -156.2000,  -275.4000, 1782.5000, -156.2000,  0, 0, 0
L -310.3000, 1791.3000, -156.2000,  -291.1000, 1794.2000, -156.2000,  0, 0, 0
L -322.0000, 1775.5000, -156.2000,  -310.3000, 1791.3000, -156.2000,  0, 0, 0
L -319.2000, 1756.1000, -156.2000,  -322.0000, 1775.5000, -156.2000,  0, 0, 0
L -402.7000, 1582.0000, -182.2000,  -402.0000, 1584.6000, -179.4000,  150, 150, 150
L -115.2000, 1600.7000, -157.5000,  -112.1000, 1551.4000, -167.9000,  150, 150, 150
L -125.9000, 1606.8000, -157.9000,  -115.2000, 1600.7000, -157.5000,  150, 150, 150
L -128.2000, 1602.7000, -158.1000,  -125.9000, 1606.8000, -157.9000,  150, 150, 150
L -122.3000, 1597.9000, -159.8000,  -128.2000, 1602.7000, -158.1000,  150, 150, 150
L -129.8000, 1589.3000, -163.6000,  -122.3000, 1597.9000, -159.8000,  150, 150, 150
L -279.6000, 1549.0000, -176.3000,  -129.8000, 1589.3000, -163.6000,  150, 150, 150
L -307.8000, 1556.5000, -176.0000,  -279.6000, 1549.0000, -176.3000,  150, 150, 150
L -302.8000, 1578.0000, -160.0000,  -303.5000, 1575.3000, -162.0000,  150, 150, 150
L -322.6000, 1563.0000, -178.0000,  -307.2000, 1559.0000, -176.1000,  150, 150, 150
L -322.5000, 1560.8000, -177.9000,  -322.6000, 1563.0000, -178.0000,  150, 150, 150
L -430.5000, 1589.4000, -183.7000,  -402.7000, 1582.0000, -182.2000,  150, 150, 150
L -540.6000, 1699.5000, -163.6000,  -430.5000, 1589.4000, -183.6000,  150, 150, 150
L -542.6000, 1706.7000, -159.7000,  -540.6000, 1699.5000, -163.6000,  150, 150, 150
L -535.1000, 1707.7000, -159.9000,  -542.6000, 1706.7000, -159.7000,  150, 150, 150
L -535.6000, 1711.8000, -158.1000,  -535.1000, 1707.7000, -159.9000,  150, 150, 150
L -404.1000, 1619.6000, -158.0000,  -402.0000, 1611.8000, -158.0000,  0, 0, 0
L -409.8000, 1625.3000, -158.0000,  -404.1000, 1619.6000, -158.0000,  0, 0, 0
L -417.5000, 1627.3000, -158.0000,  -409.8000, 1625.3000, -158.0000,  0, 0, 0
L -425.2000, 1625.3000, -158.0000,  -417.5000, 1627.3000, -158.0000,  0, 0, 0
L -430.9000, 1619.6000, -158.0000,  -425.2000, 1625.3000, -158.0000,  0, 0, 0
L -433.0000, 1611.8000, -158.0000,  -430.9000, 1619.6000, -158.0000,  0, 0, 0
L -430.9000, 1604.1000, -158.0000,  -433.0000, 1611.8000, -158.0000,  0, 0, 0
L -425.3000, 1598.4000, -158.0000,  -430.9000, 1604.1000, -158.0000,  0, 0, 0
L -417.5000, 1596.3000, -158.0000,  -425.3000, 1598.4000, -158.0000,  0, 0, 0
L -409.8000, 1598.4000, -158.0000,  -417.5000, 1596.3000, -158.0000,  0, 0, 0
L -404.1000, 1604.1000, -158.0000,  -409.8000, 1598.4000, -158.0000,  0, 0, 0
L -402.0000, 1611.8000, -158.0000,  -404.1000, 1604.1000, -158.0000,  0, 0, 0
L -280.0000, 1559.5000, -158.0000,  -272.3000, 1561.6000, -158.0000,  0, 0, 0
L -287.7000, 1561.6000, -158.0000,  -280.0000, 1559.5000, -158.0000,  0, 0, 0
L -293.4000, 1567.3000, -158.0000,  -287.7000, 1561.6000, -158.0000,  0, 0, 0
L -295.5000, 1575.0000, -158.0000,  -293.4000, 1567.3000, -158.0000,  0, 0, 0
L -293.4000, 1582.8000, -158.0000,  -295.5000, 1575.0000, -158.0000,  0, 0, 0
L -287.8000, 1588.4000, -158.0000,  -293.4000, 1582.8000, -158.0000,  0, 0, 0
L -280.1000, 1590.5000, -158.0000,  -287.8000, 1588.4000, -158.0000,  0, 0, 0
L -272.3000, 1588.4000, -158.0000,  -280.1000, 1590.5000, -158.0000,  0, 0, 0
L -266.6000, 1582.7000, -158.0000,  -272.3000, 1588.4000, -158.0000,  0, 0, 0
L -264.5000, 1575.0000, -158.0000,  -266.6000, 1582.7000, -158.0000,  0, 0, 0
L -266.6000, 1567.3000, -158.0000,  -264.5000, 1575.0000, -158.0000,  0, 0, 0
L -272.3000, 1561.6000, -158.0000,  -266.6000, 1567.3000, -158.0000,  0, 0, 0
L 654.6000, 13.0000, -152.8000,  689.3000, 8.5000, -152.2000,  0, 0, 0
L 618.3000, 15.7000, -146.0000,  654.6000, 13.0000, -152.8000,  0, 0, 0
L 596.0000, 18.2000, -146.0000,  618.3000, 15.7000, -146.0000,  0, 0, 0
L 583.0000, 27.7000, -146.0000,  596.0000, 18.2000, -146.0000,  0, 0, 0
L 583.6000, 42.4000, -146.0000,  583.0000, 27.7000, -146.0000,  0, 0, 0
L 620.6000, 48.4000, -146.0000,  583.6000, 42.4000, -146.0000,  0, 0, 0
L 641.9000, 49.2000, -150.4000,  620.6000, 48.4000, -146.0000,  0, 0, 0
L 685.3000, 50.9000, -156.0000,  641.9000, 49.2000, -150.4000,  0, 0, 0
L 690.3000, 123.6000, -146.0000,  685.3000, 50.9000, -156.0000,  0, 0, 0
L 695.5000, 147.9000, -146.0000,  690.3000, 123.6000, -146.0000,  0, 0, 0
L 707.7000, 158.3000, -146.0000,  695.5000, 147.9000, -146.0000,  0, 0, 0
L 718.1000, 155.6000, -146.0000,  707.7000, 158.3000, -146.0000,  0, 0, 0
L 722.0000, 142.6000, -146.0000,  718.1000, 155.6000, -146.0000,  0, 0, 0
L 726.0000, 125.8000, -146.0000,  722.0000, 142.6000, -146.0000,  0, 0, 0
L 726.9000, 100.8000, -150.4000,  726.0000, 125.8000, -146.0000,  0, 0, 0
L 728.3000, 63.1000, -155.6000,  726.9000, 100.8000, -150.4000,  0, 0, 0
L 769.7000, 49.9000, -151.7000,  728.3000, 63.1000, -155.6000,  0, 0, 0
L 803.5000, 47.9000, -146.0000,  769.7000, 49.9000, -151.7000,  0, 0, 0
L 819.3000, 45.8000, -146.0000,  803.5000, 47.9000, -146.0000,  0, 0, 0
L 830.2000, 40.6000, -146.0000,  819.3000, 45.8000, -146.0000,  0, 0, 0
L 834.3000, 29.8000, -146.0000,  830.2000, 40.6000, -146.0000,  0, 0, 0
L 828.5000, 22.2000, -146.0000,  834.3000, 29.8000, -146.0000,  0, 0, 0
L 817.3000, 16.8000, -146.0000,  828.5000, 22.2000, -146.0000,  0, 0, 0
L 794.5000, 16.2000, -146.0000,  817.3000, 16.8000, -146.0000,  0, 0, 0
L 776.2000, 14.6000, -150.7000,  794.5000, 16.2000, -146.0000,  0, 0, 0
L 765.3000, 13.6000, -152.3000,  776.2000, 14.6000, -150.7000,  0, 0, 0
L 734.0000, 12.3000, -156.0000,  765.3000, 13.6000, -152.3000,  0, 0, 0
L 723.6000, -63.7000, -146.0000,  734.0000, 12.3000, -156.0000,  0, 0, 0
L 721.4000, -81.4000, -146.0000,  723.6000, -63.7000, -146.0000,  0, 0, 0
L 716.1000, -90.8000, -146.0000,  721.4000, -81.4000, -146.0000,  0, 0, 0
L 707.3000, -94.1000, -146.0000,  716.1000, -90.8000, -146.0000,  0, 0, 0
L 699.1000, -89.7000, -146.0000,  707.3000, -94.1000, -146.0000,  0, 0, 0
L 695.2000, -80.7000, -146.0000,  699.1000, -89.7000, -146.0000,  0, 0, 0
L 692.0000, -51.5000, -146.4000,  695.2000, -80.7000, -146.0000,  0, 0, 0
L 689.3000, 8.5000, -152.2000,  692.0000, -51.5000, -146.4000,  0, 0, 0
L -105.0000, -469.0000, -121.0000,  -137.0000, -456.0000, -126.0000,  150, 150, 150
L -96.0000, -466.0000, -121.0000,  -105.0000, -469.0000, -121.0000,  150, 150, 150
L -93.0000, -464.0000, -121.0000,  -96.0000, -466.0000, -121.0000,  150, 150, 150
L -73.0000, -445.0000, -125.0000,  -93.0000, -464.0000, -121.0000,  150, 150, 150
L -55.0000, -421.0000, -134.0000,  -73.0000, -445.0000, -125.0000,  150, 150, 150
L -42.0000, -379.0000, -142.0000,  -55.0000, -421.0000, -134.0000,  150, 150, 150
L -41.0000, -375.0000, -143.0000,  -42.0000, -379.0000, -142.0000,  150, 150, 150
L -40.0000, -368.0000, -143.0000,  -41.0000, -375.0000, -143.0000,  150, 150, 150
L -39.0000, -361.0000, -142.0000,  -40.0000, -368.0000, -143.0000,  150, 150, 150
L -37.0000, -353.0000, -142.0000,  -39.0000, -361.0000, -142.0000,  150, 150, 150
L -37.0000, -351.0000, -142.0000,  -37.0000, -353.0000, -142.0000,  150, 150, 150
L -35.0000, -339.0000, -143.0000,  -37.0000, -351.0000, -142.0000,  150, 150, 150
L -35.0000, -337.0000, -143.0000,  -35.0000, -339.0000, -143.0000,  150, 150, 150
L -34.0000, -333.0000, -144.0000,  -35.0000, -337.0000, -143.0000,  150, 150, 150
L -33.0000, -325.0000, -145.0000,  -34.0000, -333.0000, -144.0000,  150, 150, 150
L -33.0000, -323.0000, -145.0000,  -33.0000, -325.0000, -145.0000,  150, 150, 150
L -32.0000, -318.0000, -145.0000,  -33.0000, -323.0000, -145.0000,  150, 150, 150
L -30.0000, -306.0000, -145.0000,  -32.0000, -318.0000, -145.0000,  150, 150, 150
L -30.0000, -301.0000, -145.0000,  -30.0000, -306.0000, -145.0000,  150, 150, 150
L -29.0000, -299.0000, -145.0000,  -30.0000, -301.0000, -145.0000,  150, 150, 150
L -28.0000, -292.0000, -146.0000,  -29.0000, -299.0000, -145.0000,  150, 150, 150
L -28.0000, -290.0000, -146.0000,  -28.0000, -292.0000, -146.0000,  150, 150, 150
L -27.0000, -285.0000, -146.0000,  -28.0000, -290.0000, -146.0000,  150, 150, 150
L -27.0000, -275.0000, -145.0000,  -27.0000, -285.0000, -146.0000,  150, 150, 150
L -26.0000, -266.0000, -144.0000,  -27.0000, -275.0000, -145.0000,  150, 150, 150
L -25.0000, -262.0000, -144.0000,  -26.0000, -266.0000, -144.0000,  150, 150, 150
L -24.0000, -258.0000, -144.0000,  -25.0000, -262.0000, -144.0000,  150, 150, 150
L -24.0000, -254.0000, -144.0000,  -24.0000, -258.0000, -144.0000,  150, 150, 150
L -23.0000, -250.0000, -143.0000,  -24.0000, -254.0000, -144.0000,  150, 150, 150
L -21.0000, -238.0000, -141.0000,  -23.0000, -250.0000, -143.0000,  150, 150, 150
L -20.0000, -234.0000, -141.0000,  -21.0000, -238.0000, -141.0000,  150, 150, 150
L -19.0000, -228.0000, -141.0000,  -20.0000, -234.0000, -141.0000,  150, 150, 150
L -18.0000, -225.0000, -141.0000,  -19.0000, -228.0000, -141.0000,  150, 150, 150
L -17.0000, -219.0000, -140.0000,  -18.0000, -225.0000, -141.0000,  150, 150, 150
L -16.0000, -215.0000, -140.0000,  -17.0000, -219.0000, -140.0000,  150, 150, 150
L -15.0000, -209.0000, -141.0000,  -16.0000, -215.0000, -140.0000,  150, 150, 150
L -14.0000, -204.0000, -141.0000,  -15.0000, -209.0000, -141.0000,  150, 150, 150
L -13.0000, -198.0000, -140.0000,  -14.0000, -204.0000, -141.0000,  150, 150, 150
L -12.0000, -193.0000, -140.0000,  -13.0000, -198.0000, -140.0000,  150, 150, 150
L -11.0000, -189.0000, -139.0000,  -12.0000, -193.0000, -140.0000,  150, 150, 150
L -10.0000, -185.0000, -139.0000,  -11.0000, -189.0000, -139.0000,  150, 150, 150
L 3.0000, -136.0000, -143.0000,  -10.0000, -185.0000, -139.0000,  150, 150, 150
L 4.0000, -131.0000, -143.0000,  3.0000, -136.0000, -143.0000,  150, 150, 150
L 14.0000, -88.0000, -147.0000,  4.0000, -131.0000, -143.0000,  150, 150, 150
L 15.0000, -84.0000, -148.0000,  14.0000, -88.0000, -147.0000,  150, 150, 150
L 15.0000, -79.0000, -148.0000,  15.0000, -84.0000, -148.0000,  150, 150, 150
L 16.0000, -73.0000, -148.0000,  15.0000, -79.0000, -148.0000,  150, 150, 150
L 17.0000, -68.0000, -148.0000,  16.0000, -73.0000, -148.0000,  150, 150, 150
L 18.0000, -58.0000, -148.0000,  17.0000, -68.0000, -148.0000,  150, 150, 150
L 18.0000, -52.0000, -149.0000,  18.0000, -58.0000, -148.0000,  150, 150, 150
L 19.0000, -50.0000, -149.0000,  18.0000, -52.0000, -149.0000,  150, 150, 150
L 20.0000, -43.0000, -149.0000,  19.0000, -50.0000, -149.0000,  150, 150, 150
L 21.0000, -39.0000, -149.0000,  20.0000, -43.0000, -149.0000,  150, 150, 150
L 48.0000, 14.0000, -156.0000,  21.0000, -39.0000, -149.0000,  150, 150, 150
L 49.0000, 17.0000, -156.0000,  48.0000, 14.0000, -156.0000,  150, 150, 150
L 51.0000, 24.0000, -156.0000,  49.0000, 17.0000, -156.0000,  150, 150, 150
L 51.0000, 26.0000, -155.0000,  51.0000, 24.0000, -156.0000,  150, 150, 150
L 52.0000, 33.0000, -156.0000,  51.0000, 26.0000, -155.0000,  150, 150, 150
L 54.0000, 42.0000, -156.0000,  52.0000, 33.0000, -156.0000,  150, 150, 150
L 54.0000, 44.0000, -155.0000,  54.0000, 42.0000, -156.0000,  150, 150, 150
L 56.0000, 50.0000, -155.0000,  54.0000, 44.0000, -155.0000,  150, 150, 150
L 56.0000, 52.0000, -155.0000,  56.0000, 50.0000, -155.0000,  150, 150, 150
L 84.0000, 99.0000, -157.0000,  56.0000, 52.0000, -155.0000,  150, 150, 150
L 86.0000, 101.0000, -157.0000,  84.0000, 99.0000, -157.0000,  150, 150, 150
L 134.0000, 155.0000, -156.0000,  86.0000, 101.0000, -157.0000,  150, 150, 150
L 180.0000, 197.0000, -154.0000,  134.0000, 155.0000, -156.0000,  150, 150, 150
L 184.0000, 201.0000, -154.0000,  180.0000, 197.0000, -154.0000,  150, 150, 150
L 222.0000, 249.0000, -150.0000,  184.0000, 201.0000, -154.0000,  150, 150, 150
L 308.0000, 344.0000, -150.0000,  222.0000, 249.0000, -150.0000,  150, 150, 150
L 319.0000, 361.0000, -149.0000,  308.0000, 344.0000, -150.0000,  150, 150, 150
L 333.0000, 413.0000, -148.0000,  319.0000, 361.0000, -149.0000,  150, 150, 150
L 321.0000, 445.0000, -147.0000,  333.0000, 413.0000, -148.0000,  150, 150, 150
L 317.0000, 451.0000, -148.0000,  321.0000, 445.0000, -147.0000,  150, 150, 150
L 311.0000, 457.0000, -148.0000,  317.0000, 451.0000, -148.0000,  150, 150, 150
L 299.0000, 464.0000, -148.0000,  311.0000, 457.0000, -148.0000,  150, 150, 150
L 296.0000, 465.0000, -148.0000,  299.0000, 464.0000, -148.0000,  150, 150, 150
L 255.0000, 467.0000, -149.0000,  296.0000, 465.0000, -148.0000,  150, 150, 150
L 250.0000, 467.0000, -149.0000,  255.0000, 467.0000, -149.0000,  150, 150, 150
L 203.0000, 453.0000, -152.0000,  250.0000, 467.0000, -149.0000,  150, 150, 150
L 198.0000, 451.0000, -153.0000,  203.0000, 453.0000, -152.0000,  150, 150, 150
L 155.0000, 425.0000, -155.0000,  198.0000, 451.0000, -153.0000,  150, 150, 150
L 142.0000, 416.0000, -155.0000,  155.0000, 425.0000, -155.0000,  150, 150, 150
L 61.0000, 365.0000, -159.0000,  142.0000, 416.0000, -155.0000,  150, 150, 150
L 58.0000, 363.0000, -159.0000,  61.0000, 365.0000, -159.0000,  150, 150, 150
L 13.0000, 327.0000, -164.0000,  58.0000, 363.0000, -159.0000,  150, 150, 150
L 10.0000, 324.0000, -164.0000,  13.0000, 327.0000, -164.0000,  150, 150, 150
L -1.0000, 308.0000, -164.0000,  10.0000, 324.0000, -164.0000,  150, 150, 150
L -9.0000, 295.0000, -163.0000,  -1.0000, 308.0000, -164.0000,  150, 150, 150
L -13.0000, 291.0000, -163.0000,  -9.0000, 295.0000, -163.0000,  150, 150, 150
L -16.0000, 290.0000, -164.0000,  -13.0000, 291.0000, -163.0000,  150, 150, 150
L -24.0000, 289.0000, -164.0000,  -16.0000, 290.0000, -164.0000,  150, 150, 150
L -57.0000, 296.0000, -160.0000,  -24.0000, 289.0000, -164.0000,  150, 150, 150
L -58.0000, 297.0000, -160.0000,  -57.0000, 296.0000, -160.0000,  150, 150, 150
L -61.0000, 299.0000, -160.0000,  -58.0000, 297.0000, -160.0000,  150, 150, 150
L -88.0000, 333.0000, -153.0000,  -61.0000, 299.0000, -160.0000,  150, 150, 150
L -120.0000, 411.0000, -142.0000,  -88.0000, 333.0000, -153.0000,  150, 150, 150
L -120.0000, 413.0000, -142.0000,  -120.0000, 411.0000, -142.0000,  150, 150, 150
L -123.0000, 417.0000, -141.0000,  -120.0000, 413.0000, -142.0000,  150, 150, 150
L -125.0000, 420.0000, -141.0000,  -123.0000, 417.0000, -141.0000,  150, 150, 150
L -148.0000, 438.0000, -140.0000,  -125.0000, 420.0000, -141.0000,  150, 150, 150
L -164.0000, 440.0000, -137.0000,  -148.0000, 438.0000, -140.0000,  150, 150, 150
L -178.0000, 438.0000, -137.0000,  -164.0000, 440.0000, -137.0000,  150, 150, 150
L -204.0000, 417.0000, -138.0000,  -178.0000, 438.0000, -137.0000,  150, 150, 150
L -213.0000, 410.0000, -138.0000,  -204.0000, 417.0000, -138.0000,  150, 150, 150
L -217.0000, 404.0000, -139.0000,  -213.0000, 410.0000, -138.0000,  150, 150, 150
L -218.0000, 402.0000, -139.0000,  -217.0000, 404.0000, -139.0000,  150, 150, 150
L -229.0000, 371.0000, -139.0000,  -218.0000, 402.0000, -139.0000,  150, 150, 150
L -230.0000, 356.0000, -141.0000,  -229.0000, 371.0000, -139.0000,  150, 150, 150
L -230.0000, 354.0000, -141.0000,  -230.0000, 356.0000, -141.0000,  150, 150, 150
L -232.0000, 340.0000, -141.0000,  -230.0000, 354.0000, -141.0000,  150, 150, 150
L -232.0000, 338.0000, -142.0000,  -232.0000, 340.0000, -141.0000,  150, 150, 150
L -232.0000, 330.0000, -143.0000,  -232.0000, 338.0000, -142.0000,  150, 150, 150
L -233.0000, 322.0000, -143.0000,  -232.0000, 330.0000, -143.0000,  150, 150, 150
L -233.0000, 314.0000, -143.0000,  -233.0000, 322.0000, -143.0000,  150, 150, 150
L -235.0000, 299.0000, -145.0000,  -233.0000, 314.0000, -143.0000,  150, 150, 150
L -235.0000, 297.0000, -145.0000,  -235.0000, 299.0000, -145.0000,  150, 150, 150
L -236.0000, 283.0000, -145.0000,  -235.0000, 297.0000, -145.0000,  150, 150, 150
L -236.0000, 281.0000, -145.0000,  -236.0000, 283.0000, -145.0000,  150, 150, 150
L -236.0000, 273.0000, -146.0000,  -236.0000, 281.0000, -145.0000,  150, 150, 150
L -237.0000, 265.0000, -147.0000,  -236.0000, 273.0000, -146.0000,  150, 150, 150
L -238.0000, 250.0000, -148.0000,  -237.0000, 265.0000, -147.0000,  150, 150, 150
L -238.0000, 248.0000, -148.0000,  -238.0000, 250.0000, -148.0000,  150, 150, 150
L -239.0000, 234.0000, -149.0000,  -238.0000, 248.0000, -148.0000,  150, 150, 150
L -240.0000, 232.0000, -149.0000,  -239.0000, 234.0000, -149.0000,  150, 150, 150
L -241.0000, 217.0000, -149.0000,  -240.0000, 232.0000, -149.0000,  150, 150, 150
L -241.0000, 215.0000, -149.0000,  -241.0000, 217.0000, -149.0000,  150, 150, 150
L -241.0000, 207.0000, -149.0000,  -241.0000, 215.0000, -149.0000,  150, 150, 150
L -241.0000, 191.0000, -150.0000,  -241.0000, 207.0000, -149.0000,  150, 150, 150
L -233.0000, 158.0000, -152.0000,  -241.0000, 191.0000, -150.0000,  150, 150, 150
L -231.0000, 153.0000, -152.0000,  -233.0000, 158.0000, -152.0000,  150, 150, 150
L -230.0000, 151.0000, -152.0000,  -231.0000, 153.0000, -152.0000,  150, 150, 150
L -218.0000, 124.0000, -153.0000,  -230.0000, 151.0000, -152.0000,  150, 150, 150
L -217.0000, 123.0000, -153.0000,  -218.0000, 124.0000, -153.0000,  150, 150, 150
L -203.0000, 66.0000, -151.0000,  -217.0000, 123.0000, -153.0000,  150, 150, 150
L -202.0000, 65.0000, -151.0000,  -203.0000, 66.0000, -151.0000,  150, 150, 150
L -202.0000, 52.0000, -151.0000,  -202.0000, 65.0000, -151.0000,  150, 150, 150
L -203.0000, 44.0000, -150.0000,  -202.0000, 52.0000, -151.0000,  150, 150, 150
L -203.0000, 42.0000, -150.0000,  -203.0000, 44.0000, -150.0000,  150, 150, 150
L -204.0000, 37.0000, -150.0000,  -203.0000, 42.0000, -150.0000,  150, 150, 150
L -205.0000, 29.0000, -150.0000,  -204.0000, 37.0000, -150.0000,  150, 150, 150
L -206.0000, 22.0000, -151.0000,  -205.0000, 29.0000, -150.0000,  150, 150, 150
L -207.0000, 17.0000, -150.0000,  -206.0000, 22.0000, -151.0000,  150, 150, 150
L -208.0000, 12.0000, -150.0000,  -207.0000, 17.0000, -150.0000,  150, 150, 150
L -209.0000, 3.0000, -149.0000,  -208.0000, 12.0000, -150.0000,  150, 150, 150
L -215.0000, -10.0000, -149.0000,  -209.0000, 3.0000, -149.0000,  150, 150, 150
L -217.0000, -13.0000, -149.0000,  -215.0000, -10.0000, -149.0000,  150, 150, 150
L -222.0000, -19.0000, -149.0000,  -217.0000, -13.0000, -149.0000,  150, 150, 150
L -228.0000, -22.0000, -148.0000,  -222.0000, -19.0000, -149.0000,  150, 150, 150
L -233.0000, -22.0000, -148.0000,  -228.0000, -22.0000, -148.0000,  150, 150, 150
L -269.0000, -13.0000, -147.0000,  -233.0000, -22.0000, -148.0000,  150, 150, 150
L -291.0000, -14.0000, -146.0000,  -269.0000, -13.0000, -147.0000,  150, 150, 150
L -304.0000, -15.0000, -145.0000,  -291.0000, -14.0000, -146.0000,  150, 150, 150
L -326.0000, -25.0000, -146.0000,  -304.0000, -15.0000, -145.0000,  150, 150, 150
L -334.0000, -35.0000, -146.0000,  -326.0000, -25.0000, -146.0000,  150, 150, 150
L -341.0000, -46.0000, -147.0000,  -334.0000, -35.0000, -146.0000,  150, 150, 150
L -343.0000, -51.0000, -147.0000,  -341.0000, -46.0000, -147.0000,  150, 150, 150
L -343.0000, -56.0000, -147.0000,  -343.0000, -51.0000, -147.0000,  150, 150, 150
L -345.0000, -67.0000, -148.0000,  -343.0000, -56.0000, -147.0000,  150, 150, 150
L -345.0000, -72.0000, -148.0000,  -345.0000, -67.0000, -148.0000,  150, 150, 150
L -346.0000, -74.0000, -148.0000,  -345.0000, -72.0000, -148.0000,  150, 150, 150
L -346.0000, -79.0000, -149.0000,  -346.0000, -74.0000, -148.0000,  150, 150, 150
L -347.0000, -85.0000, -149.0000,  -346.0000, -79.0000, -149.0000,  150, 150, 150
L -348.0000, -94.0000, -148.0000,  -347.0000, -85.0000, -149.0000,  150, 150, 150
L -349.0000, -101.0000, -149.0000,  -348.0000, -94.0000, -148.0000,  150, 150, 150
L -350.0000, -106.0000, -149.0000,  -349.0000, -101.0000, -149.0000,  150, 150, 150
L -351.0000, -111.0000, -150.0000,  -350.0000, -106.0000, -149.0000,  150, 150, 150
L -351.0000, -117.0000, -150.0000,  -351.0000, -111.0000, -150.0000,  150, 150, 150
L -351.0000, -127.0000, -151.0000,  -351.0000, -117.0000, -150.0000,  150, 150, 150
L -351.0000, -129.0000, -151.0000,  -351.0000, -127.0000, -151.0000,  150, 150, 150
L -350.0000, -133.0000, -150.0000,  -351.0000, -129.0000, -151.0000,  150, 150, 150
L -350.0000, -138.0000, -150.0000,  -350.0000, -133.0000, -150.0000,  150, 150, 150
L -275.0000, -302.0000, -145.0000,  -350.0000, -138.0000, -150.0000,  150, 150, 150
L -259.0000, -338.0000, -143.0000,  -275.0000, -302.0000, -145.0000,  150, 150, 150
L -257.0000, -341.0000, -143.0000,  -259.0000, -338.0000, -143.0000,  150, 150, 150
L -219.0000, -401.0000, -132.0000,  -257.0000, -341.0000, -143.0000,  150, 150, 150
L -137.0000, -456.0000, -126.0000,  -219.0000, -401.0000, -132.0000,  150, 150, 150
L -502.0000, 510.0000, -147.0000,  -548.0000, 485.0000, -140.0000,  150, 150, 150
L -500.0000, 515.0000, -147.0000,  -502.0000, 510.0000, -147.0000,  150, 150, 150
L -490.0000, 542.0000, -146.0000,  -500.0000, 515.0000, -147.0000,  150, 150, 150
L -484.0000, 583.0000, -144.0000,  -490.0000, 542.0000, -146.0000,  150, 150, 150
L -483.0000, 586.0000, -144.0000,  -484.0000, 583.0000, -144.0000,  150, 150, 150
L -468.0000, 615.0000, -145.0000,  -483.0000, 586.0000, -144.0000,  150, 150, 150
L -458.0000, 627.0000, -146.0000,  -468.0000, 615.0000, -145.0000,  150, 150, 150
L -446.0000, 639.0000, -147.0000,  -458.0000, 627.0000, -146.0000,  150, 150, 150
L -443.0000, 644.0000, -147.0000,  -446.0000, 639.0000, -147.0000,  150, 150, 150
L -430.0000, 664.0000, -148.0000,  -443.0000, 644.0000, -147.0000,  150, 150, 150
L -428.0000, 671.0000, -147.0000,  -430.0000, 664.0000, -148.0000,  150, 150, 150
L -427.0000, 683.0000, -147.0000,  -428.0000, 671.0000, -147.0000,  150, 150, 150
L -426.0000, 685.0000, -147.0000,  -427.0000, 683.0000, -147.0000,  150, 150, 150
L -426.0000, 693.0000, -145.0000,  -426.0000, 685.0000, -147.0000,  150, 150, 150
L -425.0000, 701.0000, -144.0000,  -426.0000, 693.0000, -145.0000,  150, 150, 150
L -425.0000, 709.0000, -143.0000,  -425.0000, 701.0000, -144.0000,  150, 150, 150
L -423.0000, 716.0000, -143.0000,  -425.0000, 709.0000, -143.0000,  150, 150, 150
L -421.0000, 720.0000, -144.0000,  -423.0000, 716.0000, -143.0000,  150, 150, 150
L -403.0000, 745.0000, -146.0000,  -421.0000, 720.0000, -144.0000,  150, 150, 150
L -354.0000, 777.0000, -145.0000,  -403.0000, 745.0000, -146.0000,  150, 150, 150
L -325.0000, 795.0000, -145.0000,  -354.0000, 777.0000, -145.0000,  150, 150, 150
L -313.0000, 805.0000, -144.0000,  -325.0000, 795.0000, -145.0000,  150, 150, 150
L -294.0000, 823.0000, -146.0000,  -313.0000, 805.0000, -144.0000,  150, 150, 150
L -279.0000, 854.0000, -147.0000,  -294.0000, 823.0000, -146.0000,  150, 150, 150
L -235.0000, 901.0000, -151.0000,  -279.0000, 854.0000, -147.0000,  150, 150, 150
L -233.0000, 903.0000, -151.0000,  -235.0000, 901.0000, -151.0000,  150, 150, 150
L -208.0000, 915.0000, -150.0000,  -233.0000, 903.0000, -151.0000,  150, 150, 150
L -172.0000, 931.0000, -150.0000,  -208.0000, 915.0000, -150.0000,  150, 150, 150
L -169.0000, 933.0000, -150.0000,  -172.0000, 931.0000, -150.0000,  150, 150, 150
L -163.0000, 939.0000, -149.0000,  -169.0000, 933.0000, -150.0000,  150, 150, 150
L -155.0000, 948.0000, -149.0000,  -163.0000, 939.0000, -149.0000,  150, 150, 150
L -152.0000, 954.0000, -150.0000,  -155.0000, 948.0000, -149.0000,  150, 150, 150
L -157.0000, 1007.0000, -155.0000,  -152.0000, 954.0000, -150.0000,  150, 150, 150
L -158.0000, 1014.0000, -156.0000,  -157.0000, 1007.0000, -155.0000,  150, 150, 150
L -160.0000, 1025.0000, -157.0000,  -158.0000, 1014.0000, -156.0000,  150, 150, 150
L -164.0000, 1076.0000, -162.0000,  -160.0000, 1025.0000, -157.0000,  150, 150, 150
L -179.0000, 1083.0000, -162.0000,  -164.0000, 1076.0000, -162.0000,  150, 150, 150
L -192.0000, 1088.0000, -164.0000,  -179.0000, 1083.0000, -162.0000,  150, 150, 150
L -235.0000, 1091.0000, -166.0000,  -192.0000, 1088.0000, -164.0000,  150, 150, 150
L -237.0000, 1091.0000, -166.0000,  -235.0000, 1091.0000, -166.0000,  150, 150, 150
L -270.0000, 1087.0000, -168.0000,  -237.0000, 1091.0000, -166.0000,  150, 150, 150
L -273.0000, 1086.0000, -168.0000,  -270.0000, 1087.0000, -168.0000,  150, 150, 150
L -328.0000, 1051.0000, -169.0000,  -273.0000, 1086.0000, -168.0000,  150, 150, 150
L -356.0000, 1040.0000, -165.0000,  -328.0000, 1051.0000, -169.0000,  150, 150, 150
L -384.0000, 1035.0000, -165.0000,  -356.0000, 1040.0000, -165.0000,  150, 150, 150
L -387.0000, 1036.0000, -165.0000,  -384.0000, 1035.0000, -165.0000,  150, 150, 150
L -390.0000, 1037.0000, -165.0000,  -387.0000, 1036.0000, -165.0000,  150, 150, 150
L -428.0000, 1060.0000, -167.0000,  -390.0000, 1037.0000, -165.0000,  150, 150, 150
L -430.0000, 1061.0000, -167.0000,  -428.0000, 1060.0000, -167.0000,  150, 150, 150
L -440.0000, 1060.0000, -165.0000,  -430.0000, 1061.0000, -167.0000,  150, 150, 150
L -489.0000, 1025.0000, -171.0000,  -440.0000, 1060.0000, -165.0000,  150, 150, 150
L -575.0000, 984.0000, -174.0000,  -489.0000, 1025.0000, -171.0000,  150, 150, 150
L -577.0000, 983.0000, -174.0000,  -575.0000, 984.0000, -174.0000,  150, 150, 150
L -619.0000, 953.0000, -173.0000,  -577.0000, 983.0000, -174.0000,  150, 150, 150
L -624.0000, 950.0000, -172.0000,  -619.0000, 953.0000, -173.0000,  150, 150, 150
L -644.0000, 939.0000, -170.0000,  -624.0000, 950.0000, -172.0000,  150, 150, 150
L -707.0000, 930.0000, -162.0000,  -644.0000, 939.0000, -170.0000,  150, 150, 150
L -760.0000, 916.0000, -160.0000,  -707.0000, 930.0000, -162.0000,  150, 150, 150
L -763.0000, 915.0000, -160.0000,  -760.0000, 916.0000, -160.0000,  150, 150, 150
L -799.0000, 886.0000, -160.0000,  -763.0000, 915.0000, -160.0000,  150, 150, 150
L -800.0000, 885.0000, -160.0000,  -799.0000, 886.0000, -160.0000,  150, 150, 150
L -862.0000, 850.0000, -159.0000,  -800.0000, 885.0000, -160.0000,  150, 150, 150
L -863.0000, 849.0000, -159.0000,  -862.0000, 850.0000, -159.0000,  150, 150, 150
L -900.0000, 838.0000, -160.0000,  -863.0000, 849.0000, -159.0000,  150, 150, 150
L -909.0000, 837.0000, -161.0000,  -900.0000, 838.0000, -160.0000,  150, 150, 150
L -928.0000, 834.0000, -161.0000,  -909.0000, 837.0000, -161.0000,  150, 150, 150
L -944.0000, 825.0000, -162.0000,  -928.0000, 834.0000, -161.0000,  150, 150, 150
L -992.0000, 754.0000, -161.0000,  -944.0000, 825.0000, -162.0000,  150, 150, 150
L -993.0000, 753.0000, -161.0000,  -992.0000, 754.0000, -161.0000,  150, 150, 150
L -1034.0000, 713.0000, -156.0000,  -993.0000, 753.0000, -161.0000,  150, 150, 150
L -1063.0000, 685.0000, -151.0000,  -1034.0000, 713.0000, -156.0000,  150, 150, 150
L -1064.0000, 684.0000, -151.0000,  -1063.0000, 685.0000, -151.0000,  150, 150, 150
L -1089.0000, 648.0000, -149.0000,  -1064.0000, 684.0000, -151.0000,  150, 150, 150
L -1091.0000, 645.0000, -149.0000,  -1089.0000, 648.0000, -149.0000,  150, 150, 150
L -1094.0000, 638.0000, -149.0000,  -1091.0000, 645.0000, -149.0000,  150, 150, 150
L -1097.0000, 625.0000, -148.0000,  -1094.0000, 638.0000, -149.0000,  150, 150, 150
L -1099.0000, 615.0000, -149.0000,  -1097.0000, 625.0000, -148.0000,  150, 150, 150
L -1099.0000, 606.0000, -149.0000,  -1099.0000, 615.0000, -149.0000,  150, 150, 150
L -1085.0000, 565.0000, -151.0000,  -1099.0000, 606.0000, -149.0000,  150, 150, 150
L -1083.0000, 559.0000, -152.0000,  -1085.0000, 565.0000, -151.0000,  150, 150, 150
L -1074.0000, 520.0000, -159.0000,  -1083.0000, 559.0000, -152.0000,  150, 150, 150
L -1074.0000, 518.0000, -159.0000,  -1074.0000, 520.0000, -159.0000,  150, 150, 150
L -1073.0000, 515.0000, -160.0000,  -1074.0000, 518.0000, -159.0000,  150, 150, 150
L -1072.0000, 505.0000, -161.0000,  -1073.0000, 515.0000, -160.0000,  150, 150, 150
L -1072.0000, 503.0000, -161.0000,  -1072.0000, 505.0000, -161.0000,  150, 150, 150
L -1071.0000, 496.0000, -161.0000,  -1072.0000, 503.0000, -161.0000,  150, 150, 150
L -1070.0000, 485.0000, -163.0000,  -1071.0000, 496.0000, -161.0000,  150, 150, 150
L -1070.0000, 483.0000, -163.0000,  -1070.0000, 485.0000, -163.0000,  150, 150, 150
L -1070.0000, 468.0000, -163.0000,  -1070.0000, 483.0000, -163.0000,  150, 150, 150
L -1087.0000, 420.0000, -161.0000,  -1070.0000, 468.0000, -163.0000,  150, 150, 150
L -1088.0000, 415.0000, -161.0000,  -1087.0000, 420.0000, -161.0000,  150, 150, 150
L -1093.0000, 392.0000, -162.0000,  -1088.0000, 415.0000, -161.0000,  150, 150, 150
L -1094.0000, 387.0000, -163.0000,  -1093.0000, 392.0000, -162.0000,  150, 150, 150
L -1096.0000, 382.0000, -164.0000,  -1094.0000, 387.0000, -163.0000,  150, 150, 150
L -1096.0000, 371.0000, -164.0000,  -1096.0000, 382.0000, -164.0000,  150, 150, 150
L -1095.0000, 365.0000, -163.0000,  -1096.0000, 371.0000, -164.0000,  150, 150, 150
L -1094.0000, 354.0000, -163.0000,  -1095.0000, 365.0000, -163.0000,  150, 150, 150
L -1091.0000, 343.0000, -161.0000,  -1094.0000, 354.0000, -163.0000,  150, 150, 150
L -1087.0000, 332.0000, -160.0000,  -1091.0000, 343.0000, -161.0000,  150, 150, 150
L -1085.0000, 327.0000, -159.0000,  -1087.0000, 332.0000, -160.0000,  150, 150, 150
L -1083.0000, 324.0000, -159.0000,  -1085.0000, 327.0000, -159.0000,  150, 150, 150
L -1032.0000, 283.0000, -158.0000,  -1083.0000, 324.0000, -159.0000,  150, 150, 150
L -1024.0000, 280.0000, -158.0000,  -1032.0000, 283.0000, -158.0000,  150, 150, 150
L -978.0000, 273.0000, -157.0000,  -1024.0000, 280.0000, -158.0000,  150, 150, 150
L -927.0000, 273.0000, -158.0000,  -978.0000, 273.0000, -157.0000,  150, 150, 150
L -924.0000, 274.0000, -158.0000,  -927.0000, 273.0000, -158.0000,  150, 150, 150
L -877.0000, 287.0000, -158.0000,  -924.0000, 274.0000, -158.0000,  150, 150, 150
L -847.0000, 307.0000, -157.0000,  -877.0000, 287.0000, -158.0000,  150, 150, 150
L -815.0000, 329.0000, -159.0000,  -847.0000, 307.0000, -157.0000,  150, 150, 150
L -814.0000, 330.0000, -159.0000,  -815.0000, 329.0000, -159.0000,  150, 150, 150
L -767.0000, 382.0000, -158.0000,  -814.0000, 330.0000, -159.0000,  150, 150, 150
L -740.0000, 411.0000, -159.0000,  -767.0000, 382.0000, -158.0000,  150, 150, 150
L -738.0000, 413.0000, -159.0000,  -740.0000, 411.0000, -159.0000,  150, 150, 150
L -696.0000, 440.0000, -158.0000,  -738.0000, 413.0000, -159.0000,  150, 150, 150
L -596.0000, 461.0000, -142.0000,  -696.0000, 440.0000, -158.0000,  150, 150, 150
L -591.0000, 462.0000, -142.0000,  -596.0000, 461.0000, -142.0000,  150, 150, 150
L -548.0000, 485.0000, -140.0000,  -591.0000, 462.0000, -142.0000,  150, 150, 150
L 642.0000, 600.0000, -141.0000,  623.7000, 611.0000, -142.0000,  150, 150, 150
L 651.0000, 593.0000, -141.0000,  642.0000, 600.0000, -141.0000,  150, 150, 150
L 721.0000, 558.0000, -140.0000,  651.0000, 593.0000, -141.0000,  150, 150, 150
L 727.0000, 556.0000, -140.0000,  721.0000, 558.0000, -140.0000,  150, 150, 150
L 759.0000, 549.0000, -139.0000,  727.0000, 556.0000, -140.0000,  150, 150, 150
L 790.0000, 548.0000, -138.0000,  759.0000, 549.0000, -139.0000,  150, 150, 150
L 807.0000, 550.0000, -135.0000,  790.0000, 548.0000, -138.0000,  150, 150, 150
L 862.0000, 552.0000, -134.0000,  807.0000, 550.0000, -135.0000,  150, 150, 150
L 864.0000, 553.0000, -134.0000,  862.0000, 552.0000, -134.0000,  150, 150, 150
L 871.0000, 556.0000, -133.0000,  864.0000, 553.0000, -134.0000,  150, 150, 150
L 881.0000, 566.0000, -132.0000,  871.0000, 556.0000, -133.0000,  150, 150, 150
L 883.0000, 569.0000, -131.0000,  881.0000, 566.0000, -132.0000,  150, 150, 150
L 901.0000, 592.0000, -133.0000,  883.0000, 569.0000, -131.0000,  150, 150, 150
L 903.0000, 597.0000, -133.0000,  901.0000, 592.0000, -133.0000,  150, 150, 150
L 916.0000, 630.0000, -136.0000,  903.0000, 597.0000, -133.0000,  150, 150, 150
L 917.0000, 631.0000, -136.0000,  916.0000, 630.0000, -136.0000,  150, 150, 150
L 917.0000, 636.0000, -136.0000,  917.0000, 631.0000, -136.0000,  150, 150, 150
L 918.0000, 643.0000, -136.0000,  917.0000, 636.0000, -136.0000,  150, 150, 150
L 919.0000, 650.0000, -137.0000,  918.0000, 643.0000, -136.0000,  150, 150, 150
L 919.0000, 658.0000, -137.0000,  919.0000, 650.0000, -137.0000,  150, 150, 150
L 920.0000, 665.0000, -137.0000,  919.0000, 658.0000, -137.0000,  150, 150, 150
L 934.0000, 722.0000, -134.0000,  920.0000, 665.0000, -137.0000,  150, 150, 150
L 935.0000, 726.0000, -134.0000,  934.0000, 722.0000, -134.0000,  150, 150, 150
L 935.0000, 742.0000, -133.0000,  935.0000, 726.0000, -134.0000,  150, 150, 150
L 933.0000, 751.0000, -133.0000,  935.0000, 742.0000, -133.0000,  150, 150, 150
L 933.0000, 756.0000, -132.0000,  933.0000, 751.0000, -133.0000,  150, 150, 150
L 928.0000, 769.0000, -131.0000,  933.0000, 756.0000, -132.0000,  150, 150, 150
L 920.0000, 791.0000, -128.0000,  928.0000, 769.0000, -131.0000,  150, 150, 150
L 918.0000, 794.0000, -127.0000,  920.0000, 791.0000, -128.0000,  150, 150, 150
L 904.0000, 810.0000, -125.0000,  918.0000, 794.0000, -127.0000,  150, 150, 150
L 901.0000, 812.0000, -125.0000,  904.0000, 810.0000, -125.0000,  150, 150, 150
L 896.0000, 814.0000, -125.0000,  901.0000, 812.0000, -125.0000,  150, 150, 150
L 843.0000, 824.0000, -129.0000,  896.0000, 814.0000, -125.0000,  150, 150, 150
L 821.0000, 831.0000, -135.0000,  843.0000, 824.0000, -129.0000,  150, 150, 150
L 800.0000, 839.0000, -142.0000,  821.0000, 831.0000, -135.0000,  150, 150, 150
L 779.0000, 849.0000, -144.0000,  800.0000, 839.0000, -142.0000,  150, 150, 150
L 699.0000, 870.0000, -142.0000,  779.0000, 849.0000, -144.0000,  150, 150, 150
L 697.0000, 870.0000, -142.0000,  699.0000, 870.0000, -142.0000,  150, 150, 150
L 683.0000, 876.0000, -142.0000,  697.0000, 870.0000, -142.0000,  150, 150, 150
L 670.0000, 877.0000, -142.0000,  683.0000, 876.0000, -142.0000,  150, 150, 150
L 666.0000, 877.0000, -142.0000,  670.0000, 877.0000, -142.0000,  150, 150, 150
L 584.0000, 826.0000, -146.0000,  666.0000, 877.0000, -142.0000,  150, 150, 150
L 581.0000, 824.0000, -147.0000,  584.0000, 826.0000, -146.0000,  150, 150, 150
L 580.0000, 822.0000, -147.0000,  581.0000, 824.0000, -147.0000,  150, 150, 150
L 564.0000, 803.0000, -148.0000,  580.0000, 822.0000, -147.0000,  150, 150, 150
L 533.0000, 774.0000, -151.0000,  564.0000, 803.0000, -148.0000,  150, 150, 150
L 532.0000, 772.0000, -151.0000,  533.0000, 774.0000, -151.0000,  150, 150, 150
L 527.0000, 753.0000, -152.0000,  532.0000, 772.0000, -151.0000,  150, 150, 150
L 528.0000, 751.0000, -152.0000,  527.0000, 753.0000, -152.0000,  150, 150, 150
L 533.0000, 729.0000, -149.0000,  528.0000, 751.0000, -152.0000,  150, 150, 150
L 534.0000, 728.0000, -149.0000,  533.0000, 729.0000, -149.0000,  150, 150, 150
L 555.0000, 694.0000, -145.0000,  534.0000, 728.0000, -149.0000,  150, 150, 150
L 557.0000, 691.0000, -145.0000,  555.0000, 694.0000, -145.0000,  150, 150, 150
L 623.7000, 611.0000, -145.0000,  557.0000, 691.0000, -145.0000,  150, 150, 150
L 1498.0000, 235.0000, -148.0000,  1513.0000, 196.9000, -147.0000,  150, 150, 150
L 1496.0000, 239.0000, -148.0000,  1498.0000, 235.0000, -148.0000,  150, 150, 150
L 1494.0000, 244.0000, -149.0000,  1496.0000, 239.0000, -148.0000,  150, 150, 150
L 1493.0000, 245.0000, -149.0000,  1494.0000, 244.0000, -149.0000,  150, 150, 150
L 1465.0000, 273.0000, -149.0000,  1493.0000, 245.0000, -149.0000,  150, 150, 150
L 1393.0000, 307.0000, -151.0000,  1465.0000, 273.0000, -149.0000,  150, 150, 150
L 1384.0000, 309.0000, -152.0000,  1393.0000, 307.0000, -151.0000,  150, 150, 150
L 1293.0000, 305.0000, -154.0000,  1384.0000, 309.0000, -152.0000,  150, 150, 150
L 1253.0000, 302.0000, -155.0000,  1293.0000, 305.0000, -154.0000,  150, 150, 150
L 1249.0000, 301.0000, -155.0000,  1253.0000, 302.0000, -155.0000,  150, 150, 150
L 1226.0000, 293.0000, -153.0000,  1249.0000, 301.0000, -155.0000,  150, 150, 150
L 1171.0000, 258.0000, -152.0000,  1226.0000, 293.0000, -153.0000,  150, 150, 150
L 1153.0000, 239.0000, -152.0000,  1171.0000, 258.0000, -152.0000,  150, 150, 150
L 1144.0000, 231.0000, -151.0000,  1153.0000, 239.0000, -152.0000,  150, 150, 150
L 1142.0000, 228.0000, -152.0000,  1144.0000, 231.0000, -151.0000,  150, 150, 150
L 1124.0000, 200.0000, -152.0000,  1142.0000, 228.0000, -152.0000,  150, 150, 150
L 1122.0000, 195.0000, -152.0000,  1124.0000, 200.0000, -152.0000,  150, 150, 150
L 1121.0000, 189.0000, -153.0000,  1122.0000, 195.0000, -152.0000,  150, 150, 150
L 1120.0000, 185.0000, -153.0000,  1121.0000, 189.0000, -153.0000,  150, 150, 150
L 1119.0000, 180.0000, -154.0000,  1120.0000, 185.0000, -153.0000,  150, 150, 150
L 1118.0000, 174.0000, -153.0000,  1119.0000, 180.0000, -154.0000,  150, 150, 150
L 1116.0000, 169.0000, -153.0000,  1118.0000, 174.0000, -153.0000,  150, 150, 150
L 1115.0000, 161.0000, -152.0000,  1116.0000, 169.0000, -153.0000,  150, 150, 150
L 1114.0000, 157.0000, -152.0000,  1115.0000, 161.0000, -152.0000,  150, 150, 150
L 1113.0000, 151.0000, -152.0000,  1114.0000, 157.0000, -152.0000,  150, 150, 150
L 1111.0000, 144.0000, -152.0000,  1113.0000, 151.0000, -152.0000,  150, 150, 150
L 1110.0000, 138.0000, -152.0000,  1111.0000, 144.0000, -152.0000,  150, 150, 150
L 1110.0000, 132.0000, -152.0000,  1110.0000, 138.0000, -152.0000,  150, 150, 150
L 1111.0000, 125.0000, -152.0000,  1110.0000, 132.0000, -152.0000,  150, 150, 150
L 1112.0000, 119.0000, -151.0000,  1111.0000, 125.0000, -152.0000,  150, 150, 150
L 1113.0000, 114.0000, -152.0000,  1112.0000, 119.0000, -151.0000,  150, 150, 150
L 1114.0000, 110.0000, -152.0000,  1113.0000, 114.0000, -152.0000,  150, 150, 150
L 1115.0000, 103.0000, -152.0000,  1114.0000, 110.0000, -152.0000,  150, 150, 150
L 1117.0000, 96.0000, -152.0000,  1115.0000, 103.0000, -152.0000,  150, 150, 150
L 1144.0000, 45.0000, -150.0000,  1117.0000, 96.0000, -152.0000,  150, 150, 150
L 1155.0000, 31.0000, -150.0000,  1144.0000, 45.0000, -150.0000,  150, 150, 150
L 1172.0000, 13.0000, -150.0000,  1155.0000, 31.0000, -150.0000,  150, 150, 150
L 1243.0000, -29.0000, -153.0000,  1172.0000, 13.0000, -150.0000,  150, 150, 150
L 1294.0000, -62.0000, -152.0000,  1243.0000, -29.0000, -153.0000,  150, 150, 150
L 1338.0000, -86.0000, -150.0000,  1294.0000, -62.0000, -152.0000,  150, 150, 150
L 1341.0000, -87.0000, -150.0000,  1338.0000, -86.0000, -150.0000,  150, 150, 150
L 1369.0000, -92.0000, -150.0000,  1341.0000, -87.0000, -150.0000,  150, 150, 150
L 1371.0000, -92.0000, -150.0000,  1369.0000, -92.0000, -150.0000,  150, 150, 150
L 1429.0000, -79.0000, -148.0000,  1371.0000, -92.0000, -150.0000,  150, 150, 150
L 1432.0000, -78.0000, -147.0000,  1429.0000, -79.0000, -148.0000,  150, 150, 150
L 1456.0000, -61.0000, -146.0000,  1432.0000, -78.0000, -147.0000,  150, 150, 150
L 1465.0000, -53.0000, -146.0000,  1456.0000, -61.0000, -146.0000,  150, 150, 150
L 1468.0000, -49.0000, -145.0000,  1465.0000, -53.0000, -146.0000,  150, 150, 150
L 1492.0000, -5.0000, -142.0000,  1468.0000, -49.0000, -145.0000,  150, 150, 150
L 1494.0000, 0.0000, -142.0000,  1492.0000, -5.0000, -142.0000,  150, 150, 150
L 1496.0000, 8.0000, -142.0000,  1494.0000, 0.0000, -142.0000,  150, 150, 150
L 1496.0000, 10.0000, -142.0000,  1496.0000, 8.0000, -142.0000,  150, 150, 150
L 1497.0000, 15.0000, -142.0000,  1496.0000, 10.0000, -142.0000,  150, 150, 150
L 1498.0000, 21.0000, -141.0000,  1497.0000, 15.0000, -142.0000,  150, 150, 150
L 1499.0000, 97.0000, -146.0000,  1498.0000, 21.0000, -141.0000,  150, 150, 150
L 1498.0000, 102.0000, -146.0000,  1499.0000, 97.0000, -146.0000,  150, 150, 150
L 1498.0000, 104.0000, -146.0000,  1498.0000, 102.0000, -146.0000,  150, 150, 150
L 1498.0000, 114.0000, -148.0000,  1498.0000, 104.0000, -146.0000,  150, 150, 150
L 1499.0000, 120.0000, -149.0000,  1498.0000, 114.0000, -148.0000,  150, 150, 150
L 1500.0000, 124.0000, -148.0000,  1499.0000, 120.0000, -149.0000,  150, 150, 150
L 1501.0000, 131.0000, -148.0000,  1500.0000, 124.0000, -148.0000,  150, 150, 150
L 1502.0000, 137.0000, -148.0000,  1501.0000, 131.0000, -148.0000,  150, 150, 150
L 1503.0000, 141.0000, -147.0000,  1502.0000, 137.0000, -148.0000,  150, 150, 150
L 1504.0000, 145.0000, -148.0000,  1503.0000, 141.0000, -147.0000,  150, 150, 150
L 1505.0000, 152.0000, -148.0000,  1504.0000, 145.0000, -148.0000,  150, 150, 150
L 1506.0000, 156.0000, -148.0000,  1505.0000, 152.0000, -148.0000,  150, 150, 150
L 1507.0000, 162.0000, -147.0000,  1506.0000, 156.0000, -148.0000,  150, 150, 150
L 1508.0000, 168.0000, -147.0000,  1507.0000, 162.0000, -147.0000,  150, 150, 150
L 1509.0000, 172.0000, -146.0000,  1508.0000, 168.0000, -147.0000,  150, 150, 150
L 1510.0000, 178.0000, -147.0000,  1509.0000, 172.0000, -146.0000,  150, 150, 150
L 1511.0000, 183.0000, -147.0000,  1510.0000, 178.0000, -147.0000,  150, 150, 150
L 1513.0000, 191.0000, -147.0000,  1511.0000, 183.0000, -147.0000,  150, 150, 150
L 1513.0000, 196.9000, -147.0000,  1513.0000, 191.0000, -147.0000,  150, 150, 150
L 1602.0000, 247.0000, -151.0000,  1623.6000, 301.1000, -148.0000,  150, 150, 150
L 1601.0000, 241.0000, -151.0000,  1602.0000, 247.0000, -151.0000,  150, 150, 150
L 1601.0000, 233.0000, -151.0000,  1601.0000, 241.0000, -151.0000,  150, 150, 150
L 1600.0000, 218.0000, -151.0000,  1601.0000, 233.0000, -151.0000,  150, 150, 150
L 1599.0000, 217.0000, -151.0000,  1600.0000, 218.0000, -151.0000,  150, 150, 150
L 1588.0000, 180.0000, -152.0000,  1599.0000, 217.0000, -151.0000,  150, 150, 150
L 1566.0000, 136.0000, -149.0000,  1588.0000, 180.0000, -152.0000,  150, 150, 150
L 1565.0000, 135.0000, -149.0000,  1566.0000, 136.0000, -149.0000,  150, 150, 150
L 1564.0000, 132.0000, -149.0000,  1565.0000, 135.0000, -149.0000,  150, 150, 150
L 1544.0000, 73.0000, -146.0000,  1564.0000, 132.0000, -149.0000,  150, 150, 150
L 1543.0000, 68.0000, -146.0000,  1544.0000, 73.0000, -146.0000,  150, 150, 150
L 1541.0000, -35.0000, -145.0000,  1543.0000, 68.0000, -146.0000,  150, 150, 150
L 1541.0000, -37.0000, -146.0000,  1541.0000, -35.0000, -145.0000,  150, 150, 150
L 1541.0000, -46.0000, -146.0000,  1541.0000, -37.0000, -146.0000,  150, 150, 150
L 1540.0000, -60.0000, -147.0000,  1541.0000, -46.0000, -146.0000,  150, 150, 150
L 1539.0000, -62.0000, -147.0000,  1540.0000, -60.0000, -147.0000,  150, 150, 150
L 1539.0000, -71.0000, -148.0000,  1539.0000, -62.0000, -147.0000,  150, 150, 150
L 1538.0000, -97.0000, -151.0000,  1539.0000, -71.0000, -148.0000,  150, 150, 150
L 1538.0000, -99.0000, -152.0000,  1538.0000, -97.0000, -151.0000,  150, 150, 150
L 1537.0000, -116.0000, -152.0000,  1538.0000, -99.0000, -152.0000,  150, 150, 150
L 1535.0000, -121.0000, -152.0000,  1537.0000, -116.0000, -152.0000,  150, 150, 150
L 1519.0000, -152.0000, -152.0000,  1535.0000, -121.0000, -152.0000,  150, 150, 150
L 1518.0000, -153.0000, -152.0000,  1519.0000, -152.0000, -152.0000,  150, 150, 150
L 1488.0000, -182.0000, -155.0000,  1518.0000, -153.0000, -152.0000,  150, 150, 150
L 1487.0000, -183.0000, -155.0000,  1488.0000, -182.0000, -155.0000,  150, 150, 150
L 1483.0000, -187.0000, -155.0000,  1487.0000, -183.0000, -155.0000,  150, 150, 150
L 1477.0000, -198.0000, -156.0000,  1483.0000, -187.0000, -155.0000,  150, 150, 150
L 1476.0000, -203.0000, -155.0000,  1477.0000, -198.0000, -156.0000,  150, 150, 150
L 1472.0000, -218.0000, -154.0000,  1476.0000, -203.0000, -155.0000,  150, 150, 150
L 1472.0000, -220.0000, -154.0000,  1472.0000, -218.0000, -154.0000,  150, 150, 150
L 1470.0000, -229.0000, -152.0000,  1472.0000, -220.0000, -154.0000,  150, 150, 150
L 1469.0000, -233.0000, -153.0000,  1470.0000, -229.0000, -152.0000,  150, 150, 150
L 1463.0000, -254.0000, -153.0000,  1469.0000, -233.0000, -153.0000,  150, 150, 150
L 1452.0000, -287.0000, -151.0000,  1463.0000, -254.0000, -153.0000,  150, 150, 150
L 1450.0000, -290.0000, -151.0000,  1452.0000, -287.0000, -151.0000,  150, 150, 150
L 1445.0000, -292.0000, -151.0000,  1450.0000, -290.0000, -151.0000,  150, 150, 150
L 1440.0000, -293.0000, -151.0000,  1445.0000, -292.0000, -151.0000,  150, 150, 150
L 1383.0000, -271.0000, -149.0000,  1440.0000, -293.0000, -151.0000,  150, 150, 150
L 1347.0000, -256.0000, -148.0000,  1383.0000, -271.0000, -149.0000,  150, 150, 150
L 1345.0000, -256.0000, -148.0000,  1347.0000, -256.0000, -148.0000,  150, 150, 150
L 1311.0000, -248.0000, -146.0000,  1345.0000, -256.0000, -148.0000,  150, 150, 150
L 1272.0000, -239.0000, -146.0000,  1311.0000, -248.0000, -146.0000,  150, 150, 150
L 1268.0000, -239.0000, -146.0000,  1272.0000, -239.0000, -146.0000,  150, 150, 150
L 1237.0000, -238.0000, -142.0000,  1268.0000, -239.0000, -146.0000,  150, 150, 150
L 1194.0000, -245.0000, -140.0000,  1237.0000, -238.0000, -142.0000,  150, 150, 150
L 1186.0000, -248.0000, -139.0000,  1194.0000, -245.0000, -140.0000,  150, 150, 150
L 1160.0000, -267.0000, -141.0000,  1186.0000, -248.0000, -139.0000,  150, 150, 150
L 1143.0000, -285.0000, -142.0000,  1160.0000, -267.0000, -141.0000,  150, 150, 150
L 1127.0000, -309.0000, -143.0000,  1143.0000, -285.0000, -142.0000,  150, 150, 150
L 1124.0000, -316.0000, -143.0000,  1127.0000, -309.0000, -143.0000,  150, 150, 150
L 1121.0000, -327.0000, -143.0000,  1124.0000, -316.0000, -143.0000,  150, 150, 150
L 1121.0000, -331.0000, -144.0000,  1121.0000, -327.0000, -143.0000,  150, 150, 150
L 1119.0000, -340.0000, -144.0000,  1121.0000, -331.0000, -144.0000,  150, 150, 150
L 1118.0000, -344.0000, -145.0000,  1119.0000, -340.0000, -144.0000,  150, 150, 150
L 1117.0000, -348.0000, -145.0000,  1118.0000, -344.0000, -145.0000,  150, 150, 150
L 1117.0000, -366.0000, -145.0000,  1117.0000, -348.0000, -145.0000,  150, 150, 150
L 1118.0000, -371.0000, -145.0000,  1117.0000, -366.0000, -145.0000,  150, 150, 150
L 1119.0000, -376.0000, -144.0000,  1118.0000, -371.0000, -145.0000,  150, 150, 150
L 1120.0000, -384.0000, -145.0000,  1119.0000, -376.0000, -144.0000,  150, 150, 150
L 1120.0000, -386.0000, -145.0000,  1120.0000, -384.0000, -145.0000,  150, 150, 150
L 1142.0000, -426.0000, -145.0000,  1120.0000, -386.0000, -145.0000,  150, 150, 150
L 1143.0000, -429.0000, -146.0000,  1142.0000, -426.0000, -145.0000,  150, 150, 150
L 1146.0000, -432.0000, -146.0000,  1143.0000, -429.0000, -146.0000,  150, 150, 150
L 1176.0000, -458.0000, -147.0000,  1146.0000, -432.0000, -146.0000,  150, 150, 150
L 1222.0000, -484.0000, -150.0000,  1176.0000, -458.0000, -147.0000,  150, 150, 150
L 1368.0000, -574.0000, -148.0000,  1222.0000, -484.0000, -150.0000,  150, 150, 150
L 1372.0000, -577.0000, -149.0000,  1368.0000, -574.0000, -148.0000,  150, 150, 150
L 1388.0000, -598.0000, -148.0000,  1372.0000, -577.0000, -149.0000,  150, 150, 150
L 1389.0000, -602.0000, -148.0000,  1388.0000, -598.0000, -148.0000,  150, 150, 150
L 1390.0000, -609.0000, -148.0000,  1389.0000, -602.0000, -148.0000,  150, 150, 150
L 1391.0000, -613.0000, -149.0000,  1390.0000, -609.0000, -148.0000,  150, 150, 150
L 1392.0000, -618.0000, -149.0000,  1391.0000, -613.0000, -149.0000,  150, 150, 150
L 1393.0000, -627.0000, -149.0000,  1392.0000, -618.0000, -149.0000,  150, 150, 150
L 1394.0000, -632.0000, -148.0000,  1393.0000, -627.0000, -149.0000,  150, 150, 150
L 1394.0000, -642.0000, -148.0000,  1394.0000, -632.0000, -148.0000,  150, 150, 150
L 1394.0000, -644.0000, -149.0000,  1394.0000, -642.0000, -148.0000,  150, 150, 150
L 1393.0000, -649.0000, -149.0000,  1394.0000, -644.0000, -149.0000,  150, 150, 150
L 1393.0000, -655.0000, -149.0000,  1393.0000, -649.0000, -149.0000,  150, 150, 150
L 1392.0000, -664.0000, -150.0000,  1393.0000, -655.0000, -149.0000,  150, 150, 150
L 1391.0000, -666.0000, -150.0000,  1392.0000, -664.0000, -150.0000,  150, 150, 150
L 1391.0000, -672.0000, -151.0000,  1391.0000, -666.0000, -150.0000,  150, 150, 150
L 1390.0000, -678.0000, -151.0000,  1391.0000, -672.0000, -151.0000,  150, 150, 150
L 1389.0000, -709.0000, -152.0000,  1390.0000, -678.0000, -151.0000,  150, 150, 150
L 1387.0000, -744.0000, -145.0000,  1389.0000, -709.0000, -152.0000,  150, 150, 150
L 1387.0000, -745.0000, -145.0000,  1387.0000, -744.0000, -145.0000,  150, 150, 150
L 1359.0000, -798.0000, -145.0000,  1387.0000, -745.0000, -145.0000,  150, 150, 150
L 1350.0000, -809.0000, -144.0000,  1359.0000, -798.0000, -145.0000,  150, 150, 150
L 1343.0000, -818.0000, -145.0000,  1350.0000, -809.0000, -144.0000,  150, 150, 150
L 1334.0000, -829.0000, -147.0000,  1343.0000, -818.0000, -145.0000,  150, 150, 150
L 1296.0000, -916.0000, -150.0000,  1334.0000, -829.0000, -147.0000,  150, 150, 150
L 1295.0000, -920.0000, -150.0000,  1296.0000, -916.0000, -150.0000,  150, 150, 150
L 1294.0000, -921.0000, -149.0000,  1295.0000, -920.0000, -150.0000,  150, 150, 150
L 1283.0000, -963.0000, -147.0000,  1294.0000, -921.0000, -149.0000,  150, 150, 150
L 1283.0000, -966.0000, -147.0000,  1283.0000, -963.0000, -147.0000,  150, 150, 150
L 1282.0000, -979.0000, -148.0000,  1283.0000, -966.0000, -147.0000,  150, 150, 150
L 1281.0000, -980.0000, -148.0000,  1282.0000, -979.0000, -148.0000,  150, 150, 150
L 1281.0000, -989.0000, -148.0000,  1281.0000, -980.0000, -148.0000,  150, 150, 150
L 1280.0000, -1004.0000, -149.0000,  1281.0000, -989.0000, -148.0000,  150, 150, 150
L 1280.0000, -1006.0000, -149.0000,  1280.0000, -1004.0000, -149.0000,  150, 150, 150
L 1279.0000, -1015.0000, -149.0000,  1280.0000, -1006.0000, -149.0000,  150, 150, 150
L 1278.0000, -1023.0000, -149.0000,  1279.0000, -1015.0000, -149.0000,  150, 150, 150
L 1278.0000, -1043.0000, -147.0000,  1278.0000, -1023.0000, -149.0000,  150, 150, 150
L 1279.0000, -1084.0000, -147.0000,  1278.0000, -1043.0000, -147.0000,  150, 150, 150
L 1279.0000, -1085.0000, -147.0000,  1279.0000, -1086.0000, -147.0000,  150, 150, 150
L 1281.0000, -1091.0000, -146.0000,  1279.0000, -1085.0000, -147.0000,  150, 150, 150
L 1281.0000, -1095.0000, -146.0000,  1281.0000, -1091.0000, -146.0000,  150, 150, 150
L 1282.0000, -1101.0000, -146.0000,  1281.0000, -1095.0000, -146.0000,  150, 150, 150
L 1283.0000, -1105.0000, -146.0000,  1282.0000, -1101.0000, -146.0000,  150, 150, 150
L 1284.0000, -1111.0000, -147.0000,  1283.0000, -1105.0000, -146.0000,  150, 150, 150
L 1292.0000, -1126.0000, -147.0000,  1284.0000, -1111.0000, -147.0000,  150, 150, 150
L 1298.0000, -1138.0000, -147.0000,  1292.0000, -1126.0000, -147.0000,  150, 150, 150
L 1332.0000, -1184.0000, -146.0000,  1298.0000, -1138.0000, -147.0000,  150, 150, 150
L 1367.0000, -1228.0000, -150.0000,  1332.0000, -1184.0000, -146.0000,  150, 150, 150
L 1368.0000, -1230.0000, -150.0000,  1367.0000, -1228.0000, -150.0000,  150, 150, 150
L 1384.0000, -1245.0000, -151.0000,  1368.0000, -1230.0000, -150.0000,  150, 150, 150
L 1413.0000, -1266.0000, -150.0000,  1384.0000, -1245.0000, -151.0000,  150, 150, 150
L 1456.0000, -1307.0000, -152.0000,  1413.0000, -1266.0000, -150.0000,  150, 150, 150
L 1459.0000, -1311.0000, -152.0000,  1456.0000, -1307.0000, -152.0000,  150, 150, 150
L 1480.0000, -1343.0000, -149.0000,  1459.0000, -1311.0000, -152.0000,  150, 150, 150
L 1521.0000, -1464.0000, -153.0000,  1480.0000, -1343.0000, -149.0000,  150, 150, 150
L 1525.0000, -1474.0000, -152.0000,  1521.0000, -1464.0000, -153.0000,  150, 150, 150
L 1524.0000, -1497.0000, -151.0000,  1525.0000, -1474.0000, -152.0000,  150, 150, 150
L 1523.0000, -1500.0000, -152.0000,  1524.0000, -1497.0000, -151.0000,  150, 150, 150
L 1486.0000, -1541.0000, -156.0000,  1523.0000, -1500.0000, -152.0000,  150, 150, 150
L 1484.0000, -1543.0000, -156.0000,  1486.0000, -1541.0000, -156.0000,  150, 150, 150
L 1468.0000, -1571.0000, -158.0000,  1484.0000, -1543.0000, -156.0000,  150, 150, 150
L 1450.0000, -1620.0000, -158.0000,  1468.0000, -1572.0000, -158.0000,  150, 150, 150
L 1447.0000, -1625.0000, -158.0000,  1450.0000, -1620.0000, -158.0000,  150, 150, 150
L 1428.0000, -1652.0000, -160.0000,  1447.0000, -1625.0000, -158.0000,  150, 150, 150
L 1402.0000, -1669.0000, -160.0000,  1428.0000, -1652.0000, -160.0000,  150, 150, 150
L 1262.0000, -1678.0000, -168.0000,  1402.0000, -1669.0000, -160.0000,  150, 150, 150
L 1149.0000, -1676.0000, -164.0000,  1262.0000, -1678.0000, -168.0000,  150, 150, 150
L 1040.0000, -1684.0000, -154.0000,  1149.0000, -1676.0000, -164.0000,  150, 150, 150
L 962.0000, -1713.0000, -149.0000,  1040.0000, -1684.0000, -154.0000,  150, 150, 150
L 911.0000, -1725.0000, -144.0000,  962.0000, -1713.0000, -149.0000,  150, 150, 150
L 847.0000, -1725.0000, -140.0000,  911.0000, -1725.0000, -144.0000,  150, 150, 150
L 802.0000, -1728.0000, -133.0000,  847.0000, -1725.0000, -140.0000,  150, 150, 150
L 771.0000, -1736.0000, -129.0000,  802.0000, -1728.0000, -133.0000,  150, 150, 150
L 715.0000, -1741.0000, -121.0000,  771.0000, -1736.0000, -129.0000,  150, 150, 150
L 710.0000, -1741.0000, -120.0000,  715.0000, -1741.0000, -121.0000,  150, 150, 150
L 706.0000, -1740.0000, -120.0000,  710.0000, -1741.0000, -120.0000,  150, 150, 150
L 687.0000, -1731.0000, -116.0000,  706.0000, -1740.0000, -120.0000,  150, 150, 150
L 684.0000, -1729.0000, -115.0000,  687.0000, -1731.0000, -116.0000,  150, 150, 150
L 681.0000, -1726.0000, -115.0000,  684.0000, -1729.0000, -115.0000,  150, 150, 150
L 678.0000, -1719.0000, -115.0000,  681.0000, -1726.0000, -115.0000,  150, 150, 150
L 672.0000, -1707.0000, -116.0000,  678.0000, -1719.0000, -115.0000,  150, 150, 150
L 674.0000, -1676.0000, -120.0000,  672.0000, -1707.0000, -116.0000,  150, 150, 150
L 386.0000, -1171.0000, -142.0000,  393.0000, -1166.0000, -143.0000,  150, 150, 150
L 376.0000, -1177.0000, -140.0000,  386.0000, -1171.0000, -142.0000,  150, 150, 150
L 356.0000, -1192.0000, -136.0000,  376.0000, -1177.0000, -140.0000,  150, 150, 150
L 322.0000, -1237.0000, -132.0000,  356.0000, -1192.0000, -136.0000,  150, 150, 150
L 320.0000, -1242.0000, -132.0000,  322.0000, -1237.0000, -132.0000,  150, 150, 150
L 307.0000, -1269.0000, -131.0000,  320.0000, -1242.0000, -132.0000,  150, 150, 150
L 306.0000, -1273.0000, -131.0000,  307.0000, -1269.0000, -131.0000,  150, 150, 150
L 305.0000, -1282.0000, -131.0000,  306.0000, -1273.0000, -131.0000,  150, 150, 150
L 305.0000, -1284.0000, -131.0000,  305.0000, -1282.0000, -131.0000,  150, 150, 150
L 303.0000, -1298.0000, -132.0000,  305.0000, -1284.0000, -131.0000,  150, 150, 150
L 303.0000, -1300.0000, -131.0000,  303.0000, -1298.0000, -132.0000,  150, 150, 150
L 302.0000, -1315.0000, -131.0000,  303.0000, -1300.0000, -131.0000,  150, 150, 150
L 302.0000, -1317.0000, -132.0000,  302.0000, -1315.0000, -131.0000,  150, 150, 150
L 301.0000, -1325.0000, -132.0000,  302.0000, -1317.0000, -132.0000,  150, 150, 150
L 301.0000, -1334.0000, -132.0000,  301.0000, -1325.0000, -132.0000,  150, 150, 150
L 300.0000, -1342.0000, -132.0000,  301.0000, -1334.0000, -132.0000,  150, 150, 150
L 300.0000, -1350.0000, -132.0000,  300.0000, -1342.0000, -132.0000,  150, 150, 150
L 299.0000, -1365.0000, -133.0000,  300.0000, -1350.0000, -132.0000,  150, 150, 150
L 298.0000, -1366.0000, -134.0000,  299.0000, -1365.0000, -133.0000,  150, 150, 150
L 298.0000, -1375.0000, -135.0000,  298.0000, -1366.0000, -134.0000,  150, 150, 150
L 297.0000, -1383.0000, -135.0000,  298.0000, -1375.0000, -135.0000,  150, 150, 150
L 296.0000, -1402.0000, -136.0000,  297.0000, -1383.0000, -135.0000,  150, 150, 150
L 296.0000, -1404.0000, -136.0000,  296.0000, -1402.0000, -136.0000,  150, 150, 150
L 297.0000, -1410.0000, -137.0000,  296.0000, -1404.0000, -136.0000,  150, 150, 150
L 298.0000, -1418.0000, -137.0000,  297.0000, -1410.0000, -137.0000,  150, 150, 150
L 298.0000, -1420.0000, -138.0000,  298.0000, -1418.0000, -137.0000,  150, 150, 150
L 299.0000, -1425.0000, -138.0000,  298.0000, -1420.0000, -138.0000,  150, 150, 150
L 300.0000, -1430.0000, -138.0000,  299.0000, -1425.0000, -138.0000,  150, 150, 150
L 312.0000, -1455.0000, -139.0000,  300.0000, -1430.0000, -138.0000,  150, 150, 150
L 313.0000, -1456.0000, -139.0000,  312.0000, -1455.0000, -139.0000,  150, 150, 150
L 315.0000, -1461.0000, -139.0000,  313.0000, -1456.0000, -139.0000,  150, 150, 150
L 338.0000, -1543.0000, -148.0000,  315.0000, -1461.0000, -139.0000,  150, 150, 150
L 339.0000, -1546.0000, -148.0000,  338.0000, -1543.0000, -148.0000,  150, 150, 150
L 346.0000, -1563.0000, -149.0000,  339.0000, -1546.0000, -148.0000,  150, 150, 150
L 348.0000, -1567.0000, -149.0000,  346.0000, -1563.0000, -149.0000,  150, 150, 150
L 365.0000, -1612.0000, -150.0000,  348.0000, -1567.0000, -149.0000,  150, 150, 150
L 365.0000, -1614.0000, -150.0000,  365.0000, -1612.0000, -150.0000,  150, 150, 150
L 366.0000, -1619.0000, -150.0000,  365.0000, -1614.0000, -150.0000,  150, 150, 150
L 368.0000, -1626.0000, -149.0000,  366.0000, -1619.0000, -150.0000,  150, 150, 150
L 368.0000, -1630.0000, -149.0000,  368.0000, -1626.0000, -149.0000,  150, 150, 150
L 369.0000, -1636.0000, -149.0000,  368.0000, -1630.0000, -149.0000,  150, 150, 150
L 375.0000, -1652.0000, -149.0000,  369.0000, -1636.0000, -149.0000,  150, 150, 150
L 377.0000, -1657.0000, -149.0000,  375.0000, -1652.0000, -149.0000,  150, 150, 150
L 375.0000, -1678.0000, -150.0000,  377.0000, -1657.0000, -149.0000,  150, 150, 150
L 369.0000, -1688.0000, -150.0000,  375.0000, -1678.0000, -150.0000,  150, 150, 150
L 364.0000, -1693.0000, -151.0000,  369.0000, -1688.0000, -150.0000,  150, 150, 150
L 361.0000, -1695.0000, -151.0000,  364.0000, -1693.0000, -151.0000,  150, 150, 150
L 321.0000, -1701.0000, -150.0000,  361.0000, -1695.0000, -151.0000,  150, 150, 150
L 319.0000, -1701.0000, -150.0000,  321.0000, -1701.0000, -150.0000,  150, 150, 150
L 270.0000, -1696.0000, -155.0000,  319.0000, -1701.0000, -150.0000,  150, 150, 150
L 219.9000, -1662.5000, -82.4000,  270.0000, -1696.0000, -155.0000,  150, 150, 150
L 332.0000, -1469.0000, -136.0000,  332.0000, -1470.0000, -137.0000,  150, 150, 150
L 717.0000, -1601.0000, -139.0000,  674.0000, -1676.0000, -120.0000,  150, 150, 150
L 718.0000, -1600.0000, -139.0000,  717.0000, -1601.0000, -139.0000,  150, 150, 150
L 720.0000, -1593.0000, -141.0000,  718.0000, -1600.0000, -139.0000,  150, 150, 150
L 721.0000, -1588.0000, -142.0000,  720.0000, -1593.0000, -141.0000,  150, 150, 150
L 722.0000, -1581.0000, -143.0000,  721.0000, -1588.0000, -142.0000,  150, 150, 150
L 722.0000, -1574.0000, -144.0000,  722.0000, -1581.0000, -143.0000,  150, 150, 150
L 723.0000, -1561.0000, -147.0000,  722.0000, -1574.0000, -144.0000,  150, 150, 150
L 722.0000, -1556.0000, -148.0000,  723.0000, -1561.0000, -147.0000,  150, 150, 150
L 721.0000, -1549.0000, -148.0000,  722.0000, -1556.0000, -148.0000,  150, 150, 150
L 720.0000, -1545.0000, -148.0000,  721.0000, -1549.0000, -148.0000,  150, 150, 150
L 719.0000, -1539.0000, -149.0000,  720.0000, -1545.0000, -148.0000,  150, 150, 150
L 718.0000, -1532.0000, -149.0000,  719.0000, -1539.0000, -149.0000,  150, 150, 150
L 711.0000, -1495.0000, -154.0000,  718.0000, -1532.0000, -149.0000,  150, 150, 150
L 711.0000, -1493.0000, -154.0000,  711.0000, -1495.0000, -154.0000,  150, 150, 150
L 710.0000, -1486.0000, -154.0000,  711.0000, -1493.0000, -154.0000,  150, 150, 150
L 709.0000, -1479.0000, -154.0000,  710.0000, -1486.0000, -154.0000,  150, 150, 150
L 708.0000, -1475.0000, -155.0000,  709.0000, -1479.0000, -154.0000,  150, 150, 150
L 707.0000, -1468.0000, -155.0000,  708.0000, -1475.0000, -155.0000,  150, 150, 150
L 706.0000, -1462.0000, -155.0000,  707.0000, -1468.0000, -155.0000,  150, 150, 150
L 704.0000, -1455.0000, -156.0000,  706.0000, -1462.0000, -155.0000,  150, 150, 150
L 704.0000, -1450.0000, -157.0000,  704.0000, -1455.0000, -156.0000,  150, 150, 150
L 703.0000, -1448.0000, -158.0000,  704.0000, -1450.0000, -157.0000,  150, 150, 150
L 703.0000, -1442.0000, -159.0000,  703.0000, -1448.0000, -158.0000,  150, 150, 150
L 702.0000, -1432.0000, -160.0000,  703.0000, -1442.0000, -159.0000,  150, 150, 150
L 701.0000, -1430.0000, -160.0000,  702.0000, -1432.0000, -160.0000,  150, 150, 150
L 701.0000, -1424.0000, -160.0000,  701.0000, -1430.0000, -160.0000,  150, 150, 150
L 700.0000, -1414.0000, -161.0000,  701.0000, -1424.0000, -160.0000,  150, 150, 150
L 699.0000, -1412.0000, -162.0000,  700.0000, -1414.0000, -161.0000,  150, 150, 150
L 699.0000, -1406.0000, -162.0000,  699.0000, -1412.0000, -162.0000,  150, 150, 150
L 698.0000, -1395.0000, -163.0000,  699.0000, -1406.0000, -162.0000,  150, 150, 150
L 697.0000, -1394.0000, -163.0000,  698.0000, -1395.0000, -163.0000,  150, 150, 150
L 696.0000, -1383.0000, -164.0000,  697.0000, -1394.0000, -163.0000,  150, 150, 150
L 696.0000, -1377.0000, -164.0000,  696.0000, -1383.0000, -164.0000,  150, 150, 150
L 695.0000, -1375.0000, -164.0000,  696.0000, -1377.0000, -164.0000,  150, 150, 150
L 695.0000, -1369.0000, -164.0000,  695.0000, -1375.0000, -164.0000,  150, 150, 150
L 694.0000, -1359.0000, -164.0000,  695.0000, -1369.0000, -164.0000,  150, 150, 150
L 693.0000, -1357.0000, -164.0000,  694.0000, -1359.0000, -164.0000,  150, 150, 150
L 692.0000, -1347.0000, -164.0000,  693.0000, -1357.0000, -164.0000,  150, 150, 150
L 692.0000, -1345.0000, -164.0000,  692.0000, -1347.0000, -164.0000,  150, 150, 150
L 681.0000, -1302.0000, -163.0000,  692.0000, -1345.0000, -164.0000,  150, 150, 150
L 676.0000, -1290.0000, -163.0000,  681.0000, -1302.0000, -163.0000,  150, 150, 150
L 671.0000, -1280.0000, -162.0000,  676.0000, -1290.0000, -163.0000,  150, 150, 150
L 668.0000, -1275.0000, -162.0000,  671.0000, -1280.0000, -162.0000,  150, 150, 150
L 634.0000, -1246.0000, -160.0000,  668.0000, -1275.0000, -162.0000,  150, 150, 150
L 631.0000, -1244.0000, -160.0000,  634.0000, -1246.0000, -160.0000,  150, 150, 150
L 571.0000, -1225.0000, -152.0000,  631.0000, -1244.0000, -160.0000,  150, 150, 150
L 477.0000, -1184.0000, -148.0000,  571.0000, -1225.0000, -152.0000,  150, 150, 150
L 476.0000, -1183.0000, -148.0000,  477.0000, -1184.0000, -148.0000,  150, 150, 150
L 429.0000, -1173.0000, -145.0000,  476.0000, -1183.0000, -148.0000,  150, 150, 150
L 393.0000, -1166.0000, -144.0000,  429.0000, -1173.0000, -145.0000,  150, 150, 150
L -1011.0000, -1268.0000, -149.0000,  -964.0000, -1259.0000, -153.0000,  150, 150, 150
L -1017.0000, -1268.0000, -149.0000,  -1011.0000, -1268.0000, -149.0000,  150, 150, 150
L -1024.0000, -1268.0000, -148.0000,  -1017.0000, -1268.0000, -149.0000,  150, 150, 150
L -1056.0000, -1283.0000, -145.0000,  -1024.0000, -1268.0000, -148.0000,  150, 150, 150
L -1061.0000, -1286.0000, -145.0000,  -1056.0000, -1283.0000, -145.0000,  150, 150, 150
L -1089.0000, -1314.0000, -143.0000,  -1061.0000, -1286.0000, -145.0000,  150, 150, 150
L -1092.0000, -1318.0000, -143.0000,  -1089.0000, -1314.0000, -143.0000,  150, 150, 150
L -1111.0000, -1362.0000, -142.0000,  -1092.0000, -1318.0000, -143.0000,  150, 150, 150
L -1113.0000, -1370.0000, -141.0000,  -1111.0000, -1362.0000, -142.0000,  150, 150, 150
L -1114.0000, -1372.0000, -141.0000,  -1113.0000, -1370.0000, -141.0000,  150, 150, 150
L -1114.0000, -1379.0000, -141.0000,  -1114.0000, -1372.0000, -141.0000,  150, 150, 150
L -1115.0000, -1390.0000, -141.0000,  -1114.0000, -1379.0000, -141.0000,  150, 150, 150
L -1116.0000, -1392.0000, -141.0000,  -1115.0000, -1390.0000, -141.0000,  150, 150, 150
L -1117.0000, -1404.0000, -141.0000,  -1116.0000, -1392.0000, -141.0000,  150, 150, 150
L -1117.0000, -1406.0000, -142.0000,  -1117.0000, -1404.0000, -141.0000,  150, 150, 150
L -1118.0000, -1412.0000, -143.0000,  -1117.0000, -1406.0000, -142.0000,  150, 150, 150
L -1118.0000, -1419.0000, -144.0000,  -1118.0000, -1412.0000, -143.0000,  150, 150, 150
L -1119.0000, -1426.0000, -144.0000,  -1118.0000, -1419.0000, -144.0000,  150, 150, 150
L -1120.0000, -1431.0000, -144.0000,  -1119.0000, -1426.0000, -144.0000,  150, 150, 150
L -1121.0000, -1439.0000, -145.0000,  -1120.0000, -1431.0000, -144.0000,  150, 150, 150
L -1121.0000, -1441.0000, -145.0000,  -1121.0000, -1439.0000, -145.0000,  150, 150, 150
L -1122.0000, -1446.0000, -146.0000,  -1121.0000, -1441.0000, -145.0000,  150, 150, 150
L -1123.0000, -1455.0000, -147.0000,  -1122.0000, -1446.0000, -146.0000,  150, 150, 150
L -1124.0000, -1460.0000, -148.0000,  -1123.0000, -1455.0000, -147.0000,  150, 150, 150
L -1125.0000, -1464.0000, -148.0000,  -1124.0000, -1460.0000, -148.0000,  150, 150, 150
L -1126.0000, -1473.0000, -149.0000,  -1125.0000, -1464.0000, -148.0000,  150, 150, 150
L -1127.0000, -1478.0000, -149.0000,  -1126.0000, -1473.0000, -149.0000,  150, 150, 150
L -1131.0000, -1500.0000, -150.0000,  -1127.0000, -1478.0000, -149.0000,  150, 150, 150
L -1131.0000, -1502.0000, -150.0000,  -1131.0000, -1500.0000, -150.0000,  150, 150, 150
L -1133.0000, -1514.0000, -150.0000,  -1131.0000, -1502.0000, -150.0000,  150, 150, 150
L -1133.0000, -1516.0000, -149.0000,  -1133.0000, -1514.0000, -150.0000,  150, 150, 150
L -1134.0000, -1521.0000, -149.0000,  -1133.0000, -1516.0000, -149.0000,  150, 150, 150
L -1135.0000, -1528.0000, -149.0000,  -1134.0000, -1521.0000, -149.0000,  150, 150, 150
L -1136.0000, -1530.0000, -149.0000,  -1135.0000, -1528.0000, -149.0000,  150, 150, 150
L -1137.0000, -1537.0000, -150.0000,  -1136.0000, -1530.0000, -149.0000,  150, 150, 150
L -1143.0000, -1556.0000, -152.0000,  -1137.0000, -1537.0000, -150.0000,  150, 150, 150
L -1145.0000, -1561.0000, -152.0000,  -1143.0000, -1556.0000, -152.0000,  150, 150, 150
L -1147.0000, -1563.0000, -152.0000,  -1145.0000, -1561.0000, -152.0000,  150, 150, 150
L -1149.0000, -1566.0000, -152.0000,  -1147.0000, -1563.0000, -152.0000,  150, 150, 150
L -1152.0000, -1568.0000, -153.0000,  -1149.0000, -1566.0000, -152.0000,  150, 150, 150
L -1182.0000, -1579.0000, -156.0000,  -1152.0000, -1568.0000, -153.0000,  150, 150, 150
L -1272.0000, -1552.0000, -151.0000,  -1182.0000, -1579.0000, -156.0000,  150, 150, 150
L -1274.0000, -1552.0000, -151.0000,  -1272.0000, -1552.0000, -151.0000,  150, 150, 150
L -1332.0000, -1519.0000, -147.0000,  -1274.0000, -1552.0000, -151.0000,  150, 150, 150
L -1334.0000, -1518.0000, -146.0000,  -1332.0000, -1519.0000, -147.0000,  150, 150, 150
L -1343.0000, -1510.0000, -146.0000,  -1334.0000, -1518.0000, -146.0000,  150, 150, 150
L -1342.0000, -1508.0000, -146.0000,  -1343.0000, -1510.0000, -146.0000,  150, 150, 150
L -1339.0000, -1503.0000, -148.0000,  -1342.0000, -1508.0000, -146.0000,  150, 150, 150
L -1326.0000, -1457.0000, -151.0000,  -1339.0000, -1503.0000, -148.0000,  150, 150, 150
L -1326.0000, -1455.0000, -151.0000,  -1326.0000, -1457.0000, -151.0000,  150, 150, 150
L -1324.0000, -1452.0000, -151.0000,  -1326.0000, -1455.0000, -151.0000,  150, 150, 150
L -1322.0000, -1449.0000, -150.0000,  -1324.0000, -1452.0000, -151.0000,  150, 150, 150
L -1281.0000, -1413.0000, -147.0000,  -1322.0000, -1449.0000, -150.0000,  150, 150, 150
L -1280.0000, -1412.0000, -147.0000,  -1281.0000, -1413.0000, -147.0000,  150, 150, 150
L -1263.0000, -1405.0000, -148.0000,  -1280.0000, -1412.0000, -147.0000,  150, 150, 150
L -1240.0000, -1398.0000, -148.0000,  -1263.0000, -1405.0000, -148.0000,  150, 150, 150
L -1235.0000, -1395.0000, -149.0000,  -1240.0000, -1398.0000, -148.0000,  150, 150, 150
L -1212.0000, -1376.0000, -147.0000,  -1235.0000, -1395.0000, -149.0000,  150, 150, 150
L -1210.0000, -1373.0000, -147.0000,  -1212.0000, -1376.0000, -147.0000,  150, 150, 150
L -1191.0000, -1333.0000, -145.0000,  -1210.0000, -1373.0000, -147.0000,  150, 150, 150
L -1188.0000, -1326.0000, -145.0000,  -1191.0000, -1333.0000, -145.0000,  150, 150, 150
L -1187.0000, -1322.0000, -145.0000,  -1188.0000, -1326.0000, -145.0000,  150, 150, 150
L -1187.0000, -1317.0000, -145.0000,  -1187.0000, -1322.0000, -145.0000,  150, 150, 150
L -1186.0000, -1313.0000, -144.0000,  -1187.0000, -1317.0000, -145.0000,  150, 150, 150
L -1185.0000, -1309.0000, -144.0000,  -1186.0000, -1313.0000, -144.0000,  150, 150, 150
L -1184.0000, -1302.0000, -143.0000,  -1185.0000, -1309.0000, -144.0000,  150, 150, 150
L -1183.0000, -1296.0000, -143.0000,  -1184.0000, -1302.0000, -143.0000,  150, 150, 150
L -1182.0000, -1292.0000, -143.0000,  -1183.0000, -1296.0000, -143.0000,  150, 150, 150
L -1181.0000, -1274.0000, -141.0000,  -1182.0000, -1292.0000, -143.0000,  150, 150, 150
L -1181.0000, -1272.0000, -141.0000,  -1181.0000, -1274.0000, -141.0000,  150, 150, 150
L -1181.0000, -1264.0000, -141.0000,  -1181.0000, -1272.0000, -141.0000,  150, 150, 150
L -1182.0000, -1251.0000, -141.0000,  -1181.0000, -1264.0000, -141.0000,  150, 150, 150
L -1183.0000, -1249.0000, -141.0000,  -1182.0000, -1251.0000, -141.0000,  150, 150, 150
L -1183.0000, -1242.0000, -140.0000,  -1183.0000, -1249.0000, -141.0000,  150, 150, 150
L -1184.0000, -1229.0000, -140.0000,  -1183.0000, -1242.0000, -140.0000,  150, 150, 150
L -1185.0000, -1227.0000, -140.0000,  -1184.0000, -1229.0000, -140.0000,  150, 150, 150
L -1186.0000, -1214.0000, -140.0000,  -1185.0000, -1227.0000, -140.0000,  150, 150, 150
L -1186.0000, -1212.0000, -140.0000,  -1186.0000, -1214.0000, -140.0000,  150, 150, 150
L -1187.0000, -1204.0000, -141.0000,  -1186.0000, -1212.0000, -140.0000,  150, 150, 150
L -1198.0000, -1177.0000, -141.0000,  -1187.0000, -1204.0000, -141.0000,  150, 150, 150
L -1214.0000, -1149.0000, -142.0000,  -1198.0000, -1177.0000, -141.0000,  150, 150, 150
L -1243.0000, -1125.0000, -140.0000,  -1214.0000, -1149.0000, -142.0000,  150, 150, 150
L -1274.0000, -1100.0000, -142.0000,  -1243.0000, -1125.0000, -140.0000,  150, 150, 150
L -1277.0000, -1099.0000, -142.0000,  -1274.0000, -1100.0000, -142.0000,  150, 150, 150
L -1315.0000, -1087.0000, -144.0000,  -1277.0000, -1099.0000, -142.0000,  150, 150, 150
L -1317.0000, -1087.0000, -144.0000,  -1315.0000, -1087.0000, -144.0000,  150, 150, 150
L -1356.0000, -1083.0000, -143.0000,  -1317.0000, -1087.0000, -144.0000,  150, 150, 150
L -1362.0000, -1084.0000, -143.0000,  -1356.0000, -1083.0000, -143.0000,  150, 150, 150
L -1410.0000, -1096.0000, -143.0000,  -1362.0000, -1084.0000, -143.0000,  150, 150, 150
L -1514.0000, -1108.0000, -144.0000,  -1410.0000, -1096.0000, -143.0000,  150, 150, 150
L -1515.0000, -1108.0000, -144.0000,  -1514.0000, -1108.0000, -144.0000,  150, 150, 150
L -1577.0000, -1126.0000, -148.0000,  -1515.0000, -1108.0000, -144.0000,  150, 150, 150
L -1612.0000, -1137.0000, -151.0000,  -1577.0000, -1126.0000, -148.0000,  150, 150, 150
L -1620.0000, -1138.0000, -151.0000,  -1612.0000, -1137.0000, -151.0000,  150, 150, 150
L -1627.0000, -1135.0000, -152.0000,  -1620.0000, -1138.0000, -151.0000,  150, 150, 150
L -1628.0000, -1134.0000, -152.0000,  -1627.0000, -1135.0000, -152.0000,  150, 150, 150
L -1660.0000, -1092.0000, -152.0000,  -1628.0000, -1134.0000, -152.0000,  150, 150, 150
L -1661.0000, -1091.0000, -152.0000,  -1660.0000, -1092.0000, -152.0000,  150, 150, 150
L -1699.0000, -1047.0000, -151.0000,  -1661.0000, -1091.0000, -152.0000,  150, 150, 150
L -1700.0000, -1046.0000, -151.0000,  -1699.0000, -1047.0000, -151.0000,  150, 150, 150
L -1744.3000, -983.0000, -134.6000,  -1700.0000, -1046.0000, -151.0000,  150, 150, 150
L -1734.0000, -894.0000, -140.0000,  -1734.0000, -897.0000, -140.0000,  150, 150, 150
L -1717.0000, -840.0000, -150.0000,  -1734.0000, -894.0000, -140.0000,  150, 150, 150
L -1704.0000, -802.0000, -154.0000,  -1717.0000, -840.0000, -150.0000,  150, 150, 150
L -1703.0000, -801.0000, -154.0000,  -1704.0000, -802.0000, -154.0000,  150, 150, 150
L -1702.0000, -798.0000, -154.0000,  -1703.0000, -801.0000, -154.0000,  150, 150, 150
L -1624.0000, -705.0000, -163.0000,  -1702.0000, -798.0000, -154.0000,  150, 150, 150
L -1598.0000, -674.0000, -167.0000,  -1624.0000, -705.0000, -163.0000,  150, 150, 150
L -1596.0000, -672.0000, -168.0000,  -1598.0000, -674.0000, -167.0000,  150, 150, 150
L -1572.0000, -623.0000, -170.0000,  -1596.0000, -672.0000, -168.0000,  150, 150, 150
L -1571.0000, -620.0000, -170.0000,  -1572.0000, -623.0000, -170.0000,  150, 150, 150
L -1473.0000, -480.0000, -165.0000,  -1571.0000, -620.0000, -170.0000,  150, 150, 150
L -1450.0000, -447.0000, -163.0000,  -1473.0000, -480.0000, -165.0000,  150, 150, 150
L -1447.0000, -444.0000, -163.0000,  -1450.0000, -447.0000, -163.0000,  150, 150, 150
L -1444.0000, -442.0000, -163.0000,  -1447.0000, -444.0000, -163.0000,  150, 150, 150
L -1359.0000, -421.0000, -161.0000,  -1444.0000, -442.0000, -163.0000,  150, 150, 150
L -1357.0000, -421.0000, -161.0000,  -1359.0000, -421.0000, -161.0000,  150, 150, 150
L -1317.0000, -411.0000, -160.0000,  -1357.0000, -421.0000, -161.0000,  150, 150, 150
L -1272.0000, -395.0000, -158.0000,  -1317.0000, -411.0000, -160.0000,  150, 150, 150
L -1269.0000, -394.0000, -158.0000,  -1272.0000, -395.0000, -158.0000,  150, 150, 150
L -1267.0000, -394.0000, -158.0000,  -1269.0000, -394.0000, -158.0000,  150, 150, 150
L -1223.0000, -394.0000, -159.0000,  -1267.0000, -394.0000, -158.0000,  150, 150, 150
L -1164.0000, -419.0000, -154.0000,  -1223.0000, -394.0000, -159.0000,  150, 150, 150
L -1161.0000, -420.0000, -154.0000,  -1164.0000, -419.0000, -154.0000,  150, 150, 150
L -1093.0000, -436.0000, -157.0000,  -1161.0000, -420.0000, -154.0000,  150, 150, 150
L -1014.0000, -441.0000, -156.0000,  -1093.0000, -436.0000, -157.0000,  150, 150, 150
L -954.0000, -458.0000, -154.0000,  -1014.0000, -441.0000, -156.0000,  150, 150, 150
L -881.0000, -473.0000, -147.0000,  -954.0000, -458.0000, -154.0000,  150, 150, 150
L -876.0000, -474.0000, -146.0000,  -881.0000, -473.0000, -147.0000,  150, 150, 150
L -874.0000, -474.0000, -146.0000,  -876.0000, -474.0000, -146.0000,  150, 150, 150
L -853.0000, -469.0000, -145.0000,  -874.0000, -474.0000, -146.0000,  150, 150, 150
L -850.0000, -467.0000, -145.0000,  -853.0000, -469.0000, -145.0000,  150, 150, 150
L -835.0000, -455.0000, -144.0000,  -850.0000, -467.0000, -145.0000,  150, 150, 150
L -824.0000, -444.0000, -144.0000,  -835.0000, -455.0000, -144.0000,  150, 150, 150
L -821.0000, -438.0000, -144.0000,  -824.0000, -444.0000, -144.0000,  150, 150, 150
L -817.0000, -425.0000, -143.0000,  -821.0000, -438.0000, -144.0000,  150, 150, 150
L -821.0000, -406.0000, -143.0000,  -817.0000, -425.0000, -143.0000,  150, 150, 150
L -830.0000, -385.0000, -145.0000,  -821.0000, -406.0000, -143.0000,  150, 150, 150
L -859.0000, -360.0000, -147.0000,  -830.0000, -385.0000, -145.0000,  150, 150, 150
L -890.0000, -335.0000, -148.0000,  -859.0000, -360.0000, -147.0000,  150, 150, 150
L -928.0000, -295.0000, -150.0000,  -890.0000, -335.0000, -148.0000,  150, 150, 150
L -931.0000, -292.0000, -150.0000,  -928.0000, -295.0000, -150.0000,  150, 150, 150
L -950.0000, -276.0000, -150.0000,  -931.0000, -292.0000, -150.0000,  150, 150, 150
L -994.0000, -254.0000, -154.0000,  -950.0000, -276.0000, -150.0000,  150, 150, 150
L -1038.0000, -238.0000, -157.0000,  -994.0000, -254.0000, -154.0000,  150, 150, 150
L -1110.0000, -220.0000, -152.0000,  -1038.0000, -238.0000, -157.0000,  150, 150, 150
L -1209.0000, -204.0000, -152.0000,  -1110.0000, -220.0000, -152.0000,  150, 150, 150
L -1211.0000, -204.0000, -152.0000,  -1209.0000, -204.0000, -152.0000,  150, 150, 150
L -1331.0000, -163.0000, -149.0000,  -1211.0000, -204.0000, -152.0000,  150, 150, 150
L -1393.0000, -148.0000, -148.0000,  -1331.0000, -163.0000, -149.0000,  150, 150, 150
L -1402.0000, -148.0000, -147.0000,  -1393.0000, -148.0000, -148.0000,  150, 150, 150
L -1471.0000, -159.0000, -152.0000,  -1402.0000, -148.0000, -147.0000,  150, 150, 150
L -1473.0000, -159.0000, -152.0000,  -1471.0000, -159.0000, -152.0000,  150, 150, 150
L -1527.0000, -176.0000, -152.0000,  -1473.0000, -159.0000, -152.0000,  150, 150, 150
L -1629.0000, -230.0000, -153.0000,  -1527.0000, -176.0000, -152.0000,  150, 150, 150
L -1669.0000, -258.0000, -154.0000,  -1629.0000, -230.0000, -153.0000,  150, 150, 150
L -1711.0000, -282.0000, -154.0000,  -1669.0000, -258.0000, -154.0000,  150, 150, 150
L -1717.0000, -284.0000, -154.0000,  -1711.0000, -282.0000, -154.0000,  150, 150, 150
L -1721.0000, -285.0000, -155.0000,  -1717.0000, -284.0000, -154.0000,  150, 150, 150
L -1726.0000, -283.0000, -154.0000,  -1721.0000, -285.0000, -155.0000,  150, 150, 150
L -1729.0000, -282.0000, -153.0000,  -1726.0000, -283.0000, -154.0000,  150, 150, 150
L -1732.0000, -280.0000, -153.0000,  -1729.0000, -282.0000, -153.0000,  150, 150, 150
L -1735.0000, -273.0000, -152.0000,  -1732.0000, -280.0000, -153.0000,  150, 150, 150
L -1734.0000, -254.0000, -153.0000,  -1735.0000, -273.0000, -152.0000,  150, 150, 150
L -1734.0000, -252.0000, -153.0000,  -1734.0000, -254.0000, -153.0000,  150, 150, 150
L -1733.0000, -247.0000, -153.0000,  -1734.0000, -252.0000, -153.0000,  150, 150, 150
L -1730.0000, -228.0000, -153.0000,  -1733.0000, -247.0000, -153.0000,  150, 150, 150
L -1729.0000, -162.0000, -154.0000,  -1730.0000, -228.0000, -153.0000,  150, 150, 150
L -1728.0000, -156.0000, -154.0000,  -1729.0000, -162.0000, -154.0000,  150, 150, 150
L -1726.0000, -144.4000, -155.0000,  -1728.0000, -156.0000, -154.0000,  150, 150, 150
L -1724.0000, -134.0000, -154.0000,  -1726.0000, -145.0000, -155.0000,  150, 150, 150
L -1723.0000, -129.0000, -155.0000,  -1724.0000, -134.0000, -154.0000,  150, 150, 150
L -1722.0000, -124.0000, -155.0000,  -1723.0000, -129.0000, -155.0000,  150, 150, 150
L -1700.0000, -72.0000, -157.0000,  -1722.0000, -124.0000, -155.0000,  150, 150, 150
L -1700.0000, -71.0000, -157.0000,  -1700.0000, -72.0000, -157.0000,  150, 150, 150
L -1663.0000, 95.0000, -157.0000,  -1700.0000, -71.0000, -157.0000,  150, 150, 150
L -1661.0000, 98.0000, -158.0000,  -1663.0000, 95.0000, -157.0000,  150, 150, 150
L -1636.0000, 123.0000, -157.0000,  -1661.0000, 98.0000, -158.0000,  150, 150, 150
L -1634.0000, 124.0000, -157.0000,  -1636.0000, 123.0000, -157.0000,  150, 150, 150
L -1606.0000, 134.0000, -157.0000,  -1634.0000, 124.0000, -157.0000,  150, 150, 150
L -1562.0000, 138.0000, -156.0000,  -1606.0000, 134.0000, -157.0000,  150, 150, 150
L -1560.0000, 138.0000, -156.0000,  -1562.0000, 138.0000, -156.0000,  150, 150, 150
L -1507.0000, 153.0000, -157.0000,  -1560.0000, 138.0000, -156.0000,  150, 150, 150
L -1478.0000, 161.0000, -157.0000,  -1507.0000, 153.0000, -157.0000,  150, 150, 150
L -1442.0000, 176.0000, -152.0000,  -1478.0000, 161.0000, -157.0000,  150, 150, 150
L -1389.0000, 206.0000, -149.0000,  -1442.0000, 176.0000, -152.0000,  150, 150, 150
L -1353.0000, 220.0000, -155.0000,  -1389.0000, 206.0000, -149.0000,  150, 150, 150
L -1351.0000, 221.0000, -155.0000,  -1353.0000, 220.0000, -155.0000,  150, 150, 150
L -1303.0000, 228.0000, -161.0000,  -1351.0000, 221.0000, -155.0000,  150, 150, 150
L -1296.0000, 230.0000, -161.0000,  -1303.0000, 228.0000, -161.0000,  150, 150, 150
L -1292.0000, 233.0000, -161.0000,  -1296.0000, 230.0000, -161.0000,  150, 150, 150
L -1265.0000, 260.0000, -164.0000,  -1292.0000, 233.0000, -161.0000,  150, 150, 150
L -1237.0000, 304.0000, -168.0000,  -1265.0000, 260.0000, -164.0000,  150, 150, 150
L -1232.0000, 313.0000, -169.0000,  -1237.0000, 304.0000, -168.0000,  150, 150, 150
L -1219.0000, 363.0000, -178.0000,  -1232.0000, 313.0000, -169.0000,  150, 150, 150
L -1217.0000, 380.0000, -180.0000,  -1219.0000, 363.0000, -178.0000,  150, 150, 150
L -1217.0000, 382.0000, -180.0000,  -1217.0000, 380.0000, -180.0000,  150, 150, 150
L -1218.0000, 399.0000, -178.0000,  -1217.0000, 382.0000, -180.0000,  150, 150, 150
L -1220.0000, 420.0000, -177.0000,  -1218.0000, 399.0000, -178.0000,  150, 150, 150
L -1220.0000, 429.0000, -178.0000,  -1220.0000, 420.0000, -177.0000,  150, 150, 150
L -1221.0000, 436.0000, -178.0000,  -1220.0000, 429.0000, -178.0000,  150, 150, 150
L -1222.0000, 441.0000, -178.0000,  -1221.0000, 436.0000, -178.0000,  150, 150, 150
L -1224.0000, 448.0000, -178.0000,  -1222.0000, 441.0000, -178.0000,  150, 150, 150
L -1225.0000, 453.0000, -178.0000,  -1224.0000, 448.0000, -178.0000,  150, 150, 150
L -1226.0000, 461.0000, -178.0000,  -1225.0000, 453.0000, -178.0000,  150, 150, 150
L -1229.0000, 472.0000, -178.0000,  -1226.0000, 461.0000, -178.0000,  150, 150, 150
L -1240.0000, 488.0000, -175.0000,  -1229.0000, 472.0000, -178.0000,  150, 150, 150
L -1243.0000, 493.0000, -175.0000,  -1240.0000, 488.0000, -175.0000,  150, 150, 150
L -1247.0000, 496.0000, -174.0000,  -1243.0000, 493.0000, -175.0000,  150, 150, 150
L -1266.0000, 510.0000, -173.0000,  -1247.0000, 496.0000, -174.0000,  150, 150, 150
L -1307.0000, 523.0000, -172.0000,  -1266.0000, 510.0000, -173.0000,  150, 150, 150
L -1310.0000, 524.0000, -172.0000,  -1307.0000, 523.0000, -172.0000,  150, 150, 150
L -1352.0000, 528.0000, -173.0000,  -1310.0000, 524.0000, -172.0000,  150, 150, 150
L -1434.0000, 514.0000, -173.0000,  -1352.0000, 528.0000, -173.0000,  150, 150, 150
L -1438.0000, 513.0000, -173.0000,  -1434.0000, 514.0000, -173.0000,  150, 150, 150
L -1471.0000, 496.0000, -164.0000,  -1438.0000, 513.0000, -173.0000,  150, 150, 150
L -1529.0000, 443.0000, -151.0000,  -1471.0000, 496.0000, -164.0000,  150, 150, 150
L -1532.0000, 441.0000, -151.0000,  -1529.0000, 443.0000, -151.0000,  150, 150, 150
L -1550.0000, 430.0000, -148.0000,  -1532.0000, 441.0000, -151.0000,  150, 150, 150
L -1554.0000, 429.0000, -148.0000,  -1550.0000, 430.0000, -148.0000,  150, 150, 150
L -1571.0000, 433.0000, -149.0000,  -1554.0000, 429.0000, -148.0000,  150, 150, 150
L -1581.0000, 439.0000, -149.0000,  -1571.0000, 433.0000, -149.0000,  150, 150, 150
L -1585.0000, 446.0000, -147.0000,  -1581.0000, 439.0000, -149.0000,  150, 150, 150
L -1571.0000, 476.0000, -150.0000,  -1585.0000, 446.0000, -147.0000,  150, 150, 150
L -1563.0000, 487.0000, -154.0000,  -1571.0000, 476.0000, -150.0000,  150, 150, 150
L -1530.0000, 517.0000, -164.0000,  -1563.0000, 487.0000, -154.0000,  150, 150, 150
L -1514.0000, 542.0000, -167.0000,  -1530.0000, 517.0000, -164.0000,  150, 150, 150
L -1512.0000, 548.0000, -166.0000,  -1514.0000, 542.0000, -167.0000,  150, 150, 150
L -1511.0000, 555.0000, -165.0000,  -1512.0000, 548.0000, -166.0000,  150, 150, 150
L -1511.0000, 560.0000, -165.0000,  -1511.0000, 555.0000, -165.0000,  150, 150, 150
L -1510.0000, 565.0000, -164.0000,  -1511.0000, 560.0000, -165.0000,  150, 150, 150
L -1509.0000, 570.0000, -163.0000,  -1510.0000, 565.0000, -164.0000,  150, 150, 150
L -1507.0000, 578.0000, -161.0000,  -1509.0000, 570.0000, -163.0000,  150, 150, 150
L -1491.0000, 609.0000, -161.0000,  -1507.0000, 578.0000, -161.0000,  150, 150, 150
L -1476.0000, 624.0000, -163.0000,  -1491.0000, 609.0000, -161.0000,  150, 150, 150
L -1473.0000, 629.0000, -162.0000,  -1476.0000, 624.0000, -163.0000,  150, 150, 150
L -1473.0000, 631.0000, -161.0000,  -1473.0000, 629.0000, -162.0000,  150, 150, 150
L -1472.0000, 644.0000, -159.0000,  -1473.0000, 631.0000, -161.0000,  150, 150, 150
L -1473.0000, 666.0000, -158.0000,  -1472.0000, 644.0000, -159.0000,  150, 150, 150
L -1474.0000, 685.0000, -157.0000,  -1473.0000, 666.0000, -158.0000,  150, 150, 150
L -1474.0000, 690.0000, -157.0000,  -1474.0000, 685.0000, -157.0000,  150, 150, 150
L -1475.0000, 693.0000, -157.0000,  -1474.0000, 690.0000, -157.0000,  150, 150, 150
L -1476.0000, 697.0000, -157.0000,  -1475.0000, 693.0000, -157.0000,  150, 150, 150
L -1477.0000, 703.0000, -156.0000,  -1476.0000, 697.0000, -157.0000,  150, 150, 150
L -1478.0000, 709.0000, -156.0000,  -1477.0000, 703.0000, -156.0000,  150, 150, 150
L -1479.0000, 713.0000, -156.0000,  -1478.0000, 709.0000, -156.0000,  150, 150, 150
L -1481.0000, 719.0000, -156.0000,  -1479.0000, 713.0000, -156.0000,  150, 150, 150
L -1481.0000, 720.0000, -155.0000,  -1481.0000, 719.0000, -156.0000,  150, 150, 150
L -1482.0000, 724.0000, -155.0000,  -1481.0000, 720.0000, -155.0000,  150, 150, 150
L -1483.0000, 732.0000, -156.0000,  -1482.0000, 724.0000, -155.0000,  150, 150, 150
L -1484.0000, 736.0000, -156.0000,  -1483.0000, 732.0000, -156.0000,  150, 150, 150
L -1486.0000, 743.0000, -156.0000,  -1484.0000, 736.0000, -156.0000,  150, 150, 150
L -1486.0000, 745.0000, -156.0000,  -1486.0000, 743.0000, -156.0000,  150, 150, 150
L -1487.0000, 761.0000, -156.0000,  -1486.0000, 745.0000, -156.0000,  150, 150, 150
L -1487.0000, 763.0000, -156.0000,  -1487.0000, 761.0000, -156.0000,  150, 150, 150
L -1488.0000, 773.0000, -155.0000,  -1487.0000, 763.0000, -156.0000,  150, 150, 150
L -1507.0000, 854.0000, -151.0000,  -1488.0000, 773.0000, -155.0000,  150, 150, 150
L -1507.0000, 858.0000, -152.0000,  -1507.0000, 854.0000, -151.0000,  150, 150, 150
L -1509.0000, 864.0000, -152.0000,  -1507.0000, 858.0000, -152.0000,  150, 150, 150
L -1509.0000, 870.0000, -153.0000,  -1509.0000, 864.0000, -152.0000,  150, 150, 150
L -1510.0000, 880.0000, -152.0000,  -1509.0000, 870.0000, -153.0000,  150, 150, 150
L -1511.0000, 882.0000, -152.0000,  -1510.0000, 880.0000, -152.0000,  150, 150, 150
L -1511.0000, 889.0000, -153.0000,  -1511.0000, 882.0000, -152.0000,  150, 150, 150
L -1512.0000, 895.0000, -153.0000,  -1511.0000, 889.0000, -153.0000,  150, 150, 150
L -1512.0000, 907.0000, -153.0000,  -1512.0000, 895.0000, -153.0000,  150, 150, 150
L -1504.0000, 930.0000, -156.0000,  -1512.0000, 907.0000, -153.0000,  150, 150, 150
L -1504.0000, 936.0000, -157.0000,  -1504.0000, 930.0000, -156.0000,  150, 150, 150
L -1503.0000, 952.0000, -157.0000,  -1504.0000, 936.0000, -157.0000,  150, 150, 150
L -1503.0000, 967.0000, -157.0000,  -1503.0000, 952.0000, -157.0000,  150, 150, 150
L -1502.0000, 1021.0000, -161.0000,  -1503.0000, 967.0000, -157.0000,  150, 150, 150
L -1502.0000, 1023.0000, -161.0000,  -1502.0000, 1021.0000, -161.0000,  150, 150, 150
L -1503.0000, 1037.0000, -162.0000,  -1502.0000, 1023.0000, -161.0000,  150, 150, 150
L -1504.0000, 1039.0000, -162.0000,  -1503.0000, 1037.0000, -162.0000,  150, 150, 150
L -1504.0000, 1048.0000, -163.0000,  -1504.0000, 1039.0000, -162.0000,  150, 150, 150
L -1505.0000, 1056.0000, -162.0000,  -1504.0000, 1048.0000, -163.0000,  150, 150, 150
L -1505.0000, 1064.0000, -162.0000,  -1505.0000, 1056.0000, -162.0000,  150, 150, 150
L -1506.0000, 1073.0000, -163.0000,  -1505.0000, 1064.0000, -162.0000,  150, 150, 150
L -1507.0000, 1081.0000, -164.0000,  -1506.0000, 1073.0000, -163.0000,  150, 150, 150
L -1507.0000, 1100.0000, -165.0000,  -1507.0000, 1081.0000, -164.0000,  150, 150, 150
L -1506.0000, 1102.0000, -165.0000,  -1507.0000, 1100.0000, -165.0000,  150, 150, 150
L -1506.0000, 1110.0000, -166.0000,  -1506.0000, 1102.0000, -165.0000,  150, 150, 150
L -1505.0000, 1125.0000, -166.0000,  -1506.0000, 1110.0000, -166.0000,  150, 150, 150
L -1505.0000, 1127.0000, -166.0000,  -1505.0000, 1125.0000, -166.0000,  150, 150, 150
L -1504.0000, 1135.0000, -166.0000,  -1505.0000, 1127.0000, -166.0000,  150, 150, 150
L -1503.0000, 1140.0000, -166.0000,  -1504.0000, 1135.0000, -166.0000,  150, 150, 150
L -1492.0000, 1159.0000, -166.0000,  -1503.0000, 1140.0000, -166.0000,  150, 150, 150
L -1487.0000, 1169.0000, -165.0000,  -1492.0000, 1159.0000, -166.0000,  150, 150, 150
L -1484.0000, 1174.0000, -165.0000,  -1487.0000, 1169.0000, -165.0000,  150, 150, 150
L -1475.0000, 1183.0000, -164.0000,  -1484.0000, 1174.0000, -165.0000,  150, 150, 150
L -1471.0000, 1186.0000, -163.0000,  -1475.0000, 1183.0000, -164.0000,  150, 150, 150
L -1461.0000, 1188.0000, -163.0000,  -1471.0000, 1186.0000, -163.0000,  150, 150, 150
L -1459.0000, 1188.0000, -163.0000,  -1461.0000, 1188.0000, -163.0000,  150, 150, 150
L -1423.0000, 1175.0000, -160.0000,  -1459.0000, 1188.0000, -163.0000,  150, 150, 150
L -1391.0000, 1148.0000, -152.0000,  -1423.0000, 1175.0000, -160.0000,  150, 150, 150
L -1382.0000, 1137.0000, -150.0000,  -1391.0000, 1148.0000, -152.0000,  150, 150, 150
L -1368.0000, 1121.0000, -151.0000,  -1382.0000, 1137.0000, -150.0000,  150, 150, 150
L -1330.0000, 1057.0000, -153.0000,  -1368.0000, 1121.0000, -151.0000,  150, 150, 150
L -1310.0000, 1022.0000, -150.0000,  -1330.0000, 1057.0000, -153.0000,  150, 150, 150
L -1309.0000, 1019.0000, -150.0000,  -1310.0000, 1022.0000, -150.0000,  150, 150, 150
L -1295.0000, 981.0000, -146.0000,  -1309.0000, 1019.0000, -150.0000,  150, 150, 150
L -1294.0000, 977.0000, -145.0000,  -1295.0000, 981.0000, -146.0000,  150, 150, 150
L -1294.0000, 969.0000, -146.0000,  -1294.0000, 977.0000, -145.0000,  150, 150, 150
L -1295.0000, 960.0000, -147.0000,  -1294.0000, 969.0000, -146.0000,  150, 150, 150
L -1296.0000, 953.0000, -148.0000,  -1295.0000, 960.0000, -147.0000,  150, 150, 150
L -1297.0000, 948.0000, -149.0000,  -1296.0000, 953.0000, -148.0000,  150, 150, 150
L -1298.0000, 943.0000, -150.0000,  -1297.0000, 948.0000, -149.0000,  150, 150, 150
L -1298.0000, 937.0000, -151.0000,  -1298.0000, 943.0000, -150.0000,  150, 150, 150
L -1299.0000, 932.0000, -151.0000,  -1298.0000, 937.0000, -151.0000,  150, 150, 150
L -1300.0000, 924.0000, -151.0000,  -1299.0000, 932.0000, -151.0000,  150, 150, 150
L -1301.0000, 922.0000, -151.0000,  -1300.0000, 924.0000, -151.0000,  150, 150, 150
L -1300.0000, 912.0000, -152.0000,  -1301.0000, 922.0000, -151.0000,  150, 150, 150
L -1297.0000, 900.0000, -153.0000,  -1300.0000, 912.0000, -152.0000,  150, 150, 150
L -1244.0000, 840.0000, -156.0000,  -1297.0000, 900.0000, -153.0000,  150, 150, 150
L -1242.0000, 838.0000, -157.0000,  -1244.0000, 840.0000, -156.0000,  150, 150, 150
L -1204.0000, 812.0000, -158.0000,  -1242.0000, 838.0000, -157.0000,  150, 150, 150
L -1167.0000, 786.0000, -160.0000,  -1204.0000, 812.0000, -158.0000,  150, 150, 150
L -1163.0000, 786.0000, -159.0000,  -1167.0000, 786.0000, -160.0000,  150, 150, 150
L -1157.0000, 786.0000, -158.0000,  -1163.0000, 786.0000, -159.0000,  150, 150, 150
L -1156.0000, 786.0000, -157.0000,  -1157.0000, 786.0000, -158.0000,  150, 150, 150
L -1088.0000, 808.0000, -157.0000,  -1156.0000, 786.0000, -157.0000,  150, 150, 150
L -1084.0000, 810.0000, -157.0000,  -1088.0000, 808.0000, -157.0000,  150, 150, 150
L -1061.0000, 833.0000, -157.0000,  -1084.0000, 810.0000, -157.0000,  150, 150, 150
L -1053.0000, 841.0000, -158.0000,  -1061.0000, 833.0000, -157.0000,  150, 150, 150
L -1049.0000, 846.0000, -159.0000,  -1053.0000, 841.0000, -158.0000,  150, 150, 150
L -1048.0000, 847.0000, -159.0000,  -1049.0000, 846.0000, -159.0000,  150, 150, 150
L -1039.0000, 867.0000, -160.0000,  -1048.0000, 847.0000, -159.0000,  150, 150, 150
L -1037.0000, 872.0000, -160.0000,  -1039.0000, 867.0000, -160.0000,  150, 150, 150
L -1036.0000, 879.0000, -160.0000,  -1037.0000, 872.0000, -160.0000,  150, 150, 150
L -1036.0000, 881.0000, -160.0000,  -1036.0000, 879.0000, -160.0000,  150, 150, 150
L -1035.0000, 885.0000, -160.0000,  -1036.0000, 881.0000, -160.0000,  150, 150, 150
L -1034.0000, 894.0000, -160.0000,  -1035.0000, 885.0000, -160.0000,  150, 150, 150
L -1033.0000, 901.0000, -161.0000,  -1034.0000, 894.0000, -160.0000,  150, 150, 150
L -1032.0000, 908.0000, -161.0000,  -1033.0000, 901.0000, -161.0000,  150, 150, 150
L -1031.0000, 922.0000, -161.0000,  -1032.0000, 908.0000, -161.0000,  150, 150, 150
L -1032.0000, 950.0000, -161.0000,  -1031.0000, 922.0000, -161.0000,  150, 150, 150
L -1032.0000, 952.0000, -162.0000,  -1032.0000, 950.0000, -161.0000,  150, 150, 150
L -1033.0000, 957.0000, -162.0000,  -1032.0000, 952.0000, -162.0000,  150, 150, 150
L -1034.0000, 962.0000, -162.0000,  -1033.0000, 957.0000, -162.0000,  150, 150, 150
L -1035.0000, 969.0000, -163.0000,  -1034.0000, 962.0000, -162.0000,  150, 150, 150
L -1035.0000, 971.0000, -163.0000,  -1035.0000, 969.0000, -163.0000,  150, 150, 150
L -1036.0000, 976.0000, -163.0000,  -1035.0000, 971.0000, -163.0000,  150, 150, 150
L -1037.0000, 980.0000, -164.0000,  -1036.0000, 976.0000, -163.0000,  150, 150, 150
L -1037.0000, 985.0000, -164.0000,  -1037.0000, 980.0000, -164.0000,  150, 150, 150
L -1039.0000, 993.0000, -165.0000,  -1037.0000, 985.0000, -164.0000,  150, 150, 150
L -1039.0000, 995.0000, -165.0000,  -1039.0000, 993.0000, -165.0000,  150, 150, 150
L -1039.0000, 1000.0000, -165.0000,  -1039.0000, 995.0000, -165.0000,  150, 150, 150
L -1040.0000, 1005.0000, -165.0000,  -1039.0000, 1000.0000, -165.0000,  150, 150, 150
L -1041.0000, 1009.0000, -165.0000,  -1040.0000, 1005.0000, -165.0000,  150, 150, 150
L -1042.0000, 1019.0000, -164.0000,  -1041.0000, 1009.0000, -165.0000,  150, 150, 150
L -1043.0000, 1024.0000, -164.0000,  -1042.0000, 1019.0000, -164.0000,  150, 150, 150
L -1043.0000, 1036.0000, -165.0000,  -1043.0000, 1024.0000, -164.0000,  150, 150, 150
L -1044.0000, 1050.0000, -167.0000,  -1043.0000, 1036.0000, -165.0000,  150, 150, 150
L -1043.0000, 1056.0000, -168.0000,  -1044.0000, 1050.0000, -167.0000,  150, 150, 150
L -1043.0000, 1062.0000, -168.0000,  -1043.0000, 1056.0000, -168.0000,  150, 150, 150
L -1041.0000, 1073.0000, -168.0000,  -1043.0000, 1062.0000, -168.0000,  150, 150, 150
L -1041.0000, 1079.0000, -167.0000,  -1041.0000, 1073.0000, -168.0000,  150, 150, 150
L -1040.0000, 1081.0000, -167.0000,  -1041.0000, 1079.0000, -167.0000,  150, 150, 150
L -1039.0000, 1090.0000, -166.0000,  -1040.0000, 1081.0000, -167.0000,  150, 150, 150
L -1039.0000, 1095.0000, -166.0000,  -1039.0000, 1090.0000, -166.0000,  150, 150, 150
L -1038.0000, 1097.0000, -166.0000,  -1039.0000, 1095.0000, -166.0000,  150, 150, 150
L -1034.0000, 1120.0000, -164.0000,  -1038.0000, 1097.0000, -166.0000,  150, 150, 150
L -1033.0000, 1123.0000, -165.0000,  -1034.0000, 1120.0000, -164.0000,  150, 150, 150
L -1031.0000, 1137.0000, -165.0000,  -1033.0000, 1123.0000, -165.0000,  150, 150, 150
L -1034.0000, 1149.0000, -165.0000,  -1031.0000, 1137.0000, -165.0000,  150, 150, 150
L -1038.0000, 1161.0000, -166.0000,  -1034.0000, 1149.0000, -165.0000,  150, 150, 150
L -1040.0000, 1166.0000, -166.0000,  -1038.0000, 1161.0000, -166.0000,  150, 150, 150
L -1064.0000, 1206.0000, -171.0000,  -1040.0000, 1166.0000, -166.0000,  150, 150, 150
L -1099.0000, 1249.0000, -173.0000,  -1064.0000, 1206.0000, -171.0000,  150, 150, 150
L -1101.0000, 1251.0000, -172.0000,  -1099.0000, 1249.0000, -173.0000,  150, 150, 150
L -1126.0000, 1290.0000, -173.0000,  -1101.0000, 1251.0000, -172.0000,  150, 150, 150
L -1128.0000, 1293.0000, -173.0000,  -1126.0000, 1290.0000, -173.0000,  150, 150, 150
L -1155.0000, 1326.0000, -176.0000,  -1128.0000, 1293.0000, -173.0000,  150, 150, 150
L -1156.0000, 1327.0000, -176.0000,  -1155.0000, 1326.0000, -176.0000,  150, 150, 150
L -1181.0000, 1374.0000, -168.0000,  -1156.0000, 1327.0000, -176.0000,  150, 150, 150
L -1185.0000, 1388.0000, -164.0000,  -1181.0000, 1374.0000, -168.0000,  150, 150, 150
L -1185.0000, 1390.0000, -164.0000,  -1185.0000, 1388.0000, -164.0000,  150, 150, 150
L -1186.0000, 1402.0000, -161.0000,  -1185.0000, 1390.0000, -164.0000,  150, 150, 150
L -1184.0000, 1429.0000, -157.0000,  -1186.0000, 1402.0000, -161.0000,  150, 150, 150
L -1179.0000, 1442.0000, -156.0000,  -1184.0000, 1429.0000, -157.0000,  150, 150, 150
L -1178.0000, 1445.0000, -156.0000,  -1179.0000, 1442.0000, -156.0000,  150, 150, 150
L -1176.0000, 1448.0000, -156.0000,  -1178.0000, 1445.0000, -156.0000,  150, 150, 150
L -1159.0000, 1467.0000, -152.0000,  -1176.0000, 1448.0000, -156.0000,  150, 150, 150
L -1135.0000, 1473.0000, -147.0000,  -1159.0000, 1467.0000, -152.0000,  150, 150, 150
L -1125.0000, 1472.0000, -145.0000,  -1135.0000, 1473.0000, -147.0000,  150, 150, 150
L -1109.0000, 1468.0000, -143.0000,  -1125.0000, 1472.0000, -145.0000,  150, 150, 150
L -1087.0000, 1442.0000, -147.0000,  -1109.0000, 1468.0000, -143.0000,  150, 150, 150
L -1062.0000, 1411.0000, -151.0000,  -1087.0000, 1442.0000, -147.0000,  150, 150, 150
L -1059.0000, 1407.0000, -152.0000,  -1062.0000, 1411.0000, -151.0000,  150, 150, 150
L -1058.0000, 1402.0000, -153.0000,  -1059.0000, 1407.0000, -152.0000,  150, 150, 150
L -1057.0000, 1393.0000, -154.0000,  -1058.0000, 1402.0000, -153.0000,  150, 150, 150
L -1056.0000, 1386.0000, -154.0000,  -1057.0000, 1393.0000, -154.0000,  150, 150, 150
L -1053.0000, 1370.0000, -156.0000,  -1056.0000, 1386.0000, -154.0000,  150, 150, 150
L -1049.0000, 1357.0000, -156.0000,  -1053.0000, 1370.0000, -156.0000,  150, 150, 150
L -1046.0000, 1352.0000, -157.0000,  -1049.0000, 1357.0000, -156.0000,  150, 150, 150
L -1032.0000, 1334.0000, -158.0000,  -1046.0000, 1352.0000, -157.0000,  150, 150, 150
L -956.0000, 1283.0000, -155.0000,  -1032.0000, 1334.0000, -158.0000,  150, 150, 150
L -882.0000, 1216.0000, -162.0000,  -956.0000, 1283.0000, -155.0000,  150, 150, 150
L -879.0000, 1213.0000, -162.0000,  -882.0000, 1216.0000, -162.0000,  150, 150, 150
L -821.0000, 1177.0000, -154.0000,  -879.0000, 1213.0000, -162.0000,  150, 150, 150
L -816.0000, 1175.0000, -154.0000,  -821.0000, 1177.0000, -154.0000,  150, 150, 150
L -762.0000, 1161.0000, -151.0000,  -816.0000, 1175.0000, -154.0000,  150, 150, 150
L -761.0000, 1160.0000, -151.0000,  -762.0000, 1161.0000, -151.0000,  150, 150, 150
L -753.0000, 1155.0000, -153.0000,  -761.0000, 1160.0000, -151.0000,  150, 150, 150
L -733.0000, 1135.0000, -159.0000,  -753.0000, 1155.0000, -153.0000,  150, 150, 150
L -730.0000, 1131.0000, -160.0000,  -733.0000, 1135.0000, -159.0000,  150, 150, 150
L -706.0000, 1083.0000, -166.0000,  -730.0000, 1131.0000, -160.0000,  150, 150, 150
L -705.0000, 1082.0000, -166.0000,  -706.0000, 1083.0000, -166.0000,  150, 150, 150
L -703.0000, 1079.0000, -166.0000,  -705.0000, 1082.0000, -166.0000,  150, 150, 150
L -700.0000, 1075.0000, -166.0000,  -703.0000, 1079.0000, -166.0000,  150, 150, 150
L -686.0000, 1064.0000, -164.0000,  -700.0000, 1075.0000, -166.0000,  150, 150, 150
L -669.0000, 1059.0000, -163.0000,  -686.0000, 1064.0000, -164.0000,  150, 150, 150
L -655.0000, 1056.0000, -164.0000,  -669.0000, 1059.0000, -163.0000,  150, 150, 150
L -613.0000, 1068.0000, -166.0000,  -655.0000, 1056.0000, -164.0000,  150, 150, 150
L -603.0000, 1076.0000, -167.0000,  -613.0000, 1068.0000, -166.0000,  150, 150, 150
L -601.0000, 1079.0000, -167.0000,  -603.0000, 1076.0000, -167.0000,  150, 150, 150
L -581.0000, 1108.0000, -169.0000,  -601.0000, 1079.0000, -167.0000,  150, 150, 150
L -579.0000, 1111.0000, -169.0000,  -581.0000, 1108.0000, -169.0000,  150, 150, 150
L -527.0000, 1156.0000, -168.0000,  -579.0000, 1111.0000, -169.0000,  150, 150, 150
L -522.0000, 1160.0000, -169.0000,  -527.0000, 1156.0000, -168.0000,  150, 150, 150
L -510.0000, 1166.0000, -169.0000,  -522.0000, 1160.0000, -169.0000,  150, 150, 150
L -488.0000, 1176.0000, -170.0000,  -510.0000, 1166.0000, -169.0000,  150, 150, 150
L -484.0000, 1179.0000, -170.0000,  -488.0000, 1176.0000, -170.0000,  150, 150, 150
L -464.0000, 1200.0000, -171.0000,  -484.0000, 1179.0000, -170.0000,  150, 150, 150
L -462.0000, 1203.0000, -171.0000,  -464.0000, 1200.0000, -171.0000,  150, 150, 150
L -446.0000, 1240.0000, -174.0000,  -462.0000, 1203.0000, -171.0000,  150, 150, 150
L -442.0000, 1259.0000, -176.0000,  -446.0000, 1240.0000, -174.0000,  150, 150, 150
L -442.0000, 1261.0000, -175.0000,  -442.0000, 1259.0000, -176.0000,  150, 150, 150
L -443.0000, 1268.0000, -174.0000,  -442.0000, 1261.0000, -175.0000,  150, 150, 150
L -444.0000, 1274.0000, -173.0000,  -443.0000, 1268.0000, -174.0000,  150, 150, 150
L -445.0000, 1279.0000, -173.0000,  -444.0000, 1274.0000, -173.0000,  150, 150, 150
L -443.0000, 1284.0000, -175.0000,  -445.0000, 1279.0000, -173.0000,  150, 150, 150
L -430.0000, 1305.0000, -180.0000,  -443.0000, 1284.0000, -175.0000,  150, 150, 150
L -429.0000, 1309.0000, -181.0000,  -430.0000, 1305.0000, -180.0000,  150, 150, 150
L -429.0000, 1319.0000, -181.0000,  -429.0000, 1309.0000, -181.0000,  150, 150, 150
L -431.0000, 1324.0000, -181.0000,  -429.0000, 1319.0000, -181.0000,  150, 150, 150
L -438.0000, 1335.0000, -181.0000,  -431.0000, 1324.0000, -181.0000,  150, 150, 150
L -468.0000, 1366.0000, -182.0000,  -438.0000, 1335.0000, -181.0000,  150, 150, 150
L -469.0000, 1367.0000, -182.0000,  -468.0000, 1366.0000, -182.0000,  150, 150, 150
L -535.0000, 1405.0000, -178.0000,  -469.0000, 1367.0000, -182.0000,  150, 150, 150
L -569.0000, 1425.0000, -177.0000,  -535.0000, 1405.0000, -178.0000,  150, 150, 150
L -598.0000, 1444.0000, -176.0000,  -569.0000, 1425.0000, -177.0000,  150, 150, 150
L -624.0000, 1462.0000, -174.0000,  -598.0000, 1444.0000, -176.0000,  150, 150, 150
L -843.0000, 1590.0000, -153.0000,  -624.0000, 1462.0000, -174.0000,  150, 150, 150
L -896.0000, 1623.0000, -145.0000,  -843.0000, 1590.0000, -153.0000,  150, 150, 150
L -901.0000, 1627.0000, -145.0000,  -896.0000, 1623.0000, -145.0000,  150, 150, 150
L -900.0000, 1636.0000, -148.0000,  -901.0000, 1627.0000, -145.0000,  150, 150, 150
L -899.0000, 1640.0000, -149.0000,  -900.0000, 1636.0000, -148.0000,  150, 150, 150
L -892.0000, 1647.0000, -148.0000,  -899.0000, 1640.0000, -149.0000,  150, 150, 150
L -888.0000, 1651.0000, -148.0000,  -892.0000, 1647.0000, -148.0000,  150, 150, 150
L -883.0000, 1653.0000, -149.0000,  -888.0000, 1651.0000, -148.0000,  150, 150, 150
L -832.0000, 1651.0000, -152.0000,  -883.0000, 1653.0000, -149.0000,  150, 150, 150
L -802.0000, 1649.0000, -156.0000,  -832.0000, 1651.0000, -152.0000,  150, 150, 150
L -758.0000, 1651.0000, -160.0000,  -802.0000, 1649.0000, -156.0000,  150, 150, 150
L -612.0000, 1678.0000, -162.0000,  -758.0000, 1651.0000, -160.0000,  150, 150, 150
L -608.0000, 1679.0000, -162.0000,  -612.0000, 1678.0000, -162.0000,  150, 150, 150
L -535.6000, 1711.8000, -158.0000,  -608.0000, 1679.0000, -162.0000,  150, 150, 150
L -103.0000, 1540.0000, -166.0000,  -112.1000, 1551.4000, -167.0000,  150, 150, 150
L -86.0000, 1522.0000, -164.0000,  -103.0000, 1540.0000, -166.0000,  150, 150, 150
L -75.0000, 1514.0000, -164.0000,  -86.0000, 1522.0000, -164.0000,  150, 150, 150
L -22.0000, 1497.0000, -163.0000,  -75.0000, 1514.0000, -164.0000,  150, 150, 150
L -18.0000, 1495.0000, -162.0000,  -22.0000, 1497.0000, -163.0000,  150, 150, 150
L 20.0000, 1474.0000, -161.0000,  -18.0000, 1495.0000, -162.0000,  150, 150, 150
L 23.0000, 1472.0000, -160.0000,  20.0000, 1474.0000, -161.0000,  150, 150, 150
L 26.0000, 1468.0000, -161.0000,  23.0000, 1472.0000, -160.0000,  150, 150, 150
L 28.0000, 1465.0000, -162.0000,  26.0000, 1468.0000, -161.0000,  150, 150, 150
L 41.0000, 1437.0000, -165.0000,  28.0000, 1465.0000, -162.0000,  150, 150, 150
L 40.0000, 1423.0000, -165.0000,  41.0000, 1437.0000, -165.0000,  150, 150, 150
L 34.0000, 1401.0000, -164.0000,  40.0000, 1423.0000, -165.0000,  150, 150, 150
L 32.0000, 1396.0000, -164.0000,  34.0000, 1401.0000, -164.0000,  150, 150, 150
L 10.0000, 1355.0000, -165.0000,  32.0000, 1396.0000, -164.0000,  150, 150, 150
L 8.0000, 1347.0000, -165.0000,  10.0000, 1355.0000, -165.0000,  150, 150, 150
L 7.0000, 1343.0000, -166.0000,  8.0000, 1347.0000, -165.0000,  150, 150, 150
L 6.0000, 1339.0000, -167.0000,  7.0000, 1343.0000, -166.0000,  150, 150, 150
L 5.0000, 1332.0000, -167.0000,  6.0000, 1339.0000, -167.0000,  150, 150, 150
L 4.0000, 1327.0000, -169.0000,  5.0000, 1332.0000, -167.0000,  150, 150, 150
L 2.0000, 1316.0000, -170.0000,  4.0000, 1327.0000, -169.0000,  150, 150, 150
L -23.0000, 1263.0000, -168.0000,  2.0000, 1316.0000, -170.0000,  150, 150, 150
L -37.0000, 1235.0000, -163.0000,  -23.0000, 1263.0000, -168.0000,  150, 150, 150
L -40.0000, 1226.0000, -162.0000,  -37.0000, 1235.0000, -163.0000,  150, 150, 150
L -40.0000, 1224.0000, -162.0000,  -40.0000, 1226.0000, -162.0000,  150, 150, 150
L -41.0000, 1221.0000, -161.0000,  -40.0000, 1224.0000, -162.0000,  150, 150, 150
L -43.0000, 1215.0000, -161.0000,  -41.0000, 1221.0000, -161.0000,  150, 150, 150
L -39.0000, 1193.0000, -158.0000,  -43.0000, 1215.0000, -161.0000,  150, 150, 150
L -32.0000, 1172.0000, -157.0000,  -39.0000, 1193.0000, -158.0000,  150, 150, 150
L -20.0000, 1153.0000, -158.0000,  -32.0000, 1172.0000, -157.0000,  150, 150, 150
L 0.0000, 1127.0000, -159.0000,  -20.0000, 1153.0000, -158.0000,  150, 150, 150
L 14.0000, 1112.0000, -159.0000,  0.0000, 1127.0000, -159.0000,  150, 150, 150
L 18.0000, 1109.0000, -159.0000,  14.0000, 1112.0000, -159.0000,  150, 150, 150
L 44.0000, 1097.0000, -159.0000,  18.0000, 1109.0000, -159.0000,  150, 150, 150
L 155.0000, 1093.0000, -167.0000,  44.0000, 1097.0000, -159.0000,  150, 150, 150
L 162.0000, 1093.0000, -167.0000,  155.0000, 1093.0000, -167.0000,  150, 150, 150
L 184.0000, 1100.0000, -169.0000,  162.0000, 1093.0000, -167.0000,  150, 150, 150
L 186.0000, 1101.0000, -168.0000,  184.0000, 1100.0000, -169.0000,  150, 150, 150
L 208.0000, 1118.0000, -165.0000,  186.0000, 1101.0000, -168.0000,  150, 150, 150
L 225.0000, 1150.0000, -158.0000,  208.0000, 1118.0000, -165.0000,  150, 150, 150
L 231.0000, 1173.0000, -159.0000,  225.0000, 1150.0000, -158.0000,  150, 150, 150
L 231.0000, 1175.0000, -159.0000,  231.0000, 1173.0000, -159.0000,  150, 150, 150
L 257.0000, 1216.0000, -163.0000,  231.0000, 1175.0000, -159.0000,  150, 150, 150
L 259.0000, 1219.0000, -163.0000,  257.0000, 1216.0000, -163.0000,  150, 150, 150
L 294.0000, 1265.0000, -159.0000,  259.0000, 1219.0000, -163.0000,  150, 150, 150
L 321.0000, 1308.0000, -158.0000,  294.0000, 1265.0000, -159.0000,  150, 150, 150
L 354.0000, 1384.0000, -159.0000,  321.0000, 1308.0000, -158.0000,  150, 150, 150
L 356.0000, 1389.0000, -159.0000,  354.0000, 1384.0000, -159.0000,  150, 150, 150
L 364.0000, 1416.0000, -154.0000,  356.0000, 1389.0000, -159.0000,  150, 150, 150
L 368.0000, 1422.0000, -154.0000,  364.0000, 1416.0000, -154.0000,  150, 150, 150
L 373.0000, 1423.0000, -155.0000,  368.0000, 1422.0000, -154.0000,  150, 150, 150
L 387.0000, 1422.0000, -155.0000,  373.0000, 1423.0000, -155.0000,  150, 150, 150
L 402.0000, 1419.0000, -156.0000,  387.0000, 1422.0000, -155.0000,  150, 150, 150
L 405.0000, 1417.0000, -156.0000,  402.0000, 1419.0000, -156.0000,  150, 150, 150
L 422.0000, 1404.0000, -157.0000,  405.0000, 1417.0000, -156.0000,  150, 150, 150
L 436.0000, 1399.0000, -157.0000,  422.0000, 1404.0000, -157.0000,  150, 150, 150
L 532.0000, 1406.0000, -149.0000,  436.0000, 1399.0000, -157.0000,  150, 150, 150
L 700.0000, 1464.0000, -144.0000,  532.0000, 1406.0000, -149.0000,  150, 150, 150
L 702.0000, 1464.0000, -144.0000,  700.0000, 1464.0000, -144.0000,  150, 150, 150
L 713.0000, 1473.0000, -144.0000,  702.0000, 1464.0000, -144.0000,  150, 150, 150
L 723.0000, 1484.0000, -144.0000,  713.0000, 1473.0000, -144.0000,  150, 150, 150
L 724.0000, 1486.0000, -144.0000,  723.0000, 1484.0000, -144.0000,  150, 150, 150
L 736.0000, 1501.0000, -145.0000,  724.0000, 1486.0000, -144.0000,  150, 150, 150
L 748.0000, 1552.0000, -140.0000,  736.0000, 1501.0000, -145.0000,  150, 150, 150
L 748.0000, 1554.0000, -140.0000,  748.0000, 1552.0000, -140.0000,  150, 150, 150
L 749.0000, 1562.0000, -139.0000,  748.0000, 1554.0000, -140.0000,  150, 150, 150
L 748.0000, 1567.0000, -138.0000,  749.0000, 1562.0000, -139.0000,  150, 150, 150
L 747.0000, 1572.0000, -137.0000,  748.0000, 1567.0000, -138.0000,  150, 150, 150
L 746.0000, 1577.0000, -135.0000,  747.0000, 1572.0000, -137.0000,  150, 150, 150
L 746.0000, 1583.0000, -135.0000,  746.0000, 1577.0000, -135.0000,  150, 150, 150
L 745.0000, 1588.0000, -134.0000,  746.0000, 1583.0000, -135.0000,  150, 150, 150
L 744.0000, 1595.0000, -134.0000,  745.0000, 1588.0000, -134.0000,  150, 150, 150
L 702.0000, 1663.0000, -127.0000,  744.0000, 1595.0000, -134.0000,  150, 150, 150
L 701.0000, 1664.0000, -127.0000,  702.0000, 1663.0000, -127.0000,  150, 150, 150
L 698.0000, 1668.0000, -127.0000,  701.0000, 1664.0000, -127.0000,  150, 150, 150
L 681.0000, 1684.0000, -129.0000,  698.0000, 1668.0000, -127.0000,  150, 150, 150
L 579.0000, 1732.0000, -130.0000,  681.0000, 1684.0000, -129.0000,  150, 150, 150
L 549.0000, 1747.0000, -126.0000,  579.0000, 1732.0000, -130.0000,  150, 150, 150
L 551.0000, 1750.0000, -127.0000,  549.0000, 1747.0000, -126.0000,  150, 150, 150
L 556.0000, 1753.0000, -129.0000,  551.0000, 1750.0000, -127.0000,  150, 150, 150
L 558.0000, 1753.0000, -130.0000,  556.0000, 1753.0000, -129.0000,  150, 150, 150
L 610.0000, 1764.0000, -130.0000,  558.0000, 1753.0000, -130.0000,  150, 150, 150
L 675.0000, 1761.0000, -130.0000,  610.0000, 1764.0000, -130.0000,  150, 150, 150
L 780.0000, 1768.0000, -143.0000,  675.0000, 1761.0000, -130.0000,  150, 150, 150
L 784.0000, 1769.0000, -143.0000,  780.0000, 1768.0000, -143.0000,  150, 150, 150
L 832.0000, 1782.0000, -145.0000,  784.0000, 1769.0000, -143.0000,  150, 150, 150
L 957.0000, 1797.0000, -139.0000,  832.0000, 1782.0000, -145.0000,  150, 150, 150
L 1097.0000, 1790.0000, -147.0000,  957.0000, 1797.0000, -139.0000,  150, 150, 150
L 1128.0000, 1787.0000, -149.0000,  1097.0000, 1790.0000, -147.0000,  150, 150, 150
L 1164.0000, 1786.0000, -153.0000,  1128.0000, 1787.0000, -149.0000,  150, 150, 150
L 1204.0000, 1792.0000, -158.0000,  1164.0000, 1786.0000, -153.0000,  150, 150, 150
L 1205.0000, 1792.0000, -158.0000,  1204.0000, 1792.0000, -158.0000,  150, 150, 150
L 1284.0000, 1771.0000, -156.0000,  1205.0000, 1792.0000, -158.0000,  150, 150, 150
L 1289.0000, 1769.0000, -156.0000,  1284.0000, 1771.0000, -156.0000,  150, 150, 150
L 1308.0000, 1760.0000, -157.0000,  1289.0000, 1769.0000, -156.0000,  150, 150, 150
L 1357.0000, 1730.0000, -158.0000,  1308.0000, 1760.0000, -157.0000,  150, 150, 150
L 1363.0000, 1727.0000, -157.0000,  1357.0000, 1730.0000, -158.0000,  150, 150, 150
L 1409.0000, 1708.0000, -155.0000,  1363.0000, 1727.0000, -157.0000,  150, 150, 150
L 1501.0000, 1706.0000, -152.0000,  1409.0000, 1708.0000, -155.0000,  150, 150, 150
L 1567.0000, 1698.0000, -156.0000,  1501.0000, 1706.0000, -152.0000,  150, 150, 150
L 1604.0000, 1693.0000, -156.0000,  1567.0000, 1698.0000, -156.0000,  150, 150, 150
L 1607.0000, 1692.0000, -156.0000,  1604.0000, 1693.0000, -156.0000,  150, 150, 150
L 1612.0000, 1689.0000, -156.0000,  1607.0000, 1692.0000, -156.0000,  150, 150, 150
L 1626.0000, 1678.0000, -155.0000,  1612.0000, 1689.0000, -156.0000,  150, 150, 150
L 1630.0000, 1672.0000, -154.0000,  1626.0000, 1678.0000, -155.0000,  150, 150, 150
L 1632.0000, 1667.0000, -154.0000,  1630.0000, 1672.0000, -154.0000,  150, 150, 150
L 1633.0000, 1660.0000, -154.0000,  1632.0000, 1667.0000, -154.0000,  150, 150, 150
L 1634.0000, 1656.0000, -154.0000,  1633.0000, 1660.0000, -154.0000,  150, 150, 150
L 1636.0000, 1647.0000, -154.0000,  1634.0000, 1656.0000, -154.0000,  150, 150, 150
L 1636.0000, 1645.0000, -154.0000,  1636.0000, 1647.0000, -154.0000,  150, 150, 150
L 1638.0000, 1638.0000, -154.0000,  1636.0000, 1645.0000, -154.0000,  150, 150, 150
L 1638.0000, 1634.0000, -154.0000,  1638.0000, 1638.0000, -154.0000,  150, 150, 150
L 1639.0000, 1628.0000, -155.0000,  1638.0000, 1634.0000, -154.0000,  150, 150, 150
L 1640.0000, 1624.0000, -155.0000,  1639.0000, 1628.0000, -155.0000,  150, 150, 150
L 1641.0000, 1617.0000, -156.0000,  1640.0000, 1624.0000, -155.0000,  150, 150, 150
L 1642.0000, 1613.0000, -156.0000,  1641.0000, 1617.0000, -156.0000,  150, 150, 150
L 1644.0000, 1602.0000, -156.0000,  1642.0000, 1613.0000, -156.0000,  150, 150, 150
L 1644.0000, 1601.0000, -157.0000,  1644.0000, 1602.0000, -156.0000,  150, 150, 150
L 1643.0000, 1596.0000, -157.0000,  1644.0000, 1601.0000, -157.0000,  150, 150, 150
L 1642.0000, 1592.0000, -157.0000,  1643.0000, 1596.0000, -157.0000,  150, 150, 150
L 1640.0000, 1580.0000, -156.0000,  1642.0000, 1592.0000, -157.0000,  150, 150, 150
L 1639.0000, 1576.0000, -156.0000,  1640.0000, 1580.0000, -156.0000,  150, 150, 150
L 1637.0000, 1568.0000, -155.0000,  1639.0000, 1576.0000, -156.0000,  150, 150, 150
L 1636.0000, 1566.0000, -155.0000,  1637.0000, 1568.0000, -155.0000,  150, 150, 150
L 1614.0000, 1519.0000, -157.0000,  1636.0000, 1566.0000, -155.0000,  150, 150, 150
L 1613.0000, 1515.0000, -158.0000,  1614.0000, 1519.0000, -157.0000,  150, 150, 150
L 1612.0000, 1456.0000, -162.0000,  1613.0000, 1515.0000, -158.0000,  150, 150, 150
L 1612.0000, 1454.0000, -162.0000,  1612.0000, 1456.0000, -162.0000,  150, 150, 150
L 1614.0000, 1444.0000, -163.0000,  1612.0000, 1454.0000, -162.0000,  150, 150, 150
L 1614.0000, 1442.0000, -164.0000,  1614.0000, 1444.0000, -163.0000,  150, 150, 150
L 1615.0000, 1430.0000, -165.0000,  1614.0000, 1442.0000, -164.0000,  150, 150, 150
L 1616.0000, 1424.0000, -166.0000,  1615.0000, 1430.0000, -165.0000,  150, 150, 150
L 1649.0000, 1336.0000, -167.0000,  1616.0000, 1424.0000, -166.0000,  150, 150, 150
L 1650.0000, 1335.0000, -167.0000,  1649.0000, 1336.0000, -167.0000,  150, 150, 150
L 1685.0000, 1223.0000, -174.0000,  1650.0000, 1335.0000, -167.0000,  150, 150, 150
L 1703.0000, 1176.0000, -168.0000,  1685.0000, 1223.0000, -174.0000,  150, 150, 150
L 1704.0000, 1173.0000, -167.0000,  1703.0000, 1176.0000, -168.0000,  150, 150, 150
L 1705.0000, 1169.0000, -167.0000,  1704.0000, 1173.0000, -167.0000,  150, 150, 150
L 1706.0000, 1162.0000, -165.0000,  1705.0000, 1169.0000, -167.0000,  150, 150, 150
L 1707.0000, 1160.0000, -165.0000,  1706.0000, 1162.0000, -165.0000,  150, 150, 150
L 1708.0000, 1153.0000, -166.0000,  1707.0000, 1160.0000, -165.0000,  150, 150, 150
L 1708.0000, 1151.0000, -167.0000,  1708.0000, 1153.0000, -166.0000,  150, 150, 150
L 1709.0000, 1146.0000, -167.0000,  1708.0000, 1151.0000, -167.0000,  150, 150, 150
L 1710.0000, 1142.0000, -167.0000,  1709.0000, 1146.0000, -167.0000,  150, 150, 150
L 1711.0000, 1133.0000, -168.0000,  1710.0000, 1142.0000, -167.0000,  150, 150, 150
L 1712.0000, 1128.0000, -168.0000,  1711.0000, 1133.0000, -168.0000,  150, 150, 150
L 1713.0000, 1124.0000, -169.0000,  1712.0000, 1128.0000, -168.0000,  150, 150, 150
L 1715.0000, 1115.0000, -169.0000,  1713.0000, 1124.0000, -169.0000,  150, 150, 150
L 1715.0000, 1110.0000, -170.0000,  1715.0000, 1115.0000, -169.0000,  150, 150, 150
L 1716.0000, 1106.0000, -170.0000,  1715.0000, 1110.0000, -170.0000,  150, 150, 150
L 1717.0000, 1101.0000, -170.0000,  1716.0000, 1106.0000, -170.0000,  150, 150, 150
L 1718.0000, 1094.0000, -171.0000,  1717.0000, 1101.0000, -170.0000,  150, 150, 150
L 1720.0000, 1083.0000, -172.0000,  1718.0000, 1094.0000, -171.0000,  150, 150, 150
L 1721.0000, 1076.0000, -171.0000,  1720.0000, 1083.0000, -172.0000,  150, 150, 150
L 1722.0000, 1074.0000, -171.0000,  1721.0000, 1076.0000, -171.0000,  150, 150, 150
L 1723.0000, 1067.0000, -170.0000,  1722.0000, 1074.0000, -171.0000,  150, 150, 150
L 1725.0000, 1054.0000, -168.0000,  1723.0000, 1067.0000, -170.0000,  150, 150, 150
L 1726.0000, 1047.0000, -168.0000,  1725.0000, 1054.0000, -168.0000,  150, 150, 150
L 1727.0000, 1041.0000, -167.0000,  1726.0000, 1047.0000, -168.0000,  150, 150, 150
L 1729.0000, 1030.0000, -167.0000,  1727.0000, 1041.0000, -167.0000,  150, 150, 150
L 1730.0000, 1025.0000, -166.0000,  1729.0000, 1030.0000, -167.0000,  150, 150, 150
L 1731.0000, 1021.0000, -166.0000,  1730.0000, 1025.0000, -166.0000,  150, 150, 150
L 1732.0000, 1017.0000, -166.0000,  1731.0000, 1021.0000, -166.0000,  150, 150, 150
L 1732.0000, 1012.0000, -166.0000,  1732.0000, 1017.0000, -166.0000,  150, 150, 150
L 1734.0000, 1005.0000, -167.0000,  1732.0000, 1012.0000, -166.0000,  150, 150, 150
L 1734.0000, 1003.0000, -167.0000,  1734.0000, 1005.0000, -167.0000,  150, 150, 150
L 1735.0000, 996.0000, -167.0000,  1734.0000, 1003.0000, -167.0000,  150, 150, 150
L 1736.0000, 990.0000, -169.0000,  1735.0000, 996.0000, -167.0000,  150, 150, 150
L 1737.0000, 985.0000, -169.0000,  1736.0000, 990.0000, -169.0000,  150, 150, 150
L 1738.0000, 978.0000, -170.0000,  1737.0000, 985.0000, -169.0000,  150, 150, 150
L 1740.0000, 970.0000, -171.0000,  1738.0000, 978.0000, -170.0000,  150, 150, 150
L 1741.0000, 968.0000, -171.0000,  1740.0000, 970.0000, -171.0000,  150, 150, 150
L 1751.0000, 946.0000, -170.0000,  1741.0000, 968.0000, -171.0000,  150, 150, 150
L 1752.0000, 942.0000, -170.0000,  1751.0000, 946.0000, -170.0000,  150, 150, 150
L 1753.0000, 937.0000, -170.0000,  1752.0000, 942.0000, -170.0000,  150, 150, 150
L 1753.0000, 931.0000, -170.0000,  1753.0000, 937.0000, -170.0000,  150, 150, 150
L 1754.0000, 926.0000, -170.0000,  1753.0000, 931.0000, -170.0000,  150, 150, 150
L 1755.0000, 920.0000, -169.0000,  1754.0000, 926.0000, -170.0000,  150, 150, 150
L 1755.0000, 908.0000, -170.0000,  1755.0000, 920.0000, -169.0000,  150, 150, 150
L 1754.0000, 905.0000, -170.0000,  1755.0000, 908.0000, -170.0000,  150, 150, 150
L 1745.0000, 870.0000, -161.0000,  1754.0000, 905.0000, -170.0000,  150, 150, 150
L 1744.0000, 865.0000, -160.0000,  1745.0000, 870.0000, -161.0000,  150, 150, 150
L 1728.0000, 829.0000, -152.0000,  1744.0000, 865.0000, -160.0000,  150, 150, 150
L 1726.0000, 828.0000, -152.0000,  1728.0000, 829.0000, -152.0000,  150, 150, 150
L 1724.0000, 831.0000, -153.0000,  1726.0000, 828.0000, -152.0000,  150, 150, 150
L 1722.0000, 836.0000, -155.0000,  1724.0000, 831.0000, -153.0000,  150, 150, 150
L 1722.0000, 838.0000, -156.0000,  1722.0000, 836.0000, -155.0000,  150, 150, 150
L 1721.0000, 845.0000, -158.0000,  1722.0000, 838.0000, -156.0000,  150, 150, 150
L 1720.0000, 860.0000, -161.0000,  1721.0000, 845.0000, -158.0000,  150, 150, 150
L 1720.0000, 862.0000, -162.0000,  1720.0000, 860.0000, -161.0000,  150, 150, 150
L 1719.0000, 877.0000, -167.0000,  1720.0000, 862.0000, -162.0000,  150, 150, 150
L 1718.0000, 879.0000, -168.0000,  1719.0000, 877.0000, -167.0000,  150, 150, 150
L 1705.0000, 927.0000, -174.0000,  1718.0000, 879.0000, -168.0000,  150, 150, 150
L 1705.0000, 929.0000, -174.0000,  1705.0000, 927.0000, -174.0000,  150, 150, 150
L 1696.0000, 951.0000, -174.0000,  1705.0000, 929.0000, -174.0000,  150, 150, 150
L 1690.0000, 973.0000, -169.0000,  1696.0000, 951.0000, -174.0000,  150, 150, 150
L 1689.0000, 979.0000, -169.0000,  1690.0000, 973.0000, -169.0000,  150, 150, 150
L 1690.0000, 989.0000, -169.0000,  1689.0000, 979.0000, -169.0000,  150, 150, 150
L 1691.0000, 1018.0000, -168.0000,  1690.0000, 989.0000, -169.0000,  150, 150, 150
L 1691.0000, 1020.0000, -168.0000,  1691.0000, 1018.0000, -168.0000,  150, 150, 150
L 1669.0000, 1056.0000, -169.0000,  1691.0000, 1020.0000, -168.0000,  150, 150, 150
L 1666.0000, 1061.0000, -169.0000,  1669.0000, 1056.0000, -169.0000,  150, 150, 150
L 1657.0000, 1082.0000, -169.0000,  1666.0000, 1061.0000, -169.0000,  150, 150, 150
L 1618.0000, 1137.0000, -171.0000,  1657.0000, 1082.0000, -169.0000,  150, 150, 150
L 1617.0000, 1138.0000, -171.0000,  1618.0000, 1137.0000, -171.0000,  150, 150, 150
L 1572.0000, 1180.0000, -166.0000,  1617.0000, 1138.0000, -171.0000,  150, 150, 150
L 1567.0000, 1185.0000, -166.0000,  1572.0000, 1180.0000, -166.0000,  150, 150, 150
L 1563.0000, 1195.0000, -166.0000,  1567.0000, 1185.0000, -166.0000,  150, 150, 150
L 1558.0000, 1209.0000, -166.0000,  1563.0000, 1195.0000, -166.0000,  150, 150, 150
L 1557.0000, 1214.0000, -166.0000,  1558.0000, 1209.0000, -166.0000,  150, 150, 150
L 1556.0000, 1221.0000, -167.0000,  1557.0000, 1214.0000, -166.0000,  150, 150, 150
L 1556.0000, 1223.0000, -166.0000,  1556.0000, 1221.0000, -167.0000,  150, 150, 150
L 1555.0000, 1228.0000, -166.0000,  1556.0000, 1223.0000, -166.0000,  150, 150, 150
L 1554.0000, 1238.0000, -166.0000,  1555.0000, 1228.0000, -166.0000,  150, 150, 150
L 1553.0000, 1242.0000, -166.0000,  1554.0000, 1238.0000, -166.0000,  150, 150, 150
L 1552.0000, 1250.0000, -166.0000,  1553.0000, 1242.0000, -166.0000,  150, 150, 150
L 1551.0000, 1257.0000, -166.0000,  1552.0000, 1250.0000, -166.0000,  150, 150, 150
L 1549.0000, 1266.0000, -165.0000,  1551.0000, 1257.0000, -166.0000,  150, 150, 150
L 1547.0000, 1278.0000, -165.0000,  1549.0000, 1266.0000, -165.0000,  150, 150, 150
L 1547.0000, 1280.0000, -165.0000,  1547.0000, 1278.0000, -165.0000,  150, 150, 150
L 1546.0000, 1287.0000, -165.0000,  1547.0000, 1280.0000, -165.0000,  150, 150, 150
L 1545.0000, 1294.0000, -166.0000,  1546.0000, 1287.0000, -165.0000,  150, 150, 150
L 1544.0000, 1299.0000, -166.0000,  1545.0000, 1294.0000, -166.0000,  150, 150, 150
L 1543.0000, 1306.0000, -167.0000,  1544.0000, 1299.0000, -166.0000,  150, 150, 150
L 1542.0000, 1308.0000, -167.0000,  1543.0000, 1306.0000, -167.0000,  150, 150, 150
L 1542.0000, 1313.0000, -168.0000,  1542.0000, 1308.0000, -167.0000,  150, 150, 150
L 1541.0000, 1321.0000, -168.0000,  1542.0000, 1313.0000, -168.0000,  150, 150, 150
L 1540.0000, 1334.0000, -171.0000,  1541.0000, 1321.0000, -168.0000,  150, 150, 150
L 1540.0000, 1336.0000, -172.0000,  1540.0000, 1334.0000, -171.0000,  150, 150, 150
L 1539.0000, 1349.0000, -173.0000,  1540.0000, 1336.0000, -172.0000,  150, 150, 150
L 1538.0000, 1351.0000, -173.0000,  1539.0000, 1349.0000, -173.0000,  150, 150, 150
L 1537.0000, 1358.0000, -174.0000,  1538.0000, 1351.0000, -173.0000,  150, 150, 150
L 1502.0000, 1429.0000, -172.0000,  1537.0000, 1358.0000, -174.0000,  150, 150, 150
L 1502.0000, 1431.0000, -172.0000,  1502.0000, 1429.0000, -172.0000,  150, 150, 150
L 1480.0000, 1465.0000, -172.0000,  1502.0000, 1431.0000, -172.0000,  150, 150, 150
L 1478.0000, 1468.0000, -172.0000,  1480.0000, 1465.0000, -172.0000,  150, 150, 150
L 1381.0000, 1546.0000, -166.0000,  1478.0000, 1468.0000, -172.0000,  150, 150, 150
L 1350.0000, 1571.0000, -166.0000,  1381.0000, 1546.0000, -166.0000,  150, 150, 150
L 1349.0000, 1572.0000, -166.0000,  1350.0000, 1571.0000, -166.0000,  150, 150, 150
L 1294.0000, 1642.0000, -173.0000,  1349.0000, 1572.0000, -166.0000,  150, 150, 150
L 1292.0000, 1644.0000, -174.0000,  1294.0000, 1642.0000, -173.0000,  150, 150, 150
L 1267.0000, 1671.0000, -174.0000,  1292.0000, 1644.0000, -174.0000,  150, 150, 150
L 1188.0000, 1713.0000, -167.0000,  1267.0000, 1671.0000, -174.0000,  150, 150, 150
L 1169.0000, 1727.0000, -164.0000,  1188.0000, 1713.0000, -167.0000,  150, 150, 150
L 1160.0000, 1734.0000, -161.0000,  1169.0000, 1727.0000, -164.0000,  150, 150, 150
L 1142.0000, 1752.0000, -157.0000,  1160.0000, 1734.0000, -161.0000,  150, 150, 150
L 1138.0000, 1755.0000, -156.0000,  1142.0000, 1752.0000, -157.0000,  150, 150, 150
L 1108.0000, 1762.0000, -151.0000,  1138.0000, 1755.0000, -156.0000,  150, 150, 150
L 1073.0000, 1769.0000, -148.0000,  1108.0000, 1762.0000, -151.0000,  150, 150, 150
L 1015.0000, 1762.0000, -143.0000,  1073.0000, 1769.0000, -148.0000,  150, 150, 150
L 972.0000, 1754.0000, -145.0000,  1015.0000, 1762.0000, -143.0000,  150, 150, 150
L 939.0000, 1746.0000, -151.0000,  972.0000, 1754.0000, -145.0000,  150, 150, 150
L 933.0000, 1743.0000, -152.0000,  939.0000, 1746.0000, -151.0000,  150, 150, 150
L 886.0000, 1699.0000, -160.0000,  933.0000, 1743.0000, -152.0000,  150, 150, 150
L 884.0000, 1698.0000, -160.0000,  886.0000, 1699.0000, -160.0000,  150, 150, 150
L 854.0000, 1640.0000, -160.0000,  884.0000, 1698.0000, -160.0000,  150, 150, 150
L 849.0000, 1630.0000, -161.0000,  854.0000, 1640.0000, -160.0000,  150, 150, 150
L 848.0000, 1626.0000, -161.0000,  849.0000, 1630.0000, -161.0000,  150, 150, 150
L 847.0000, 1622.0000, -161.0000,  848.0000, 1626.0000, -161.0000,  150, 150, 150
L 846.0000, 1613.0000, -160.0000,  847.0000, 1622.0000, -161.0000,  150, 150, 150
L 845.0000, 1563.0000, -158.0000,  846.0000, 1613.0000, -160.0000,  150, 150, 150
L 845.0000, 1561.0000, -158.0000,  845.0000, 1563.0000, -158.0000,  150, 150, 150
L 846.0000, 1552.0000, -158.0000,  845.0000, 1561.0000, -158.0000,  150, 150, 150
L 847.0000, 1550.0000, -158.0000,  846.0000, 1552.0000, -158.0000,  150, 150, 150
L 847.0000, 1544.0000, -159.0000,  847.0000, 1550.0000, -158.0000,  150, 150, 150
L 848.0000, 1534.0000, -159.0000,  847.0000, 1544.0000, -159.0000,  150, 150, 150
L 849.0000, 1533.0000, -160.0000,  848.0000, 1534.0000, -159.0000,  150, 150, 150
L 849.0000, 1527.0000, -159.0000,  849.0000, 1533.0000, -160.0000,  150, 150, 150
L 851.0000, 1519.0000, -159.0000,  849.0000, 1527.0000, -159.0000,  150, 150, 150
L 865.0000, 1485.0000, -163.0000,  851.0000, 1519.0000, -159.0000,  150, 150, 150
L 878.0000, 1468.0000, -163.0000,  865.0000, 1485.0000, -163.0000,  150, 150, 150
L 880.0000, 1465.0000, -163.0000,  878.0000, 1468.0000, -163.0000,  150, 150, 150
L 918.0000, 1435.0000, -165.0000,  880.0000, 1465.0000, -163.0000,  150, 150, 150
L 961.0000, 1408.0000, -163.0000,  918.0000, 1435.0000, -165.0000,  150, 150, 150
L 963.0000, 1408.0000, -163.0000,  961.0000, 1408.0000, -163.0000,  150, 150, 150
L 985.0000, 1386.0000, -164.0000,  963.0000, 1408.0000, -163.0000,  150, 150, 150
L 1007.0000, 1365.0000, -164.0000,  985.0000, 1386.0000, -164.0000,  150, 150, 150
L 1044.0000, 1332.0000, -159.0000,  1007.0000, 1365.0000, -164.0000,  150, 150, 150
L 1058.0000, 1314.0000, -156.0000,  1044.0000, 1332.0000, -159.0000,  150, 150, 150
L 1125.0000, 1245.0000, -153.0000,  1058.0000, 1314.0000, -156.0000,  150, 150, 150
L 1127.0000, 1243.0000, -153.0000,  1125.0000, 1245.0000, -153.0000,  150, 150, 150
L 1163.0000, 1187.0000, -154.0000,  1127.0000, 1243.0000, -153.0000,  150, 150, 150
L 1167.0000, 1182.0000, -154.0000,  1163.0000, 1187.0000, -154.0000,  150, 150, 150
L 1207.0000, 1141.0000, -147.0000,  1167.0000, 1182.0000, -154.0000,  150, 150, 150
L 1215.0000, 1129.0000, -147.0000,  1207.0000, 1141.0000, -147.0000,  150, 150, 150
L 1227.0000, 1107.0000, -148.0000,  1215.0000, 1129.0000, -147.0000,  150, 150, 150
L 1241.0000, 1068.0000, -150.0000,  1227.0000, 1107.0000, -148.0000,  150, 150, 150
L 1242.0000, 1064.0000, -150.0000,  1241.0000, 1068.0000, -150.0000,  150, 150, 150
L 1242.0000, 1058.0000, -150.0000,  1242.0000, 1064.0000, -150.0000,  150, 150, 150
L 1243.0000, 1017.0000, -152.0000,  1242.0000, 1058.0000, -150.0000,  150, 150, 150
L 1244.0000, 1015.0000, -152.0000,  1243.0000, 1017.0000, -152.0000,  150, 150, 150
L 1244.0000, 1009.0000, -151.0000,  1244.0000, 1015.0000, -152.0000,  150, 150, 150
L 1245.0000, 999.0000, -151.0000,  1244.0000, 1009.0000, -151.0000,  150, 150, 150
L 1246.0000, 997.0000, -151.0000,  1245.0000, 999.0000, -151.0000,  150, 150, 150
L 1246.0000, 991.0000, -151.0000,  1246.0000, 997.0000, -151.0000,  150, 150, 150
L 1247.0000, 985.0000, -152.0000,  1246.0000, 991.0000, -151.0000,  150, 150, 150
L 1275.0000, 906.0000, -154.0000,  1247.0000, 985.0000, -152.0000,  150, 150, 150
L 1278.0000, 899.0000, -154.0000,  1275.0000, 906.0000, -154.0000,  150, 150, 150
L 1296.0000, 877.0000, -154.0000,  1278.0000, 899.0000, -154.0000,  150, 150, 150
L 1316.0000, 835.0000, -151.0000,  1296.0000, 877.0000, -154.0000,  150, 150, 150
L 1316.0000, 834.0000, -151.0000,  1316.0000, 835.0000, -151.0000,  150, 150, 150
L 1318.0000, 803.0000, -152.0000,  1316.0000, 834.0000, -151.0000,  150, 150, 150
L 1317.0000, 800.0000, -152.0000,  1318.0000, 803.0000, -152.0000,  150, 150, 150
L 1316.0000, 799.0000, -152.0000,  1317.0000, 800.0000, -152.0000,  150, 150, 150
L 1314.0000, 796.0000, -151.0000,  1316.0000, 799.0000, -152.0000,  150, 150, 150
L 1302.0000, 782.0000, -149.0000,  1314.0000, 796.0000, -151.0000,  150, 150, 150
L 1299.0000, 780.0000, -149.0000,  1302.0000, 782.0000, -149.0000,  150, 150, 150
L 1260.0000, 765.0000, -151.0000,  1299.0000, 780.0000, -149.0000,  150, 150, 150
L 1200.0000, 754.0000, -155.0000,  1260.0000, 765.0000, -151.0000,  150, 150, 150
L 1161.0000, 747.0000, -151.0000,  1200.0000, 754.0000, -155.0000,  150, 150, 150
L 1159.0000, 747.0000, -151.0000,  1161.0000, 747.0000, -151.0000,  150, 150, 150
L 1083.0000, 716.0000, -148.0000,  1159.0000, 747.0000, -151.0000,  150, 150, 150
L 1074.0000, 710.0000, -149.0000,  1083.0000, 716.0000, -148.0000,  150, 150, 150
L 1054.0000, 693.0000, -149.0000,  1074.0000, 710.0000, -149.0000,  150, 150, 150
L 1052.0000, 690.0000, -148.0000,  1054.0000, 693.0000, -149.0000,  150, 150, 150
L 1044.0000, 675.0000, -147.0000,  1052.0000, 690.0000, -148.0000,  150, 150, 150
L 1042.0000, 666.0000, -147.0000,  1044.0000, 675.0000, -147.0000,  150, 150, 150
L 1042.0000, 664.0000, -146.0000,  1042.0000, 666.0000, -147.0000,  150, 150, 150
L 1043.0000, 649.0000, -145.0000,  1042.0000, 664.0000, -146.0000,  150, 150, 150
L 1043.0000, 634.0000, -145.0000,  1043.0000, 649.0000, -145.0000,  150, 150, 150
L 1044.0000, 620.0000, -145.0000,  1043.0000, 634.0000, -145.0000,  150, 150, 150
L 1061.0000, 581.0000, -143.0000,  1044.0000, 620.0000, -145.0000,  150, 150, 150
L 1062.0000, 578.0000, -144.0000,  1061.0000, 581.0000, -143.0000,  150, 150, 150
L 1066.0000, 573.0000, -143.0000,  1062.0000, 578.0000, -144.0000,  150, 150, 150
L 1127.0000, 526.0000, -144.0000,  1066.0000, 573.0000, -143.0000,  150, 150, 150
L 1130.0000, 524.0000, -144.0000,  1127.0000, 526.0000, -144.0000,  150, 150, 150
L 1253.0000, 505.0000, -149.0000,  1130.0000, 524.0000, -144.0000,  150, 150, 150
L 1366.0000, 516.0000, -152.0000,  1253.0000, 505.0000, -149.0000,  150, 150, 150
L 1389.0000, 514.0000, -152.0000,  1366.0000, 516.0000, -152.0000,  150, 150, 150
L 1449.0000, 518.0000, -153.0000,  1389.0000, 514.0000, -152.0000,  150, 150, 150
L 1464.0000, 517.0000, -154.0000,  1449.0000, 518.0000, -153.0000,  150, 150, 150
L 1476.0000, 515.0000, -156.0000,  1464.0000, 517.0000, -154.0000,  150, 150, 150
L 1479.0000, 513.0000, -156.0000,  1476.0000, 515.0000, -156.0000,  150, 150, 150
L 1528.0000, 477.0000, -155.0000,  1479.0000, 513.0000, -156.0000,  150, 150, 150
L 1531.0000, 474.0000, -154.0000,  1528.0000, 477.0000, -155.0000,  150, 150, 150
L 1604.7000, 368.0000, -154.0000,  1531.0000, 474.0000, -154.0000,  150, 150, 150
L -1749.9000, -906.3000, -127.5000,  -1825.4000, -906.3000, -52.1000,  0, 0, 0
L -1748.2000, -901.6000, -129.6000,  -1749.9000, -906.3000, -127.5000,  0, 0, 0
L -1744.4000, -897.8000, -133.7000,  -1748.2000, -901.6000, -129.6000,  0, 0, 0
L -1740.0000, -896.6000, -137.6000,  -1744.4000, -897.8000, -133.7000,  0, 0, 0
L -1733.6000, -897.5000, -140.7000,  -1740.0000, -896.6000, -137.6000,  0, 0, 0
L -1728.5000, -902.2000, -143.3000,  -1733.6000, -897.5000, -140.7000,  0, 0, 0
L -1727.1000, -908.2000, -144.6000,  -1728.5000, -902.2000, -143.3000,  0, 0, 0
L -1728.5000, -913.5000, -144.1000,  -1727.1000, -908.2000, -144.6000,  0, 0, 0
L -1732.3000, -917.6000, -140.9000,  -1728.5000, -913.5000, -144.1000,  0, 0, 0
L -1737.1000, -919.1000, -137.4000,  -1732.3000, -917.6000, -140.9000,  0, 0, 0
L -1738.5000, -924.5000, -134.9000,  -1737.1000, -919.1000, -137.4000,  0, 0, 0
L -1737.0000, -961.7000, -139.2000,  -1737.1000, -956.3000, -134.9000,  0, 0, 0
L -1732.6000, -963.0000, -141.4000,  -1737.0000, -961.7000, -139.2000,  0, 0, 0
L -1728.6000, -967.0000, -143.8000,  -1732.6000, -963.0000, -141.4000,  0, 0, 0
L -1727.0000, -973.1000, -145.2000,  -1728.6000, -967.0000, -143.8000,  0, 0, 0
L -1728.5000, -978.5000, -144.3000,  -1727.0000, -973.1000, -145.2000,  0, 0, 0
L -1732.5000, -982.6000, -142.0000,  -1728.5000, -978.5000, -144.3000,  0, 0, 0
L -1737.7000, -984.3000, -139.0000,  -1732.5000, -982.6000, -142.0000,  0, 0, 0
L -1744.3000, -983.0000, -134.6000,  -1737.7000, -984.3000, -139.0000,  0, 0, 0
L -1748.3000, -979.8000, -131.6000,  -1744.3000, -983.0000, -134.6000,  0, 0, 0
L -1749.8000, -974.4000, -129.3000,  -1748.3000, -979.8000, -131.6000,  0, 0, 0
L -1854.4000, -974.5000, -49.0000,  -1749.8000, -974.4000, -129.3000,  0, 0, 0
L -936.0000, -1202.1000, -156.5000,  -958.0000, -1201.0000, -154.0000,  0, 0, 0
L -652.6000, -1471.2000, -153.0000,  -652.6000, -1481.1000, -153.0000,  0, 0, 0
L -719.2000, -1451.1000, -156.5000,  -708.4000, -1446.0000, -153.0000,  0, 0, 0
L -726.1000, -1468.1000, -156.5000,  -719.2000, -1451.1000, -156.5000,  0, 0, 0
L -742.4000, -1546.5000, -156.5000,  -726.1000, -1468.1000, -156.5000,  0, 0, 0
L -751.9000, -1573.9000, -154.4000,  -742.4000, -1546.5000, -156.5000,  0, 0, 0
L -742.5000, -1580.8000, -155.7000,  -751.9000, -1573.9000, -154.4000,  0, 0, 0
L -729.0000, -1584.3000, -156.5000,  -742.5000, -1580.8000, -155.7000,  0, 0, 0
L -728.6000, -1570.7000, -156.3000,  -729.0000, -1584.3000, -156.5000,  0, 0, 0
L -723.9000, -1562.1000, -157.6000,  -728.6000, -1570.7000, -156.3000,  0, 0, 0
L -725.9000, -1530.2000, -157.5000,  -723.9000, -1562.1000, -157.6000,  0, 0, 0
L -722.1000, -1510.0000, -158.6000,  -725.9000, -1530.2000, -157.5000,  0, 0, 0
L -716.2000, -1479.3000, -156.9000,  -722.1000, -1510.0000, -158.6000,  0, 0, 0
L -706.2000, -1453.0000, -153.0000,  -716.2000, -1479.3000, -156.9000,  0, 0, 0
L -622.7000, -1479.6000, -155.6000,  -627.6000, -1471.0000, -153.0000,  0, 0, 0
L -625.9000, -1498.5000, -155.7000,  -622.7000, -1479.6000, -155.6000,  0, 0, 0
L -637.9000, -1538.4000, -155.7000,  -625.9000, -1498.5000, -155.7000,  0, 0, 0
L -645.9000, -1560.1000, -155.7000,  -637.9000, -1538.4000, -155.7000,  0, 0, 0
L -651.9000, -1585.9000, -155.7000,  -645.9000, -1560.1000, -155.7000,  0, 0, 0
L -657.7000, -1599.0000, -155.7000,  -651.9000, -1585.9000, -155.7000,  0, 0, 0
L -665.9000, -1598.4000, -152.4000,  -657.7000, -1599.0000, -155.7000,  0, 0, 0
L -666.5000, -1594.0000, -143.5000,  -665.9000, -1598.4000, -152.4000,  0, 0, 0
L -663.5000, -1573.8000, -148.6000,  -666.5000, -1594.0000, -143.5000,  0, 0, 0
L -657.6000, -1553.6000, -155.7000,  -663.5000, -1573.8000, -148.6000,  0, 0, 0
L -651.4000, -1536.8000, -155.7000,  -657.6000, -1553.6000, -155.7000,  0, 0, 0
L -639.0000, -1496.9000, -155.7000,  -651.4000, -1536.8000, -155.7000,  0, 0, 0
L -636.1000, -1479.9000, -153.0000,  -639.0000, -1496.9000, -155.7000,  0, 0, 0
L -936.0000, -1202.1000, -156.5000,  -936.0000, -1776.6000, -59.2000,  0, 0, 0
L 2042.0000, 264.0000, -153.0000,  2139.0000, 263.0000, -153.0000,  199, 21, 133
L 2139.0000, 263.0000, -153.0000,  2139.0000, 341.1000, -153.0000,  178, 102, 255
L 2042.0000, 264.0000, -153.0000,  2042.0000, 341.1000, -153.0000,  178, 102, 255
L -64.0000, 2242.0000, -156.0000,  -58.2000, 2264.3000, -156.0000,  0, 0, 0
L -103.0000, 2252.0000, -156.0000,  -98.2000, 2271.8999, -156.0000,  0, 0, 0
L -244.0000, 2291.0000, -156.0000,  -238.5000, 2314.0000, -156.0000,  0, 0, 0
L -270.0000, 2299.0000, -156.0000,  -264.3000, 2322.8999, -156.0000,  0, 0, 0
L -244.0000, 2291.0000, -156.0000,  -270.0000, 2299.0000, -156.0000,  199, 21, 133
L -64.0000, 2242.0000, -156.0000,  -103.0000, 2252.0000, -156.0000,  199, 21, 133
L 933.0000, -1222.0000, -191.0000,  1063.0000, -1222.0000, -191.0000,  0, 0, 0
L 933.0000, -1230.0000, -191.0000,  933.0000, -1222.0000, -191.0000,  0, 0, 0
L 933.0000, -1275.0000, -191.0000,  933.0000, -1230.0000, -191.0000,  0, 0, 0
L 1063.0000, -1439.0000, -191.0000,  1063.0000, -1222.0000, -191.0000,  0, 0, 0
L 860.0000, -1439.0000, -191.0000,  1063.0000, -1439.0000, -191.0000,  0, 0, 0
L 860.0000, -1327.0000, -191.0000,  860.0000, -1439.0000, -191.0000,  0, 0, 0
L 893.0000, -1422.0000, -163.0000,  893.0000, -1399.0000, -163.0000,  150, 150, 150
L 893.0000, -1399.0000, -163.0000,  888.0000, -1399.0000, -166.0000,  0, 204, 0
L 893.0000, -1422.0000, -163.0000,  887.0000, -1422.0000, -166.0000,  0, 204, 0
L 904.0000, -1422.0000, -158.0000,  904.0000, -1400.0000, -158.0000,  150, 150, 150
L 904.0000, -1400.0000, -158.0000,  899.0000, -1399.0000, -161.0000,  0, 204, 0
L 904.0000, -1422.0000, -158.0000,  899.0000, -1422.0000, -161.0000,  0, 204, 0
L 899.0000, -1422.0000, -161.0000,  899.0000, -1399.0000, -161.0000,  150, 150, 150
L 899.0000, -1399.0000, -161.0000,  893.0000, -1399.0000, -163.0000,  0, 204, 0
L 899.0000, -1422.0000, -161.0000,  893.0000, -1422.0000, -163.0000,  0, 204, 0
L 916.0000, -1422.0000, -153.0000,  916.0000, -1400.0000, -153.0000,  150, 150, 150
L 916.0000, -1400.0000, -153.0000,  910.0000, -1400.0000, -156.0000,  0, 204, 0
L 916.0000, -1422.0000, -153.0000,  910.0000, -1422.0000, -156.0000,  0, 204, 0
L 927.0000, -1422.0000, -148.0000,  927.0000, -1401.0000, -148.0000,  150, 150, 150
L 927.0000, -1401.0000, -148.0000,  921.0000, -1401.0000, -151.0000,  0, 204, 0
L 927.0000, -1422.0000, -148.0000,  921.0000, -1422.0000, -151.0000,  0, 204, 0
L 921.0000, -1422.0000, -151.0000,  921.0000, -1401.0000, -151.0000,  150, 150, 150
L 921.0000, -1401.0000, -151.0000,  916.0000, -1400.0000, -153.0000,  0, 204, 0
L 921.0000, -1422.0000, -151.0000,  916.0000, -1422.0000, -153.0000,  0, 204, 0
L 910.0000, -1422.0000, -156.0000,  910.0000, -1400.0000, -156.0000,  150, 150, 150
L 910.0000, -1400.0000, -156.0000,  904.0000, -1400.0000, -158.0000,  0, 204, 0
L 910.0000, -1422.0000, -156.0000,  904.0000, -1422.0000, -158.0000,  0, 204, 0
L 888.0000, -1375.0000, -177.0000,  867.0000, -1375.0000, -177.0000,  150, 150, 150
L 867.0000, -1375.0000, -177.0000,  867.0000, -1383.0000, -173.0000,  0, 204, 0
L 888.0000, -1375.0000, -177.0000,  888.0000, -1368.0000, -181.0000,  0, 204, 0
L 888.0000, -1391.0000, -169.0000,  867.0000, -1391.0000, -169.0000,  150, 150, 150
L 867.0000, -1391.0000, -169.0000,  867.0000, -1399.0000, -166.0000,  0, 204, 0
L 888.0000, -1391.0000, -169.0000,  888.0000, -1383.0000, -173.0000,  0, 204, 0
L 888.0000, -1383.0000, -173.0000,  867.0000, -1383.0000, -173.0000,  150, 150, 150
L 867.0000, -1383.0000, -173.0000,  867.0000, -1391.0000, -169.0000,  0, 204, 0
L 888.0000, -1383.0000, -173.0000,  888.0000, -1375.0000, -177.0000,  0, 204, 0
L 888.0000, -1399.0000, -166.0000,  867.0000, -1399.0000, -166.0000,  150, 150, 150
L 895.0000, -1398.0000, -181.0000,  895.0000, -1368.0000, -181.0000,  0, 0, 0
L 888.0000, -1399.0000, -166.0000,  888.0000, -1391.0000, -169.0000,  0, 204, 0
L 888.0000, -1368.0000, -181.0000,  895.0000, -1368.0000, -181.0000,  0, 0, 0
L 867.0000, -1336.0000, -181.0000,  867.0000, -1368.0000, -181.0000,  0, 0, 0
L 867.0000, -1368.0000, -181.0000,  867.0000, -1375.0000, -177.0000,  0, 204, 0
L 867.0000, -1368.0000, -181.0000,  888.0000, -1368.0000, -181.0000,  150, 150, 150
L 933.0000, -1422.0000, -146.0000,  927.0000, -1422.0000, -148.0000,  0, 204, 0
L 933.0000, -1415.0000, -146.0000,  933.0000, -1422.0000, -146.0000,  0, 204, 0
L 933.0000, -1336.0000, -181.0000,  867.0000, -1336.0000, -181.0000,  0, 0, 0
L 867.0000, -1399.0000, -166.0000,  867.0000, -1422.0000, -166.0000,  0, 204, 0
L 888.0000, -1399.0000, -166.0000,  887.0000, -1422.0000, -166.0000,  150, 150, 150
L 867.0000, -1422.0000, -166.0000,  887.0000, -1422.0000, -166.0000,  0, 204, 0
L 933.0000, -1402.0000, -146.0000,  927.0000, -1401.0000, -148.0000,  0, 204, 0
L 942.0000, -1402.0000, -146.0000,  933.0000, -1402.0000, -146.0000,  0, 204, 0
L 933.0000, -1415.0000, -146.0000,  933.0000, -1402.0000, -146.0000,  150, 150, 150
L 942.0000, -1415.0000, -146.0000,  933.0000, -1415.0000, -146.0000,  0, 204, 0
L 942.0000, -1359.0000, -181.0000,  933.0000, -1359.0000, -181.0000,  0, 0, 0
L 942.0000, -1377.0000, -181.0000,  942.0000, -1422.0000, -181.0000,  0, 0, 0
L 942.0000, -1336.0000, -181.0000,  942.0000, -1359.0000, -181.0000,  0, 0, 0
L 933.0000, -1376.0000, -181.0000,  933.0000, -1398.0000, -181.0000,  0, 0, 0
L 933.0000, -1336.0000, -181.0000,  933.0000, -1359.0000, -181.0000,  0, 0, 0
L 1037.0000, -1328.0000, -181.0000,  1037.0000, -1336.0000, -181.0000,  0, 0, 0
L 1037.0000, -1336.0000, -181.0000,  1053.0000, -1336.0000, -181.0000,  0, 0, 0
L 1037.0000, -1328.0000, -181.0000,  1053.0000, -1328.0000, -181.0000,  0, 0, 0
L 1019.0000, -1327.0000, -181.0000,  1020.0000, -1328.0000, -181.0000,  0, 0, 0
L 1019.0000, -1336.0000, -181.0000,  1019.0000, -1327.0000, -181.0000,  0, 0, 0
L 1053.0000, -1328.0000, -181.0000,  1053.0000, -1263.0000, -181.0000,  0, 0, 0
L 1053.0000, -1422.0000, -181.0000,  1053.0000, -1336.0000, -181.0000,  0, 0, 0
L 1053.0000, -1263.0000, -181.0000,  1053.0000, -1236.0000, -181.0000,  0, 0, 0
L -270.0000, -1282.0000, -148.0000,  -270.0000, -1386.0000, -148.0000,  0, 0, 0
L -283.0000, -1265.0000, -148.0000,  -285.0000, -1235.0000, -148.0000,  0, 0, 0
L -119.0000, -1418.0000, -148.0000,  -135.0000, -1314.0000, -148.0000,  0, 0, 0
L -283.0000, -1282.0000, -148.0000,  -291.0000, -1279.0000, -148.0000,  0, 0, 0
L -291.0000, -1279.0000, -148.0000,  -367.0000, -1287.0000, -148.0000,  0, 0, 0
L -270.0000, -1386.0000, -148.0000,  -283.0000, -1385.0000, -148.0000,  0, 0, 0
L -134.0000, -1407.0000, -148.0000,  -243.0000, -1424.0000, -148.0000,  0, 0, 0
L -278.0000, -1177.0000, -148.0000,  -258.0000, -1182.0000, -148.0000,  0, 0, 0
L -243.0000, -1424.0000, -148.0000,  -243.0000, -1437.0000, -148.0000,  0, 0, 0
L -130.0000, -1169.0000, -148.0000,  -263.0000, -1169.0000, -148.0000,  0, 0, 0
L -291.0000, -1165.0000, -148.0000,  -287.0000, -1221.0000, -148.0000,  0, 0, 0
L -370.0000, -1307.0000, -148.0000,  -370.0000, -1408.0000, -148.0000,  0, 0, 0
L -283.0000, -1385.0000, -148.0000,  -283.0000, -1282.0000, -148.0000,  0, 0, 0
L -143.0000, -1282.0000, -148.0000,  -143.0000, -1309.0000, -148.0000,  0, 0, 0
L -383.0000, -1290.0000, -148.0000,  -382.0000, -1276.0000, -148.0000,  0, 0, 0
L -208.0000, -1282.0000, -148.0000,  -143.0000, -1282.0000, -148.0000,  0, 0, 0
L -270.0000, -1400.0000, -148.0000,  -270.0000, -1408.0000, -148.0000,  0, 0, 0
L -386.0000, -1421.0000, -148.0000,  -383.0000, -1290.0000, -148.0000,  0, 0, 0
L -135.0000, -1314.0000, -148.0000,  -129.0000, -1313.0000, -148.0000,  0, 0, 0
L -243.0000, -1437.0000, -148.0000,  -119.0000, -1418.0000, -148.0000,  0, 0, 0
L -224.0000, -1283.0000, -148.0000,  -270.0000, -1282.0000, -148.0000,  0, 0, 0
L -251.0000, -1422.0000, -148.0000,  -386.0000, -1421.0000, -148.0000,  0, 0, 0
L -143.0000, -1182.0000, -148.0000,  -143.0000, -1268.0000, -148.0000,  0, 0, 0
L -270.0000, -1408.0000, -148.0000,  -252.0000, -1409.0000, -148.0000,  0, 0, 0
L -209.0000, -1269.0000, -148.0000,  -208.0000, -1282.0000, -148.0000,  0, 0, 0
L -143.0000, -1309.0000, -148.0000,  -149.0000, -1311.0000, -148.0000,  0, 0, 0
L -252.0000, -1409.0000, -148.0000,  -251.0000, -1422.0000, -148.0000,  0, 0, 0
L -367.0000, -1287.0000, -148.0000,  -370.0000, -1307.0000, -148.0000,  0, 0, 0
L -149.0000, -1311.0000, -148.0000,  -134.0000, -1407.0000, -148.0000,  0, 0, 0
L -129.0000, -1313.0000, -148.0000,  -130.0000, -1169.0000, -148.0000,  0, 0, 0
L -271.0000, -1233.0000, -148.0000,  -270.0000, -1268.0000, -148.0000,  0, 0, 0
L -222.0000, -1269.0000, -148.0000,  -224.0000, -1283.0000, -148.0000,  0, 0, 0
L -258.0000, -1182.0000, -148.0000,  -143.0000, -1182.0000, -148.0000,  0, 0, 0
L -271.0000, -1163.0000, -148.0000,  -291.0000, -1165.0000, -148.0000,  0, 0, 0
L -270.0000, -1268.0000, -148.0000,  -222.0000, -1269.0000, -148.0000,  0, 0, 0
L -287.0000, -1221.0000, -148.0000,  -275.0000, -1220.0000, -148.0000,  0, 0, 0
L -143.0000, -1268.0000, -148.0000,  -209.0000, -1269.0000, -148.0000,  0, 0, 0
L -275.0000, -1220.0000, -148.0000,  -278.0000, -1177.0000, -148.0000,  0, 0, 0
L -263.0000, -1169.0000, -148.0000,  -271.0000, -1163.0000, -148.0000,  0, 0, 0
L -285.0000, -1235.0000, -148.0000,  -271.0000, -1233.0000, -148.0000,  0, 0, 0
L -370.0000, -1408.0000, -148.0000,  -283.0000, -1408.0000, -148.0000,  0, 0, 0
L -382.0000, -1276.0000, -148.0000,  -283.0000, -1265.0000, -148.0000,  0, 0, 0
L -283.0000, -1400.0000, -148.0000,  -270.0000, -1400.0000, -148.0000,  0, 0, 0
L -283.0000, -1408.0000, -148.0000,  -283.0000, -1400.0000, -148.0000,  0, 0, 0
L -639.0000, -1395.0000, -153.0000,  -660.0000, -1390.0000, -153.0000,  0, 0, 0
L -660.0000, -1379.0000, -153.0000,  -633.0000, -1385.0000, -153.0000,  0, 0, 0
L -668.0000, -1481.0000, -153.0000,  -687.0000, -1476.0000, -153.0000,  0, 0, 0
L -668.0000, -1470.0000, -153.0000,  -668.0000, -1481.0000, -153.0000,  0, 0, 0
L -680.0000, -1467.0000, -153.0000,  -668.0000, -1470.0000, -153.0000,  0, 0, 0
L -660.0000, -1390.0000, -153.0000,  -680.0000, -1395.0000, -153.0000,  0, 0, 0
L -652.6000, -1471.2000, -153.0000,  -639.0000, -1467.0000, -153.0000,  0, 0, 0
L -618.0000, -1431.0000, -153.0000,  -623.0000, -1410.0000, -153.0000,  0, 0, 0
L -636.1000, -1479.9000, -153.0000,  -652.6000, -1481.1000, -153.0000,  0, 0, 0
L -687.0000, -1476.0000, -153.0000,  -706.2000, -1453.0000, -153.0000,  0, 0, 0
L -701.0000, -1431.0000, -153.0000,  -695.0000, -1452.0000, -153.0000,  0, 0, 0
L -708.4000, -1446.0000, -153.0000,  -712.0000, -1430.0000, -153.0000,  0, 0, 0
L -695.0000, -1410.0000, -153.0000,  -701.0000, -1431.0000, -153.0000,  0, 0, 0
L -633.0000, -1385.0000, -153.0000,  -614.0000, -1405.0000, -153.0000,  0, 0, 0
L -614.0000, -1458.0000, -153.0000,  -627.6000, -1471.0000, -153.0000,  0, 0, 0
L -705.0000, -1405.0000, -153.0000,  -685.0000, -1385.0000, -153.0000,  0, 0, 0
L -685.0000, -1385.0000, -153.0000,  -660.0000, -1379.0000, -153.0000,  0, 0, 0
L -695.0000, -1452.0000, -153.0000,  -680.0000, -1467.0000, -153.0000,  0, 0, 0
L -712.0000, -1430.0000, -153.0000,  -705.0000, -1405.0000, -153.0000,  0, 0, 0
L -680.0000, -1395.0000, -153.0000,  -695.0000, -1410.0000, -153.0000,  0, 0, 0
L -623.0000, -1452.0000, -153.0000,  -618.0000, -1431.0000, -153.0000,  0, 0, 0
L -623.0000, -1410.0000, -153.0000,  -639.0000, -1395.0000, -153.0000,  0, 0, 0
L -607.0000, -1430.0000, -153.0000,  -614.0000, -1458.0000, -153.0000,  0, 0, 0
L -639.0000, -1467.0000, -153.0000,  -623.0000, -1452.0000, -153.0000,  0, 0, 0
L -614.0000, -1405.0000, -153.0000,  -607.0000, -1430.0000, -153.0000,  0, 0, 0
L -498.0000, -1083.0000, -160.0000,  -498.0000, -1049.0000, -160.0000,  0, 0, 0
L -438.0000, -891.0000, -154.0000,  -437.0000, -912.0000, -154.0000,  0, 0, 0
L -955.0000, -892.0000, -155.0000,  -958.0000, -1033.0000, -154.0000,  0, 0, 0
L 1940.0000, 265.0000, -153.0000,  2042.0000, 264.0000, -153.0000,  178, 102, 255
L 1939.0000, 414.0000, -153.0000,  1940.0000, 265.0000, -153.0000,  178, 102, 255
L 1797.0000, 409.0000, -153.0000,  1939.0000, 414.0000, -153.0000,  178, 102, 255
L 1795.0000, 367.0000, -153.0000,  1797.0000, 409.0000, -153.0000,  178, 102, 255
L 1604.7000, 368.0000, -152.0000,  1795.0000, 367.0000, -153.0000,  178, 102, 255
L 712.0000, 228.0000, -146.0000,  636.0000, 216.0000, -146.0000,  150, 150, 150
L 779.0000, 215.0000, -146.0000,  712.0000, 228.0000, -146.0000,  150, 150, 150
L 839.0000, 180.0000, -146.0000,  779.0000, 215.0000, -146.0000,  150, 150, 150
L 884.0000, 120.0000, -146.0000,  839.0000, 180.0000, -146.0000,  150, 150, 150
L 894.0000, 94.0000, -146.0000,  884.0000, 120.0000, -146.0000,  150, 150, 150
L 901.0000, 67.0000, -146.0000,  894.0000, 94.0000, -146.0000,  150, 150, 150
L 902.0000, -2.0000, -146.0000,  901.0000, 67.0000, -146.0000,  150, 150, 150
L 877.0000, -70.0000, -146.0000,  902.0000, -2.0000, -146.0000,  150, 150, 150
L 836.0000, -118.0000, -146.0000,  877.0000, -70.0000, -146.0000,  150, 150, 150
L 779.0000, -153.0000, -146.0000,  836.0000, -118.0000, -146.0000,  150, 150, 150
L 707.0000, -166.0000, -146.0000,  779.0000, -153.0000, -146.0000,  150, 150, 150
L 640.0000, -155.0000, -146.0000,  707.0000, -166.0000, -146.0000,  150, 150, 150
L 577.0000, -118.0000, -146.0000,  640.0000, -155.0000, -146.0000,  150, 150, 150
L 532.0000, -61.0000, -146.0000,  577.0000, -118.0000, -146.0000,  150, 150, 150
L 511.0000, 0.0000, -146.0000,  532.0000, -61.0000, -146.0000,  150, 150, 150
L 512.0000, 67.0000, -146.0000,  511.0000, 0.0000, -146.0000,  150, 150, 150
L 535.0000, 130.0000, -146.0000,  512.0000, 67.0000, -146.0000,  150, 150, 150
L 580.0000, 186.0000, -146.0000,  535.0000, 130.0000, -146.0000,  150, 150, 150
L 636.0000, 216.0000, -146.0000,  580.0000, 186.0000, -146.0000,  150, 150, 150
L -282.0000, 2092.0000, -156.0000,  -402.0000, 2060.0000, -160.0000,  0, 0, 0
L -240.0000, 2082.0000, -156.0000,  -282.0000, 2092.0000, -156.0000,  0, 0, 0
L -238.0000, 2089.0000, -156.0000,  -240.0000, 2082.0000, -156.0000,  0, 0, 0
L -278.0000, 2100.0000, -156.0000,  -238.0000, 2089.0000, -156.0000,  0, 0, 0
L -277.0000, 2149.0000, -156.0000,  -278.0000, 2100.0000, -156.0000,  0, 0, 0
L -212.0000, 2245.0000, -156.0000,  -277.0000, 2149.0000, -156.0000,  0, 0, 0
L -209.0000, 2256.0000, -156.0000,  -212.0000, 2245.0000, -156.0000,  0, 0, 0
L -276.0000, 2274.0000, -156.0000,  -209.0000, 2256.0000, -156.0000,  0, 0, 0
L -270.0000, 2299.0000, -156.0000,  -276.0000, 2274.0000, -156.0000,  0, 0, 0
L -70.0000, 1971.0000, -156.0000,  -53.0000, 1908.0000, -160.0000,  0, 0, 0
L -158.0000, 2059.0000, -156.0000,  -70.0000, 1971.0000, -156.0000,  0, 0, 0
L -198.0000, 2072.0000, -156.0000,  -158.0000, 2059.0000, -156.0000,  0, 0, 0
L -195.0000, 2078.0000, -156.0000,  -198.0000, 2072.0000, -156.0000,  0, 0, 0
L -156.0000, 2068.0000, -156.0000,  -195.0000, 2078.0000, -156.0000,  0, 0, 0
L -132.0000, 2110.0000, -156.0000,  -156.0000, 2068.0000, -156.0000,  0, 0, 0
L -154.0000, 2229.0000, -156.0000,  -132.0000, 2110.0000, -156.0000,  0, 0, 0
L -149.0000, 2241.0000, -156.0000,  -154.0000, 2229.0000, -156.0000,  0, 0, 0
L -70.0000, 2219.0000, -156.0000,  -149.0000, 2241.0000, -156.0000,  0, 0, 0
L -64.0000, 2242.0000, -156.0000,  -70.0000, 2219.0000, -156.0000,  0, 0, 0
L -103.0000, 2252.0000, -156.0000,  -244.0000, 2291.0000, -156.0000,  0, 0, 0
L 2139.0000, 152.0000, -153.0000,  2139.0000, 263.0000, -153.0000,  178, 102, 255
L 1797.0000, 152.0000, -153.0000,  2139.0000, 152.0000, -153.0000,  178, 102, 255
L 1797.0000, 268.0000, -153.0000,  1797.0000, 152.0000, -153.0000,  178, 102, 255
L 1796.0000, 273.0000, -153.0000,  1797.0000, 268.0000, -153.0000,  178, 102, 255
L 1795.0000, 302.0000, -153.0000,  1796.0000, 273.0000, -153.0000,  178, 102, 255
L 1623.6000, 301.1000, -153.0000,  1795.0000, 302.0000, -153.0000,  178, 102, 255
L 910.0000, -1275.0000, -191.0000,  933.0000, -1275.0000, -191.0000,  0, 0, 0
L 909.0000, -1281.0000, -191.0000,  910.0000, -1275.0000, -191.0000,  0, 0, 0
L 934.0000, -1283.0000, -181.0000,  909.0000, -1281.0000, -191.0000,  0, 0, 0
L 943.0000, -1285.0000, -181.0000,  934.0000, -1283.0000, -181.0000,  0, 0, 0
L 942.0000, -1236.0000, -181.0000,  943.0000, -1285.0000, -181.0000,  0, 0, 0
L 1053.0000, -1236.0000, -181.0000,  942.0000, -1236.0000, -181.0000,  0, 0, 0
L 942.0000, -1422.0000, -181.0000,  1053.0000, -1422.0000, -181.0000,  0, 0, 0
L 933.0000, -1376.0000, -181.0000,  942.0000, -1377.0000, -181.0000,  0, 0, 0
L 895.0000, -1398.0000, -181.0000,  933.0000, -1398.0000, -181.0000,  0, 0, 0
L 943.0000, -1336.0000, -146.0000,  942.0000, -1402.0000, -146.0000,  0, 204, 0
L 991.0000, -1336.0000, -146.0000,  943.0000, -1336.0000, -146.0000,  0, 204, 0
L 992.0000, -1328.0000, -146.0000,  991.0000, -1336.0000, -146.0000,  0, 204, 0
L 943.0000, -1328.0000, -146.0000,  992.0000, -1328.0000, -146.0000,  0, 204, 0
L 945.0000, -1238.0000, -146.0000,  943.0000, -1328.0000, -146.0000,  0, 204, 0
L 1052.0000, -1238.0000, -146.0000,  945.0000, -1238.0000, -146.0000,  0, 204, 0
L 1052.0000, -1328.0000, -146.0000,  1052.0000, -1238.0000, -146.0000,  0, 204, 0
L 1005.0000, -1328.0000, -146.0000,  1052.0000, -1328.0000, -146.0000,  0, 204, 0
L 1005.0000, -1336.0000, -146.0000,  1005.0000, -1328.0000, -146.0000,  0, 204, 0
L 1052.0000, -1336.0000, -146.0000,  1005.0000, -1336.0000, -146.0000,  0, 204, 0
L 1052.0000, -1421.0000, -146.0000,  1052.0000, -1336.0000, -146.0000,  0, 204, 0
L 943.0000, -1421.0000, -146.0000,  1052.0000, -1421.0000, -146.0000,  0, 204, 0
L 942.0000, -1415.0000, -146.0000,  943.0000, -1421.0000, -146.0000,  0, 204, 0
L 1019.0000, -1336.0000, -181.0000,  942.0000, -1336.0000, -181.0000,  0, 0, 0
L 942.0000, -1327.0000, -181.0000,  1019.0000, -1327.0000, -181.0000,  0, 0, 0
L 942.0000, -1302.0000, -181.0000,  942.0000, -1327.0000, -181.0000,  0, 0, 0
L 933.0000, -1302.0000, -181.0000,  942.0000, -1302.0000, -181.0000,  0, 0, 0
L 909.0000, -1302.0000, -191.0000,  933.0000, -1302.0000, -181.0000,  0, 0, 0
L 909.0000, -1308.0000, -191.0000,  909.0000, -1302.0000, -191.0000,  0, 0, 0
L 933.0000, -1309.0000, -191.0000,  909.0000, -1308.0000, -191.0000,  0, 0, 0
L 933.0000, -1327.0000, -191.0000,  933.0000, -1309.0000, -191.0000,  0, 0, 0
L 860.0000, -1327.0000, -191.0000,  933.0000, -1327.0000, -191.0000,  0, 0, 0
L 828.0000, -1526.0000, -191.0000,  857.0000, -1544.0000, -192.0000,  0, 0, 255
L 810.0000, -1484.0000, -192.0000,  828.0000, -1526.0000, -191.0000,  0, 0, 255
L 813.0000, -1442.0000, -192.0000,  810.0000, -1484.0000, -192.0000,  0, 0, 255
L 805.0000, -1419.0000, -191.0000,  813.0000, -1442.0000, -192.0000,  0, 0, 255
L 772.0000, -1375.0000, -192.0000,  805.0000, -1419.0000, -191.0000,  0, 0, 255
L 753.0000, -1322.0000, -192.0000,  772.0000, -1375.0000, -192.0000,  0, 0, 255
L 732.0000, -1198.0000, -191.0000,  753.0000, -1322.0000, -192.0000,  0, 0, 255
L 718.0000, -1122.0000, -192.0000,  732.0000, -1198.0000, -191.0000,  0, 0, 255
L 728.0000, -1105.0000, -192.0000,  718.0000, -1122.0000, -192.0000,  0, 0, 255
L 759.0000, -1079.0000, -192.0000,  728.0000, -1105.0000, -192.0000,  0, 0, 255
L 884.0000, -1065.0000, -191.0000,  759.0000, -1079.0000, -192.0000,  0, 0, 255
L 905.0000, -1047.0000, -194.0000,  884.0000, -1065.0000, -191.0000,  0, 0, 255
L 923.0000, -996.0000, -191.0000,  905.0000, -1047.0000, -194.0000,  0, 0, 255
L 963.0000, -961.0000, -191.0000,  923.0000, -996.0000, -191.0000,  0, 0, 255
L 999.0000, -961.0000, -193.0000,  963.0000, -961.0000, -191.0000,  0, 0, 255
L 1029.0000, -979.0000, -192.0000,  999.0000, -961.0000, -193.0000,  0, 0, 255
L 1053.0000, -1013.0000, -192.0000,  1029.0000, -979.0000, -192.0000,  0, 0, 255
L 1088.0000, -1098.0000, -192.0000,  1053.0000, -1013.0000, -192.0000,  0, 0, 255
L 1102.0000, -1162.0000, -191.0000,  1088.0000, -1098.0000, -192.0000,  0, 0, 255
L 1138.0000, -1236.0000, -190.0000,  1102.0000, -1162.0000, -191.0000,  0, 0, 255
L 1176.0000, -1283.0000, -192.0000,  1138.0000, -1236.0000, -190.0000,  0, 0, 255
L 1225.0000, -1355.0000, -190.0000,  1176.0000, -1283.0000, -192.0000,  0, 0, 255
L 1305.0000, -1387.0000, -191.0000,  1225.0000, -1355.0000, -190.0000,  0, 0, 255
L 1362.0000, -1412.0000, -195.0000,  1305.0000, -1387.0000, -191.0000,  0, 0, 255
L 1367.0000, -1540.0000, -191.0000,  1362.0000, -1412.0000, -195.0000,  0, 0, 255
L 1296.0000, -1596.0000, -191.0000,  1367.0000, -1540.0000, -191.0000,  0, 0, 255
L 1217.0000, -1638.0000, -193.0000,  1296.0000, -1596.0000, -191.0000,  0, 0, 255
L 1145.0000, -1631.0000, -191.0000,  1217.0000, -1638.0000, -193.0000,  0, 0, 255
L 1036.0000, -1609.0000, -189.0000,  1145.0000, -1631.0000, -191.0000,  0, 0, 255
L 1004.0000, -1596.0000, -192.0000,  1036.0000, -1609.0000, -189.0000,  0, 0, 255
L 920.0000, -1552.0000, -191.0000,  1004.0000, -1596.0000, -192.0000,  0, 0, 255
L 893.0000, -1552.0000, -191.0000,  920.0000, -1552.0000, -191.0000,  0, 0, 255
L 857.0000, -1544.0000, -192.0000,  893.0000, -1552.0000, -191.0000,  0, 0, 255
L -584.0000, -1535.0000, -152.0000,  -596.0000, -1535.0000, -152.0000,  0, 0, 0
L -583.0000, -1615.0000, -152.0000,  -584.0000, -1535.0000, -152.0000,  0, 0, 0
L -549.0000, -1616.0000, -153.0000,  -583.0000, -1615.0000, -152.0000,  0, 0, 0
L -549.0000, -1625.0000, -153.0000,  -549.0000, -1616.0000, -153.0000,  0, 0, 0
L -426.0000, -1621.0000, -153.0000,  -549.0000, -1625.0000, -153.0000,  0, 0, 0
L -426.0000, -1609.0000, -153.0000,  -426.0000, -1621.0000, -153.0000,  0, 0, 0
L -413.0000, -1608.0000, -153.0000,  -426.0000, -1609.0000, -153.0000,  0, 0, 0
L -411.0000, -1634.0000, -153.0000,  -413.0000, -1608.0000, -153.0000,  0, 0, 0
L -552.0000, -1637.0000, -153.0000,  -411.0000, -1634.0000, -153.0000,  0, 0, 0
L -552.0000, -1629.0000, -153.0000,  -552.0000, -1637.0000, -153.0000,  0, 0, 0
L -596.0000, -1629.0000, -153.0000,  -552.0000, -1629.0000, -153.0000,  0, 0, 0
L -596.0000, -1535.0000, -152.0000,  -596.0000, -1629.0000, -153.0000,  0, 0, 0
L -597.0000, -1521.0000, -152.0000,  -595.0000, -1375.0000, -157.0000,  0, 0, 0
L -584.0000, -1521.0000, -152.0000,  -597.0000, -1521.0000, -152.0000,  0, 0, 0
L -583.0000, -1489.0000, -152.0000,  -584.0000, -1521.0000, -152.0000,  0, 0, 0
L -485.0000, -1488.0000, -149.0000,  -583.0000, -1489.0000, -152.0000,  0, 0, 0
L -485.0000, -1476.0000, -149.0000,  -485.0000, -1488.0000, -149.0000,  0, 0, 0
L -583.0000, -1475.0000, -152.0000,  -485.0000, -1476.0000, -149.0000,  0, 0, 0
L -584.0000, -1389.0000, -152.0000,  -583.0000, -1475.0000, -152.0000,  0, 0, 0
L -428.0000, -1392.0000, -147.0000,  -584.0000, -1389.0000, -152.0000,  0, 0, 0
L -428.0000, -1475.0000, -147.0000,  -428.0000, -1392.0000, -147.0000,  0, 0, 0
L -471.0000, -1474.0000, -149.0000,  -428.0000, -1475.0000, -147.0000,  0, 0, 0
L -471.0000, -1488.0000, -149.0000,  -471.0000, -1474.0000, -149.0000,  0, 0, 0
L -428.0000, -1489.0000, -147.0000,  -471.0000, -1488.0000, -149.0000,  0, 0, 0
L -427.0000, -1492.0000, -152.0000,  -428.0000, -1489.0000, -147.0000,  0, 0, 0
L -427.0000, -1593.0000, -153.0000,  -427.0000, -1492.0000, -152.0000,  0, 0, 0
L -414.0000, -1594.0000, -153.0000,  -427.0000, -1593.0000, -153.0000,  0, 0, 0
L -413.0000, -1536.0000, -154.0000,  -414.0000, -1594.0000, -153.0000,  0, 0, 0
L -415.0000, -1375.0000, -153.0000,  -413.0000, -1536.0000, -154.0000,  0, 0, 0
L -595.0000, -1375.0000, -157.0000,  -415.0000, -1375.0000, -153.0000,  0, 0, 0
L -723.0000, -1062.0000, -152.0000,  -724.0000, -1049.0000, -156.0000,  0, 0, 0
L -788.0000, -1063.0000, -152.0000,  -723.0000, -1062.0000, -152.0000,  0, 0, 0
L -788.0000, -1289.0000, -152.0000,  -788.0000, -1063.0000, -152.0000,  0, 0, 0
L -727.0000, -1290.0000, -152.0000,  -788.0000, -1289.0000, -152.0000,  0, 0, 0
L -725.0000, -1302.0000, -153.0000,  -727.0000, -1290.0000, -152.0000,  0, 0, 0
L -801.0000, -1302.0000, -153.0000,  -725.0000, -1302.0000, -153.0000,  0, 0, 0
L -801.0000, -1050.0000, -153.0000,  -801.0000, -1302.0000, -153.0000,  0, 0, 0
L -723.0000, -1050.0000, -156.0000,  -801.0000, -1050.0000, -153.0000,  0, 0, 0
L -549.0000, -1042.0000, -155.0000,  -550.0000, -1030.0000, -154.0000,  0, 0, 0
L -601.0000, -1044.0000, -146.0000,  -549.0000, -1042.0000, -155.0000,  0, 0, 0
L -601.0000, -1079.0000, -151.0000,  -601.0000, -1044.0000, -146.0000,  0, 0, 0
L -614.0000, -1080.0000, -153.0000,  -601.0000, -1079.0000, -151.0000,  0, 0, 0
L -615.0000, -1044.0000, -148.0000,  -614.0000, -1080.0000, -153.0000,  0, 0, 0
L -733.0000, -1044.0000, -155.0000,  -615.0000, -1044.0000, -148.0000,  0, 0, 0
L -735.0000, -1032.0000, -154.0000,  -733.0000, -1044.0000, -155.0000,  0, 0, 0
L -551.0000, -1029.0000, -154.0000,  -735.0000, -1032.0000, -154.0000,  0, 0, 0
L -546.0000, -1049.0000, -156.0000,  -498.0000, -1049.0000, -160.0000,  0, 0, 0
L -547.0000, -1061.0000, -154.0000,  -546.0000, -1049.0000, -156.0000,  0, 0, 0
L -512.0000, -1063.0000, -152.0000,  -547.0000, -1061.0000, -154.0000,  0, 0, 0
L -512.0000, -1189.0000, -152.0000,  -512.0000, -1063.0000, -152.0000,  0, 0, 0
L -577.0000, -1189.0000, -152.0000,  -512.0000, -1189.0000, -152.0000,  0, 0, 0
L -577.0000, -1202.0000, -152.0000,  -577.0000, -1189.0000, -152.0000,  0, 0, 0
L -512.0000, -1203.0000, -152.0000,  -577.0000, -1202.0000, -152.0000,  0, 0, 0
L -512.0000, -1289.0000, -152.0000,  -512.0000, -1203.0000, -152.0000,  0, 0, 0
L -598.0000, -1289.0000, -152.0000,  -512.0000, -1289.0000, -152.0000,  0, 0, 0
L -598.0000, -1208.0000, -152.0000,  -598.0000, -1289.0000, -152.0000,  0, 0, 0
L -592.0000, -1202.0000, -152.0000,  -598.0000, -1208.0000, -152.0000,  0, 0, 0
L -591.0000, -1190.0000, -152.0000,  -592.0000, -1202.0000, -152.0000,  0, 0, 0
L -598.0000, -1189.0000, -152.0000,  -591.0000, -1190.0000, -152.0000,  0, 0, 0
L -599.0000, -1156.0000, -152.0000,  -598.0000, -1189.0000, -152.0000,  0, 0, 0
L -611.0000, -1158.0000, -152.0000,  -599.0000, -1156.0000, -152.0000,  0, 0, 0
L -612.0000, -1289.0000, -152.0000,  -611.0000, -1158.0000, -152.0000,  0, 0, 0
L -712.0000, -1289.0000, -152.0000,  -612.0000, -1289.0000, -152.0000,  0, 0, 0
L -712.0000, -1302.0000, -153.0000,  -712.0000, -1289.0000, -152.0000,  0, 0, 0
L -500.0000, -1303.0000, -153.0000,  -712.0000, -1302.0000, -153.0000,  0, 0, 0
L -498.0000, -1083.0000, -160.0000,  -500.0000, -1303.0000, -153.0000,  0, 0, 0
L 151.0000, -1605.0000, -154.0000,  173.0000, -1524.0000, -158.0000,  150, 150, 150
L 94.0000, -1661.0000, -156.0000,  151.0000, -1605.0000, -154.0000,  150, 150, 150
L 19.0000, -1686.0000, -155.0000,  94.0000, -1661.0000, -156.0000,  150, 150, 150
L -64.0000, -1665.0000, -154.0000,  19.0000, -1686.0000, -155.0000,  150, 150, 150
L -125.0000, -1593.0000, -154.0000,  -64.0000, -1665.0000, -154.0000,  150, 150, 150
L -143.0000, -1525.0000, -160.0000,  -125.0000, -1593.0000, -154.0000,  150, 150, 150
L -122.0000, -1447.0000, -162.0000,  -143.0000, -1525.0000, -160.0000,  150, 150, 150
L -64.0000, -1388.0000, -158.0000,  -122.0000, -1447.0000, -162.0000,  150, 150, 150
L 14.0000, -1366.0000, -154.0000,  -64.0000, -1388.0000, -158.0000,  150, 150, 150
L 94.0000, -1387.0000, -156.0000,  14.0000, -1366.0000, -154.0000,  150, 150, 150
L 152.0000, -1445.0000, -159.0000,  94.0000, -1387.0000, -156.0000,  150, 150, 150
L 173.0000, -1524.0000, -158.0000,  152.0000, -1445.0000, -159.0000,  150, 150, 150
L -816.0000, -1787.0000, 26.0000,  -788.0000, -1787.0000, 25.0000,  0, 0, 0
L -863.0000, -1782.0000, 21.0000,  -816.0000, -1787.0000, 26.0000,  0, 0, 0
L -936.0000, -1776.6000, 25.0000,  -863.0000, -1782.0000, 21.0000,  0, 0, 0
L -937.0000, -1034.0000, -154.0000,  -958.0000, -1033.0000, -154.0000,  0, 0, 0
L -937.0000, -913.0000, -154.0000,  -937.0000, -1034.0000, -154.0000,  0, 0, 0
L -437.0000, -912.0000, -154.0000,  -937.0000, -913.0000, -154.0000,  0, 0, 0
L -198.0000, -919.0000, -154.0000,  -200.0000, -898.0000, -154.0000,  0, 0, 0
L -76.0000, -914.0000, -158.0000,  -198.0000, -919.0000, -154.0000,  0, 0, 0
L -69.0000, -916.0000, -157.0000,  -76.0000, -914.0000, -158.0000,  0, 0, 0
L 199.0000, -916.0000, -147.0000,  -69.0000, -916.0000, -157.0000,  0, 0, 0
L 199.0000, -1743.0000, -149.0000,  199.0000, -916.0000, -147.0000,  0, 0, 0
L 194.0000, -1805.0000, -25.0000,  199.0000, -1743.0000, -149.0000,  0, 0, 0
L 155.0000, -1805.0000, -47.0000,  194.0000, -1805.0000, -25.0000,  0, 0, 0
L 68.0000, -1805.0000, -19.0000,  155.0000, -1805.0000, -47.0000,  0, 0, 0
L -11.0000, -1813.0000, 27.0000,  68.0000, -1805.0000, -19.0000,  0, 0, 0
L -46.0000, -1823.0000, 21.0000,  -11.0000, -1813.0000, 27.0000,  0, 0, 0
L -125.0000, -1829.0000, -51.0000,  -46.0000, -1823.0000, 21.0000,  0, 0, 0
L -170.0000, -1825.0000, -82.0000,  -125.0000, -1829.0000, -51.0000,  0, 0, 0
L -257.0000, -1825.0000, -66.0000,  -170.0000, -1825.0000, -82.0000,  0, 0, 0
L -348.0000, -1816.0000, -51.0000,  -257.0000, -1825.0000, -66.0000,  0, 0, 0
L -435.0000, -1815.0000, -36.0000,  -348.0000, -1816.0000, -51.0000,  0, 0, 0
L -524.0000, -1805.0000, -12.0000,  -435.0000, -1815.0000, -36.0000,  0, 0, 0
L -568.0000, -1805.0000, -3.0000,  -524.0000, -1805.0000, -12.0000,  0, 0, 0
L -656.0000, -1801.0000, -4.0000,  -568.0000, -1805.0000, -3.0000,  0, 0, 0
L -737.0000, -1793.0000, 23.0000,  -656.0000, -1801.0000, -4.0000,  0, 0, 0
L -788.0000, -1787.0000, 25.0000,  -737.0000, -1793.0000, 23.0000,  0, 0, 0
L -1813.0000, -764.0000, -41.0000,  -1825.4000, -906.3000, -52.1000,  0, 0, 0
L -1812.0000, -673.0000, 21.0000,  -1813.0000, -764.0000, -41.0000,  0, 0, 0
L -1824.0000, -535.0000, 20.0000,  -1812.0000, -673.0000, 21.0000,  0, 0, 0
L -1828.0000, -490.0000, 9.0000,  -1824.0000, -535.0000, 20.0000,  0, 0, 0
L -1854.0000, -372.0000, -17.0000,  -1828.0000, -490.0000, 9.0000,  0, 0, 0
L -1850.0000, -301.0000, -41.0000,  -1854.0000, -372.0000, -17.0000,  0, 0, 0
L -1843.0000, -234.0000, -43.0000,  -1850.0000, -301.0000, -41.0000,  0, 0, 0
L -1812.0000, -140.0000, -69.0000,  -1843.0000, -234.0000, -43.0000,  0, 0, 0
L -1796.0000, -64.0000, -78.0000,  -1812.0000, -140.0000, -69.0000,  0, 0, 0
L -1789.0000, 68.0000, -61.0000,  -1796.0000, -64.0000, -78.0000,  0, 0, 0
L -1789.0000, 104.0000, -44.0000,  -1789.0000, 68.0000, -61.0000,  0, 0, 0
L -1791.0000, 244.0000, 16.0000,  -1789.0000, 104.0000, -44.0000,  0, 0, 0
L -1797.0000, 330.0000, 19.0000,  -1791.0000, 244.0000, 16.0000,  0, 0, 0
L -1798.0000, 418.0000, 42.0000,  -1797.0000, 330.0000, 19.0000,  0, 0, 0
L -1794.0000, 507.0000, 41.0000,  -1798.0000, 418.0000, 42.0000,  0, 0, 0
L -1790.0000, 599.0000, 13.0000,  -1794.0000, 507.0000, 41.0000,  0, 0, 0
L -1808.0000, 732.0000, -6.0000,  -1790.0000, 599.0000, 13.0000,  0, 0, 0
L -1828.0000, 819.0000, -33.0000,  -1808.0000, 732.0000, -6.0000,  0, 0, 0
L -1863.0000, 941.0000, -45.0000,  -1828.0000, 819.0000, -33.0000,  0, 0, 0
L -1885.0000, 1014.0000, -13.0000,  -1863.0000, 941.0000, -45.0000,  0, 0, 0
L -1899.0000, 1127.0000, 36.0000,  -1885.0000, 1014.0000, -13.0000,  0, 0, 0
L -1902.0000, 1185.0000, 63.0000,  -1899.0000, 1127.0000, 36.0000,  0, 0, 0
L -1887.0000, 1258.0000, 73.0000,  -1902.0000, 1185.0000, 63.0000,  0, 0, 0
L -1831.0000, 1385.0000, 3.0000,  -1887.0000, 1258.0000, 73.0000,  0, 0, 0
L -1803.0000, 1446.0000, -35.0000,  -1831.0000, 1385.0000, 3.0000,  0, 0, 0
L -1767.0000, 1550.0000, -51.0000,  -1803.0000, 1446.0000, -35.0000,  0, 0, 0
L -1756.0000, 1587.0000, -49.0000,  -1767.0000, 1550.0000, -51.0000,  0, 0, 0
L -1716.0000, 1635.0000, -85.0000,  -1756.0000, 1587.0000, -49.0000,  0, 0, 0
L -1675.0000, 1656.0000, -107.0000,  -1716.0000, 1635.0000, -85.0000,  0, 0, 0
L -1586.0000, 1658.0000, -108.0000,  -1675.0000, 1656.0000, -107.0000,  0, 0, 0
L -1529.0000, 1615.0000, -119.0000,  -1586.0000, 1658.0000, -108.0000,  0, 0, 0
L -1448.0000, 1555.0000, -56.0000,  -1529.0000, 1615.0000, -119.0000,  0, 0, 0
L -1395.0000, 1510.0000, -43.0000,  -1448.0000, 1555.0000, -56.0000,  0, 0, 0
L -1328.0000, 1463.0000, -79.0000,  -1395.0000, 1510.0000, -43.0000,  0, 0, 0
L -1268.0000, 1447.0000, -120.0000,  -1328.0000, 1463.0000, -79.0000,  0, 0, 0
L -1236.0000, 1454.0000, -133.0000,  -1268.0000, 1447.0000, -120.0000,  0, 0, 0
L -1181.0000, 1481.0000, -142.0000,  -1236.0000, 1454.0000, -133.0000,  0, 0, 0
L -1144.0000, 1544.0000, -105.0000,  -1181.0000, 1481.0000, -142.0000,  0, 0, 0
L -1130.0000, 1599.0000, -87.0000,  -1144.0000, 1544.0000, -105.0000,  0, 0, 0
L -1120.0000, 1640.0000, -83.0000,  -1130.0000, 1599.0000, -87.0000,  0, 0, 0
L -1040.0000, 1675.0000, -87.0000,  -1120.0000, 1640.0000, -83.0000,  0, 0, 0
L -990.0000, 1700.0000, -90.0000,  -1040.0000, 1675.0000, -87.0000,  0, 0, 0
L -949.0000, 1723.0000, -85.0000,  -990.0000, 1700.0000, -90.0000,  0, 0, 0
L -850.0000, 1740.0000, -106.0000,  -949.0000, 1723.0000, -85.0000,  0, 0, 0
L -792.0000, 1756.0000, -98.0000,  -850.0000, 1740.0000, -106.0000,  0, 0, 0
L -738.0000, 1776.0000, -76.0000,  -792.0000, 1756.0000, -98.0000,  0, 0, 0
L -675.0000, 1781.0000, -72.0000,  -738.0000, 1776.0000, -76.0000,  0, 0, 0
L -584.0000, 1781.0000, -85.0000,  -675.0000, 1781.0000, -72.0000,  0, 0, 0
L -527.0000, 1788.0000, -90.0000,  -584.0000, 1781.0000, -85.0000,  0, 0, 0
L -521.0000, 1813.0000, -60.0000,  -527.0000, 1788.0000, -90.0000,  0, 0, 0
L -497.0000, 1724.0000, -155.0000,  -521.0000, 1813.0000, -60.0000,  0, 0, 0
L -406.0000, 1632.0000, -160.0000,  -497.0000, 1724.0000, -155.0000,  0, 0, 0
L -155.0000, 1632.0000, -158.0000,  -280.0000, 1598.0000, -160.0000,  0, 0, 0
L -51.0000, 1729.0000, -62.0000,  -155.0000, 1632.0000, -158.0000,  0, 0, 0
L -12.0000, 1723.0000, -39.0000,  -51.0000, 1729.0000, -62.0000,  0, 0, 0
L 0.0000, 1642.0000, -89.0000,  -12.0000, 1723.0000, -39.0000,  0, 0, 0
L 35.0000, 1607.0000, -69.0000,  0.0000, 1642.0000, -89.0000,  0, 0, 0
L 68.0000, 1546.0000, -88.0000,  35.0000, 1607.0000, -69.0000,  0, 0, 0
L 129.0000, 1541.0000, -18.0000,  68.0000, 1546.0000, -88.0000,  0, 0, 0
L 198.0000, 1559.0000, 54.0000,  129.0000, 1541.0000, -18.0000,  0, 0, 0
L 240.0000, 1577.0000, 55.0000,  198.0000, 1559.0000, 54.0000,  0, 0, 0
L 305.0000, 1602.0000, 13.0000,  240.0000, 1577.0000, 55.0000,  0, 0, 0
L 323.0000, 1607.0000, 1.0000,  305.0000, 1602.0000, 13.0000,  0, 0, 0
L 399.0000, 1654.0000, 24.0000,  323.0000, 1607.0000, 1.0000,  0, 0, 0
L 414.0000, 1674.0000, 17.0000,  399.0000, 1654.0000, 24.0000,  0, 0, 0
L 434.0000, 1701.0000, -8.0000,  414.0000, 1674.0000, 17.0000,  0, 0, 0
L 464.0000, 1739.0000, -57.0000,  434.0000, 1701.0000, -8.0000,  0, 0, 0
L 491.0000, 1763.0000, -85.0000,  464.0000, 1739.0000, -57.0000,  0, 0, 0
L 522.0000, 1791.0000, -76.0000,  491.0000, 1763.0000, -85.0000,  0, 0, 0
L 570.0000, 1835.0000, 11.0000,  522.0000, 1791.0000, -76.0000,  0, 0, 0
L 659.0000, 1844.0000, -24.0000,  570.0000, 1835.0000, 11.0000,  0, 0, 0
L 720.0000, 1845.0000, -52.0000,  659.0000, 1844.0000, -24.0000,  0, 0, 0
L 811.0000, 1853.0000, -68.0000,  720.0000, 1845.0000, -52.0000,  0, 0, 0
L 900.0000, 1844.0000, -91.0000,  811.0000, 1853.0000, -68.0000,  0, 0, 0
L 987.0000, 1844.0000, -84.0000,  900.0000, 1844.0000, -91.0000,  0, 0, 0
L 1063.0000, 1847.0000, -74.0000,  987.0000, 1844.0000, -84.0000,  0, 0, 0
L 1202.0000, 1839.0000, -111.0000,  1063.0000, 1847.0000, -74.0000,  0, 0, 0
L 1264.0000, 1838.0000, -88.0000,  1202.0000, 1839.0000, -111.0000,  0, 0, 0
L 1325.0000, 1833.0000, -46.0000,  1264.0000, 1838.0000, -88.0000,  0, 0, 0
L 1374.0000, 1826.0000, -24.0000,  1325.0000, 1833.0000, -46.0000,  0, 0, 0
L 1447.0000, 1805.0000, -36.0000,  1374.0000, 1826.0000, -24.0000,  0, 0, 0
L 1499.0000, 1795.0000, -35.0000,  1447.0000, 1805.0000, -36.0000,  0, 0, 0
L 1573.0000, 1785.0000, -47.0000,  1499.0000, 1795.0000, -35.0000,  0, 0, 0
L 1655.0000, 1767.0000, -71.0000,  1573.0000, 1785.0000, -47.0000,  0, 0, 0
L 1710.0000, 1724.0000, -56.0000,  1655.0000, 1767.0000, -71.0000,  0, 0, 0
L 1742.0000, 1642.0000, -44.0000,  1710.0000, 1724.0000, -56.0000,  0, 0, 0
L 1770.0000, 1593.0000, -25.0000,  1742.0000, 1642.0000, -44.0000,  0, 0, 0
L 1775.0000, 1527.0000, -24.0000,  1770.0000, 1593.0000, -25.0000,  0, 0, 0
L 1779.0000, 1465.0000, 1.0000,  1775.0000, 1527.0000, -24.0000,  0, 0, 0
L 1783.0000, 1401.0000, 23.0000,  1779.0000, 1465.0000, 1.0000,  0, 0, 0
L 1787.0000, 1344.0000, -7.0000,  1783.0000, 1401.0000, 23.0000,  0, 0, 0
L 1798.0000, 1259.0000, -60.0000,  1787.0000, 1344.0000, -7.0000,  0, 0, 0
L 1818.0000, 1179.0000, -79.0000,  1798.0000, 1259.0000, -60.0000,  0, 0, 0
L 1819.0000, 1138.0000, -76.0000,  1818.0000, 1179.0000, -79.0000,  0, 0, 0
L 1819.0000, 1066.0000, -67.0000,  1819.0000, 1138.0000, -76.0000,  0, 0, 0
L 1820.0000, 975.0000, -93.0000,  1819.0000, 1066.0000, -67.0000,  0, 0, 0
L 1820.0000, 893.0000, -92.0000,  1820.0000, 975.0000, -93.0000,  0, 0, 0
L 1812.0000, 833.0000, -81.0000,  1820.0000, 893.0000, -92.0000,  0, 0, 0
L 1792.0000, 772.0000, -77.0000,  1812.0000, 833.0000, -81.0000,  0, 0, 0
L 1726.0000, 758.0000, -87.0000,  1792.0000, 772.0000, -77.0000,  0, 0, 0
L 1635.0000, 714.0000, 19.0000,  1726.0000, 758.0000, -87.0000,  0, 0, 0
L 1597.0000, 679.0000, 51.0000,  1635.0000, 714.0000, 19.0000,  0, 0, 0
L 1575.0000, 651.0000, 32.0000,  1597.0000, 679.0000, 51.0000,  0, 0, 0
L 1561.0000, 615.0000, -7.0000,  1575.0000, 651.0000, 32.0000,  0, 0, 0
L 1576.0000, 564.0000, -34.0000,  1561.0000, 615.0000, -7.0000,  0, 0, 0
L 1603.0000, 527.0000, -28.0000,  1576.0000, 564.0000, -34.0000,  0, 0, 0
L 1664.0000, 465.0000, -26.0000,  1603.0000, 527.0000, -28.0000,  0, 0, 0
L 1710.0000, 421.0000, -27.0000,  1664.0000, 465.0000, -26.0000,  0, 0, 0
L 1757.0000, 339.0000, -6.0000,  1710.0000, 421.0000, -27.0000,  0, 0, 0
L 1759.0000, 248.0000, 6.0000,  1757.0000, 339.0000, -6.0000,  0, 0, 0
L 1761.0000, 169.0000, 29.0000,  1759.0000, 248.0000, 6.0000,  0, 0, 0
L 1770.0000, 65.0000, 29.0000,  1761.0000, 169.0000, 29.0000,  0, 0, 0
L 1777.0000, 21.0000, 20.0000,  1770.0000, 65.0000, 29.0000,  0, 0, 0
L 1792.0000, -63.0000, 20.0000,  1777.0000, 21.0000, 20.0000,  0, 0, 0
L 1796.0000, -138.0000, 27.0000,  1792.0000, -63.0000, 20.0000,  0, 0, 0
L 1808.0000, -214.0000, 32.0000,  1796.0000, -138.0000, 27.0000,  0, 0, 0
L 1808.0000, -258.0000, 19.0000,  1808.0000, -214.0000, 32.0000,  0, 0, 0
L 1798.0000, -352.0000, -4.0000,  1808.0000, -258.0000, 19.0000,  0, 0, 0
L 1790.0000, -446.0000, -2.0000,  1798.0000, -352.0000, -4.0000,  0, 0, 0
L 1790.0000, -541.0000, 18.0000,  1790.0000, -446.0000, -2.0000,  0, 0, 0
L 1788.0000, -584.0000, 32.0000,  1790.0000, -541.0000, 18.0000,  0, 0, 0
L 1773.0000, -653.0000, 1.0000,  1788.0000, -584.0000, 32.0000,  0, 0, 0
L 1763.0000, -741.0000, 0.0000,  1773.0000, -653.0000, 1.0000,  0, 0, 0
L 1764.0000, -781.0000, 20.0000,  1763.0000, -736.0000, 0.0000,  0, 0, 0
L 1766.0000, -871.0000, 18.0000,  1764.0000, -781.0000, 20.0000,  0, 0, 0
L 1767.0000, -956.0000, -1.0000,  1766.0000, -871.0000, 18.0000,  0, 0, 0
L 1755.0000, -1046.0000, -37.0000,  1767.0000, -956.0000, -1.0000,  0, 0, 0
L 1743.0000, -1135.0000, -44.0000,  1755.0000, -1046.0000, -37.0000,  0, 0, 0
L 1723.0000, -1207.0000, -32.0000,  1743.0000, -1135.0000, -44.0000,  0, 0, 0
L 1696.0000, -1266.0000, 8.0000,  1723.0000, -1207.0000, -32.0000,  0, 0, 0
L 1679.0000, -1341.0000, 38.0000,  1696.0000, -1266.0000, 8.0000,  0, 0, 0
L 1672.0000, -1426.0000, 34.0000,  1679.0000, -1341.0000, 38.0000,  0, 0, 0
L 1669.0000, -1521.0000, 16.0000,  1672.0000, -1426.0000, 34.0000,  0, 0, 0
L 1648.0000, -1606.0000, 0.0000,  1669.0000, -1521.0000, 16.0000,  0, 0, 0
L 1622.0000, -1657.0000, 4.0000,  1648.0000, -1606.0000, 0.0000,  0, 0, 0
L 1558.0000, -1704.0000, -16.0000,  1622.0000, -1657.0000, 4.0000,  0, 0, 0
L 1476.0000, -1748.0000, -19.0000,  1558.0000, -1704.0000, -16.0000,  0, 0, 0
L 1405.0000, -1780.0000, 29.0000,  1476.0000, -1748.0000, -19.0000,  0, 0, 0
L 1269.0000, -1810.0000, 25.0000,  1405.0000, -1780.0000, 29.0000,  0, 0, 0
L 1176.0000, -1825.0000, 14.0000,  1269.0000, -1810.0000, 25.0000,  0, 0, 0
L 1096.0000, -1842.0000, 24.0000,  1176.0000, -1825.0000, 14.0000,  0, 0, 0
L 994.0000, -1865.0000, -4.0000,  1096.0000, -1842.0000, 24.0000,  0, 0, 0
L 900.0000, -1870.0000, 12.0000,  994.0000, -1865.0000, -4.0000,  0, 0, 0
L 810.0000, -1867.0000, 13.0000,  900.0000, -1870.0000, 12.0000,  0, 0, 0
L 717.0000, -1861.0000, 17.0000,  810.0000, -1867.0000, 13.0000,  0, 0, 0
L 622.0000, -1863.0000, 16.0000,  717.0000, -1861.0000, 17.0000,  0, 0, 0
L 544.0000, -1865.0000, 0.0000,  622.0000, -1863.0000, 16.0000,  0, 0, 0
L 445.0000, -1855.0000, -5.0000,  544.0000, -1865.0000, 0.0000,  0, 0, 0
L 329.0000, -1833.0000, 50.0000,  445.0000, -1855.0000, -5.0000,  0, 0, 0
L 226.0000, -1810.0000, 0.0000,  329.0000, -1833.0000, 50.0000,  0, 0, 0
L 224.0000, -1789.0000, -57.0000,  226.0000, -1810.0000, 0.0000,  0, 0, 0
L 220.0000, -1783.0000, -72.0000,  224.0000, -1789.0000, -57.0000,  0, 0, 0
L 219.0000, -895.0000, -149.0000,  219.9000, -1662.5000, -82.4000,  0, 0, 0
L -60.0000, -895.0000, -154.0000,  219.0000, -895.0000, -149.0000,  0, 0, 0
L -62.0000, -892.0000, -154.0000,  -60.0000, -895.0000, -154.0000,  0, 0, 0
L -200.0000, -898.0000, -154.0000,  -62.0000, -892.0000, -154.0000,  0, 0, 0
L -955.0000, -892.0000, -155.0000,  -438.0000, -891.0000, -154.0000,  0, 0, 0
L -958.0000, -1704.0000, -70.0000,  -958.0000, -1201.0000, -154.0000,  0, 0, 0
L -965.0000, -1727.0000, -50.0000,  -958.0000, -1704.0000, -70.0000,  0, 0, 0
L -965.0000, -1788.0000, 27.0000,  -965.0000, -1727.0000, -50.0000,  0, 0, 0
L -1073.0000, -1785.0000, 11.0000,  -965.0000, -1788.0000, 27.0000,  0, 0, 0
L -1197.0000, -1775.0000, 44.0000,  -1073.0000, -1785.0000, 11.0000,  0, 0, 0
L -1395.0000, -1726.0000, 48.0000,  -1197.0000, -1775.0000, 44.0000,  0, 0, 0
L -1530.0000, -1707.0000, 15.0000,  -1395.0000, -1726.0000, 48.0000,  0, 0, 0
L -1648.0000, -1658.0000, 0.0000,  -1530.0000, -1707.0000, 15.0000,  0, 0, 0
L -1778.0000, -1572.0000, 53.0000,  -1648.0000, -1658.0000, 0.0000,  0, 0, 0
L -1750.0000, -1419.0000, 12.0000,  -1778.0000, -1572.0000, 53.0000,  0, 0, 0
L -1763.0000, -1233.0000, -15.0000,  -1750.0000, -1419.0000, 12.0000,  0, 0, 0
L -1854.4000, -974.5000, -49.0000,  -1763.0000, -1233.0000, -15.0000,  0, 0, 0
